<?xml version="1.0" encoding="UTF-8"?>
<TXLife
	xmlns="http://ACORD.org/Standards/Life/2"
	xmlns:xsd="http://www.w3.org/2001/XMLSchema"
	xmlns:xsi="http://www.w3.org/2001/XMLSchema-instance" xsi:schemaLocation="http://ACORD.org/Standards/Life/2 ../xsd/TXLife2.9.00.xsd">
	<UserAuthResponse>
		<TransResult>
			<ResultCode tc="1">Success</ResultCode>
		</TransResult>
		<SvrDate>2020-01-28</SvrDate>
		<SvrTime>08:03:41+08:00</SvrTime>
	</UserAuthResponse>
	<TXLifeResponse>
		<TransType tc="OccupationTableInquiry"/>
		<TransResult>
			<ResultCode tc="1"/>
			<ResultInfo>
				<ResultInfoDesc/>
			</ResultInfo>
		</TransResult>
		<OLifE>
			<ReturnCds>
				<LsirReturnCd>00</LsirReturnCd>
				<MirRetrnCd>00</MirRetrnCd>
			</ReturnCds>
			<OccupationTableData>
				<MirCommonFields>
					<MirOccpId>ANALYST</MirOccpId>
					<MirOccpPlanId>FL1P0A</MirOccpPlanId>
					<MirSstdRatQty>00.00000</MirSstdRatQty>
					<MirUwgDecnCdG>
						<MirUwgDecnCdT>S</MirUwgDecnCdT>
					</MirUwgDecnCdG>
				</MirCommonFields>
			</OccupationTableData>
		</OLifE>
	</TXLifeResponse>
</TXLife>
