<?xml version="1.0" encoding="UTF-8"?>
<TXLife>
	<UserAuthRequest>
		<UserLoginName></UserLoginName>
		<UserPswd>
			<CryptType>NONE</CryptType>
			<Pswd></Pswd>
		</UserPswd>
	</UserAuthRequest>
	<TXLifeRequest>
		<TransRefGUID/>
		<TransType tc="ProtectedPolicyUpdate">ProtectedPolicyUpdate</TransType>
		<TransExeDate>2015-11-16</TransExeDate>
		<TransExeTime>10:30:48</TransExeTime>
		<OLifE>
			<ReturnCds/>
			<ProtectedPolicyUpdateData>
				<MirPolId>
			             <MirPolIdBase>058000871</MirPolIdBase>
				     <MirPolIdSfx>1</MirPolIdSfx>
				</MirPolId>
				<MirPolIssDtTypCd>C</MirPolIssDtTypCd>
				<SrcSystem>STPGAP</SrcSystem>
			</ProtectedPolicyUpdateData>
			<MirUserMsgG/>
		</OLifE>
	</TXLifeRequest>
</TXLife>