	<OLifE>
		<AddressCreateData>
			<MirKeyFields>
				<MirCliId></MirCliId>
				<MirCliAddrTypCd></MirCliAddrTypCd>
				<MirCliAddrEffDt></MirCliAddrEffDt>
			</MirKeyFields>
			<MirCommonFields>
				<MirDvLangGrDisplayCd></MirDvLangGrDisplayCd>
				<MirDvSupresAddrInd></MirDvSupresAddrInd>
				<MirDvCliNm></MirDvCliNm>
				<MirCliPstlCd0>
					<MirCliPstlCd1></MirCliPstlCd1>
					<MirCliPstlCd2></MirCliPstlCd2>
					<MirCliPstlCd3></MirCliPstlCd3>
				</MirCliPstlCd0>
				<MirCliPstlCdG>
					<MirCliPstlCdT></MirCliPstlCdT>
					<MirCliPstlCdT></MirCliPstlCdT>
					<MirCliPstlCdT></MirCliPstlCdT>
				</MirCliPstlCdG>
				<MirCliCtryCd0>
					<MirCliCtryCd1></MirCliCtryCd1>
					<MirCliCtryCd2></MirCliCtryCd2>
					<MirCliCtryCd3></MirCliCtryCd3>
				</MirCliCtryCd0>
				<MirCliCtryCdG>
					<MirCliCtryCdT></MirCliCtryCdT>
					<MirCliCtryCdT></MirCliCtryCdT>
					<MirCliCtryCdT></MirCliCtryCdT>
				</MirCliCtryCdG>
				<MirCliAddrLn11TxtG>
					<MirCliAddrLn11TxtT></MirCliAddrLn11TxtT>
					<MirCliAddrLn11TxtT></MirCliAddrLn11TxtT>
					<MirCliAddrLn11TxtT></MirCliAddrLn11TxtT>
				</MirCliAddrLn11TxtG>
				<MirCliAddrLn2TxtG>
					<MirCliAddrLn2TxtT></MirCliAddrLn2TxtT>
					<MirCliAddrLn2TxtT></MirCliAddrLn2TxtT>
					<MirCliAddrLn2TxtT></MirCliAddrLn2TxtT>
				</MirCliAddrLn2TxtG>
				<MirCliAddrLn3TxtG>
					<MirCliAddrLn3TxtT></MirCliAddrLn3TxtT>
					<MirCliAddrLn3TxtT></MirCliAddrLn3TxtT>
					<MirCliAddrLn3TxtT></MirCliAddrLn3TxtT>
				</MirCliAddrLn3TxtG>
				<MirCliAddrAddlTxtG>
					<MirCliAddrAddlTxtT></MirCliAddrAddlTxtT>
					<MirCliAddrAddlTxtT></MirCliAddrAddlTxtT>
					<MirCliAddrAddlTxtT></MirCliAddrAddlTxtT>
				</MirCliAddrAddlTxtG>
				<MirCliAltAddrCdG>
					<MirCliAltAddrCdT></MirCliAltAddrCdT>
					<MirCliAltAddrCdT></MirCliAltAddrCdT>
					<MirCliAltAddrCdT></MirCliAltAddrCdT>
				</MirCliAltAddrCdG>
				<MirAddrStatChngDtG>
					<MirAddrStatChngDtT></MirAddrStatChngDtT>
					<MirAddrStatChngDtT></MirAddrStatChngDtT>
					<MirAddrStatChngDtT></MirAddrStatChngDtT>
				</MirAddrStatChngDtG>
				<MirCliAddrChngDtG>
					<MirCliAddrChngDtT></MirCliAddrChngDtT>
					<MirCliAddrChngDtT></MirCliAddrChngDtT>
					<MirCliAddrChngDtT></MirCliAddrChngDtT>
				</MirCliAddrChngDtG>
				<MirCliAddrMunCdG>
					<MirCliAddrMunCdT></MirCliAddrMunCdT>
					<MirCliAddrMunCdT></MirCliAddrMunCdT>
					<MirCliAddrMunCdT></MirCliAddrMunCdT>
				</MirCliAddrMunCdG>
				<MirCliAddrCntyCdG>
					<MirCliAddrCntyCdT></MirCliAddrCntyCdT>
					<MirCliAddrCntyCdT></MirCliAddrCntyCdT>
					<MirCliAddrCntyCdT></MirCliAddrCntyCdT>
				</MirCliAddrCntyCdG>
				<MirCliAddrCntctTxt></MirCliAddrCntctTxt>
				<MirCliResNumG>
					<MirCliResNumT></MirCliResNumT>
					<MirCliResNumT></MirCliResNumT>
					<MirCliResNumT></MirCliResNumT>
				</MirCliResNumG>
				<MirCliResTypCdG>
					<MirCliResTypCdT></MirCliResTypCdT>
					<MirCliResTypCdT></MirCliResTypCdT>
					<MirCliResTypCdT></MirCliResTypCdT>
				</MirCliResTypCdG>
				<MirCliAddrYrDurG>
					<MirCliAddrYrDurT></MirCliAddrYrDurT>
					<MirCliAddrYrDurT></MirCliAddrYrDurT>
					<MirCliAddrYrDurT></MirCliAddrYrDurT>
				</MirCliAddrYrDurG>
			</MirCommonFields>
			<MirListFields>
				<MirCliAddrLn1TxtG>
					<MirCliAddrLn1TxtT></MirCliAddrLn1TxtT>
					<MirCliAddrLn1TxtT></MirCliAddrLn1TxtT>
					<MirCliAddrLn1TxtT></MirCliAddrLn1TxtT>
					<MirCliAddrLn1TxtT></MirCliAddrLn1TxtT>
					<MirCliAddrLn1TxtT></MirCliAddrLn1TxtT>
					<MirCliAddrLn1TxtT></MirCliAddrLn1TxtT>
					<MirCliAddrLn1TxtT></MirCliAddrLn1TxtT>
					<MirCliAddrLn1TxtT></MirCliAddrLn1TxtT>
					<MirCliAddrLn1TxtT></MirCliAddrLn1TxtT>
					<MirCliAddrLn1TxtT></MirCliAddrLn1TxtT>
					<MirCliAddrLn1TxtT></MirCliAddrLn1TxtT>
					<MirCliAddrLn1TxtT></MirCliAddrLn1TxtT>
					<MirCliAddrLn1TxtT></MirCliAddrLn1TxtT>
					<MirCliAddrLn1TxtT></MirCliAddrLn1TxtT>
					<MirCliAddrLn1TxtT></MirCliAddrLn1TxtT>
					<MirCliAddrLn1TxtT></MirCliAddrLn1TxtT>
					<MirCliAddrLn1TxtT></MirCliAddrLn1TxtT>
					<MirCliAddrLn1TxtT></MirCliAddrLn1TxtT>
					<MirCliAddrLn1TxtT></MirCliAddrLn1TxtT>
					<MirCliAddrLn1TxtT></MirCliAddrLn1TxtT>
					<MirCliAddrLn1TxtT></MirCliAddrLn1TxtT>
					<MirCliAddrLn1TxtT></MirCliAddrLn1TxtT>
					<MirCliAddrLn1TxtT></MirCliAddrLn1TxtT>
					<MirCliAddrLn1TxtT></MirCliAddrLn1TxtT>
					<MirCliAddrLn1TxtT></MirCliAddrLn1TxtT>
					<MirCliAddrLn1TxtT></MirCliAddrLn1TxtT>
					<MirCliAddrLn1TxtT></MirCliAddrLn1TxtT>
					<MirCliAddrLn1TxtT></MirCliAddrLn1TxtT>
					<MirCliAddrLn1TxtT></MirCliAddrLn1TxtT>
					<MirCliAddrLn1TxtT></MirCliAddrLn1TxtT>
					<MirCliAddrLn1TxtT></MirCliAddrLn1TxtT>
					<MirCliAddrLn1TxtT></MirCliAddrLn1TxtT>
					<MirCliAddrLn1TxtT></MirCliAddrLn1TxtT>
					<MirCliAddrLn1TxtT></MirCliAddrLn1TxtT>
					<MirCliAddrLn1TxtT></MirCliAddrLn1TxtT>
					<MirCliAddrLn1TxtT></MirCliAddrLn1TxtT>
					<MirCliAddrLn1TxtT></MirCliAddrLn1TxtT>
					<MirCliAddrLn1TxtT></MirCliAddrLn1TxtT>
					<MirCliAddrLn1TxtT></MirCliAddrLn1TxtT>
					<MirCliAddrLn1TxtT></MirCliAddrLn1TxtT>
					<MirCliAddrLn1TxtT></MirCliAddrLn1TxtT>
					<MirCliAddrLn1TxtT></MirCliAddrLn1TxtT>
					<MirCliAddrLn1TxtT></MirCliAddrLn1TxtT>
					<MirCliAddrLn1TxtT></MirCliAddrLn1TxtT>
					<MirCliAddrLn1TxtT></MirCliAddrLn1TxtT>
					<MirCliAddrLn1TxtT></MirCliAddrLn1TxtT>
					<MirCliAddrLn1TxtT></MirCliAddrLn1TxtT>
					<MirCliAddrLn1TxtT></MirCliAddrLn1TxtT>
					<MirCliAddrLn1TxtT></MirCliAddrLn1TxtT>
					<MirCliAddrLn1TxtT></MirCliAddrLn1TxtT>
				</MirCliAddrLn1TxtG>
				<MirCliAddrLn22TxtG>
					<MirCliAddrLn22TxtT></MirCliAddrLn22TxtT>
					<MirCliAddrLn22TxtT></MirCliAddrLn22TxtT>
					<MirCliAddrLn22TxtT></MirCliAddrLn22TxtT>
					<MirCliAddrLn22TxtT></MirCliAddrLn22TxtT>
					<MirCliAddrLn22TxtT></MirCliAddrLn22TxtT>
					<MirCliAddrLn22TxtT></MirCliAddrLn22TxtT>
					<MirCliAddrLn22TxtT></MirCliAddrLn22TxtT>
					<MirCliAddrLn22TxtT></MirCliAddrLn22TxtT>
					<MirCliAddrLn22TxtT></MirCliAddrLn22TxtT>
					<MirCliAddrLn22TxtT></MirCliAddrLn22TxtT>
					<MirCliAddrLn22TxtT></MirCliAddrLn22TxtT>
					<MirCliAddrLn22TxtT></MirCliAddrLn22TxtT>
					<MirCliAddrLn22TxtT></MirCliAddrLn22TxtT>
					<MirCliAddrLn22TxtT></MirCliAddrLn22TxtT>
					<MirCliAddrLn22TxtT></MirCliAddrLn22TxtT>
					<MirCliAddrLn22TxtT></MirCliAddrLn22TxtT>
					<MirCliAddrLn22TxtT></MirCliAddrLn22TxtT>
					<MirCliAddrLn22TxtT></MirCliAddrLn22TxtT>
					<MirCliAddrLn22TxtT></MirCliAddrLn22TxtT>
					<MirCliAddrLn22TxtT></MirCliAddrLn22TxtT>
					<MirCliAddrLn22TxtT></MirCliAddrLn22TxtT>
					<MirCliAddrLn22TxtT></MirCliAddrLn22TxtT>
					<MirCliAddrLn22TxtT></MirCliAddrLn22TxtT>
					<MirCliAddrLn22TxtT></MirCliAddrLn22TxtT>
					<MirCliAddrLn22TxtT></MirCliAddrLn22TxtT>
					<MirCliAddrLn22TxtT></MirCliAddrLn22TxtT>
					<MirCliAddrLn22TxtT></MirCliAddrLn22TxtT>
					<MirCliAddrLn22TxtT></MirCliAddrLn22TxtT>
					<MirCliAddrLn22TxtT></MirCliAddrLn22TxtT>
					<MirCliAddrLn22TxtT></MirCliAddrLn22TxtT>
					<MirCliAddrLn22TxtT></MirCliAddrLn22TxtT>
					<MirCliAddrLn22TxtT></MirCliAddrLn22TxtT>
					<MirCliAddrLn22TxtT></MirCliAddrLn22TxtT>
					<MirCliAddrLn22TxtT></MirCliAddrLn22TxtT>
					<MirCliAddrLn22TxtT></MirCliAddrLn22TxtT>
					<MirCliAddrLn22TxtT></MirCliAddrLn22TxtT>
					<MirCliAddrLn22TxtT></MirCliAddrLn22TxtT>
					<MirCliAddrLn22TxtT></MirCliAddrLn22TxtT>
					<MirCliAddrLn22TxtT></MirCliAddrLn22TxtT>
					<MirCliAddrLn22TxtT></MirCliAddrLn22TxtT>
					<MirCliAddrLn22TxtT></MirCliAddrLn22TxtT>
					<MirCliAddrLn22TxtT></MirCliAddrLn22TxtT>
					<MirCliAddrLn22TxtT></MirCliAddrLn22TxtT>
					<MirCliAddrLn22TxtT></MirCliAddrLn22TxtT>
					<MirCliAddrLn22TxtT></MirCliAddrLn22TxtT>
					<MirCliAddrLn22TxtT></MirCliAddrLn22TxtT>
					<MirCliAddrLn22TxtT></MirCliAddrLn22TxtT>
					<MirCliAddrLn22TxtT></MirCliAddrLn22TxtT>
					<MirCliAddrLn22TxtT></MirCliAddrLn22TxtT>
					<MirCliAddrLn22TxtT></MirCliAddrLn22TxtT>
				</MirCliAddrLn22TxtG>
				<MirCliAddrLn23TxtG>
					<MirCliAddrLn23TxtT></MirCliAddrLn23TxtT>
					<MirCliAddrLn23TxtT></MirCliAddrLn23TxtT>
					<MirCliAddrLn23TxtT></MirCliAddrLn23TxtT>
					<MirCliAddrLn23TxtT></MirCliAddrLn23TxtT>
					<MirCliAddrLn23TxtT></MirCliAddrLn23TxtT>
					<MirCliAddrLn23TxtT></MirCliAddrLn23TxtT>
					<MirCliAddrLn23TxtT></MirCliAddrLn23TxtT>
					<MirCliAddrLn23TxtT></MirCliAddrLn23TxtT>
					<MirCliAddrLn23TxtT></MirCliAddrLn23TxtT>
					<MirCliAddrLn23TxtT></MirCliAddrLn23TxtT>
					<MirCliAddrLn23TxtT></MirCliAddrLn23TxtT>
					<MirCliAddrLn23TxtT></MirCliAddrLn23TxtT>
					<MirCliAddrLn23TxtT></MirCliAddrLn23TxtT>
					<MirCliAddrLn23TxtT></MirCliAddrLn23TxtT>
					<MirCliAddrLn23TxtT></MirCliAddrLn23TxtT>
					<MirCliAddrLn23TxtT></MirCliAddrLn23TxtT>
					<MirCliAddrLn23TxtT></MirCliAddrLn23TxtT>
					<MirCliAddrLn23TxtT></MirCliAddrLn23TxtT>
					<MirCliAddrLn23TxtT></MirCliAddrLn23TxtT>
					<MirCliAddrLn23TxtT></MirCliAddrLn23TxtT>
					<MirCliAddrLn23TxtT></MirCliAddrLn23TxtT>
					<MirCliAddrLn23TxtT></MirCliAddrLn23TxtT>
					<MirCliAddrLn23TxtT></MirCliAddrLn23TxtT>
					<MirCliAddrLn23TxtT></MirCliAddrLn23TxtT>
					<MirCliAddrLn23TxtT></MirCliAddrLn23TxtT>
					<MirCliAddrLn23TxtT></MirCliAddrLn23TxtT>
					<MirCliAddrLn23TxtT></MirCliAddrLn23TxtT>
					<MirCliAddrLn23TxtT></MirCliAddrLn23TxtT>
					<MirCliAddrLn23TxtT></MirCliAddrLn23TxtT>
					<MirCliAddrLn23TxtT></MirCliAddrLn23TxtT>
					<MirCliAddrLn23TxtT></MirCliAddrLn23TxtT>
					<MirCliAddrLn23TxtT></MirCliAddrLn23TxtT>
					<MirCliAddrLn23TxtT></MirCliAddrLn23TxtT>
					<MirCliAddrLn23TxtT></MirCliAddrLn23TxtT>
					<MirCliAddrLn23TxtT></MirCliAddrLn23TxtT>
					<MirCliAddrLn23TxtT></MirCliAddrLn23TxtT>
					<MirCliAddrLn23TxtT></MirCliAddrLn23TxtT>
					<MirCliAddrLn23TxtT></MirCliAddrLn23TxtT>
					<MirCliAddrLn23TxtT></MirCliAddrLn23TxtT>
					<MirCliAddrLn23TxtT></MirCliAddrLn23TxtT>
					<MirCliAddrLn23TxtT></MirCliAddrLn23TxtT>
					<MirCliAddrLn23TxtT></MirCliAddrLn23TxtT>
					<MirCliAddrLn23TxtT></MirCliAddrLn23TxtT>
					<MirCliAddrLn23TxtT></MirCliAddrLn23TxtT>
					<MirCliAddrLn23TxtT></MirCliAddrLn23TxtT>
					<MirCliAddrLn23TxtT></MirCliAddrLn23TxtT>
					<MirCliAddrLn23TxtT></MirCliAddrLn23TxtT>
					<MirCliAddrLn23TxtT></MirCliAddrLn23TxtT>
					<MirCliAddrLn23TxtT></MirCliAddrLn23TxtT>
					<MirCliAddrLn23TxtT></MirCliAddrLn23TxtT>
				</MirCliAddrLn23TxtG>
				<MirCliAddrTypCdG>
					<MirCliAddrTypCdT></MirCliAddrTypCdT>
					<MirCliAddrTypCdT></MirCliAddrTypCdT>
					<MirCliAddrTypCdT></MirCliAddrTypCdT>
					<MirCliAddrTypCdT></MirCliAddrTypCdT>
					<MirCliAddrTypCdT></MirCliAddrTypCdT>
					<MirCliAddrTypCdT></MirCliAddrTypCdT>
					<MirCliAddrTypCdT></MirCliAddrTypCdT>
					<MirCliAddrTypCdT></MirCliAddrTypCdT>
					<MirCliAddrTypCdT></MirCliAddrTypCdT>
					<MirCliAddrTypCdT></MirCliAddrTypCdT>
					<MirCliAddrTypCdT></MirCliAddrTypCdT>
					<MirCliAddrTypCdT></MirCliAddrTypCdT>
					<MirCliAddrTypCdT></MirCliAddrTypCdT>
					<MirCliAddrTypCdT></MirCliAddrTypCdT>
					<MirCliAddrTypCdT></MirCliAddrTypCdT>
					<MirCliAddrTypCdT></MirCliAddrTypCdT>
					<MirCliAddrTypCdT></MirCliAddrTypCdT>
					<MirCliAddrTypCdT></MirCliAddrTypCdT>
					<MirCliAddrTypCdT></MirCliAddrTypCdT>
					<MirCliAddrTypCdT></MirCliAddrTypCdT>
					<MirCliAddrTypCdT></MirCliAddrTypCdT>
					<MirCliAddrTypCdT></MirCliAddrTypCdT>
					<MirCliAddrTypCdT></MirCliAddrTypCdT>
					<MirCliAddrTypCdT></MirCliAddrTypCdT>
					<MirCliAddrTypCdT></MirCliAddrTypCdT>
					<MirCliAddrTypCdT></MirCliAddrTypCdT>
					<MirCliAddrTypCdT></MirCliAddrTypCdT>
					<MirCliAddrTypCdT></MirCliAddrTypCdT>
					<MirCliAddrTypCdT></MirCliAddrTypCdT>
					<MirCliAddrTypCdT></MirCliAddrTypCdT>
					<MirCliAddrTypCdT></MirCliAddrTypCdT>
					<MirCliAddrTypCdT></MirCliAddrTypCdT>
					<MirCliAddrTypCdT></MirCliAddrTypCdT>
					<MirCliAddrTypCdT></MirCliAddrTypCdT>
					<MirCliAddrTypCdT></MirCliAddrTypCdT>
					<MirCliAddrTypCdT></MirCliAddrTypCdT>
					<MirCliAddrTypCdT></MirCliAddrTypCdT>
					<MirCliAddrTypCdT></MirCliAddrTypCdT>
					<MirCliAddrTypCdT></MirCliAddrTypCdT>
					<MirCliAddrTypCdT></MirCliAddrTypCdT>
					<MirCliAddrTypCdT></MirCliAddrTypCdT>
					<MirCliAddrTypCdT></MirCliAddrTypCdT>
					<MirCliAddrTypCdT></MirCliAddrTypCdT>
					<MirCliAddrTypCdT></MirCliAddrTypCdT>
					<MirCliAddrTypCdT></MirCliAddrTypCdT>
					<MirCliAddrTypCdT></MirCliAddrTypCdT>
					<MirCliAddrTypCdT></MirCliAddrTypCdT>
					<MirCliAddrTypCdT></MirCliAddrTypCdT>
					<MirCliAddrTypCdT></MirCliAddrTypCdT>
					<MirCliAddrTypCdT></MirCliAddrTypCdT>
				</MirCliAddrTypCdG>
				<MirCliAddrStatCdG>
					<MirCliAddrStatCdT></MirCliAddrStatCdT>
					<MirCliAddrStatCdT></MirCliAddrStatCdT>
					<MirCliAddrStatCdT></MirCliAddrStatCdT>
					<MirCliAddrStatCdT></MirCliAddrStatCdT>
					<MirCliAddrStatCdT></MirCliAddrStatCdT>
					<MirCliAddrStatCdT></MirCliAddrStatCdT>
					<MirCliAddrStatCdT></MirCliAddrStatCdT>
					<MirCliAddrStatCdT></MirCliAddrStatCdT>
					<MirCliAddrStatCdT></MirCliAddrStatCdT>
					<MirCliAddrStatCdT></MirCliAddrStatCdT>
					<MirCliAddrStatCdT></MirCliAddrStatCdT>
					<MirCliAddrStatCdT></MirCliAddrStatCdT>
					<MirCliAddrStatCdT></MirCliAddrStatCdT>
					<MirCliAddrStatCdT></MirCliAddrStatCdT>
					<MirCliAddrStatCdT></MirCliAddrStatCdT>
					<MirCliAddrStatCdT></MirCliAddrStatCdT>
					<MirCliAddrStatCdT></MirCliAddrStatCdT>
					<MirCliAddrStatCdT></MirCliAddrStatCdT>
					<MirCliAddrStatCdT></MirCliAddrStatCdT>
					<MirCliAddrStatCdT></MirCliAddrStatCdT>
					<MirCliAddrStatCdT></MirCliAddrStatCdT>
					<MirCliAddrStatCdT></MirCliAddrStatCdT>
					<MirCliAddrStatCdT></MirCliAddrStatCdT>
					<MirCliAddrStatCdT></MirCliAddrStatCdT>
					<MirCliAddrStatCdT></MirCliAddrStatCdT>
					<MirCliAddrStatCdT></MirCliAddrStatCdT>
					<MirCliAddrStatCdT></MirCliAddrStatCdT>
					<MirCliAddrStatCdT></MirCliAddrStatCdT>
					<MirCliAddrStatCdT></MirCliAddrStatCdT>
					<MirCliAddrStatCdT></MirCliAddrStatCdT>
					<MirCliAddrStatCdT></MirCliAddrStatCdT>
					<MirCliAddrStatCdT></MirCliAddrStatCdT>
					<MirCliAddrStatCdT></MirCliAddrStatCdT>
					<MirCliAddrStatCdT></MirCliAddrStatCdT>
					<MirCliAddrStatCdT></MirCliAddrStatCdT>
					<MirCliAddrStatCdT></MirCliAddrStatCdT>
					<MirCliAddrStatCdT></MirCliAddrStatCdT>
					<MirCliAddrStatCdT></MirCliAddrStatCdT>
					<MirCliAddrStatCdT></MirCliAddrStatCdT>
					<MirCliAddrStatCdT></MirCliAddrStatCdT>
					<MirCliAddrStatCdT></MirCliAddrStatCdT>
					<MirCliAddrStatCdT></MirCliAddrStatCdT>
					<MirCliAddrStatCdT></MirCliAddrStatCdT>
					<MirCliAddrStatCdT></MirCliAddrStatCdT>
					<MirCliAddrStatCdT></MirCliAddrStatCdT>
					<MirCliAddrStatCdT></MirCliAddrStatCdT>
					<MirCliAddrStatCdT></MirCliAddrStatCdT>
					<MirCliAddrStatCdT></MirCliAddrStatCdT>
					<MirCliAddrStatCdT></MirCliAddrStatCdT>
					<MirCliAddrStatCdT></MirCliAddrStatCdT>
				</MirCliAddrStatCdG>
				<MirCliCityNmTxtG>
					<MirCliCityNmTxtT></MirCliCityNmTxtT>
					<MirCliCityNmTxtT></MirCliCityNmTxtT>
					<MirCliCityNmTxtT></MirCliCityNmTxtT>
					<MirCliCityNmTxtT></MirCliCityNmTxtT>
					<MirCliCityNmTxtT></MirCliCityNmTxtT>
					<MirCliCityNmTxtT></MirCliCityNmTxtT>
					<MirCliCityNmTxtT></MirCliCityNmTxtT>
					<MirCliCityNmTxtT></MirCliCityNmTxtT>
					<MirCliCityNmTxtT></MirCliCityNmTxtT>
					<MirCliCityNmTxtT></MirCliCityNmTxtT>
					<MirCliCityNmTxtT></MirCliCityNmTxtT>
					<MirCliCityNmTxtT></MirCliCityNmTxtT>
					<MirCliCityNmTxtT></MirCliCityNmTxtT>
					<MirCliCityNmTxtT></MirCliCityNmTxtT>
					<MirCliCityNmTxtT></MirCliCityNmTxtT>
					<MirCliCityNmTxtT></MirCliCityNmTxtT>
					<MirCliCityNmTxtT></MirCliCityNmTxtT>
					<MirCliCityNmTxtT></MirCliCityNmTxtT>
					<MirCliCityNmTxtT></MirCliCityNmTxtT>
					<MirCliCityNmTxtT></MirCliCityNmTxtT>
					<MirCliCityNmTxtT></MirCliCityNmTxtT>
					<MirCliCityNmTxtT></MirCliCityNmTxtT>
					<MirCliCityNmTxtT></MirCliCityNmTxtT>
					<MirCliCityNmTxtT></MirCliCityNmTxtT>
					<MirCliCityNmTxtT></MirCliCityNmTxtT>
					<MirCliCityNmTxtT></MirCliCityNmTxtT>
					<MirCliCityNmTxtT></MirCliCityNmTxtT>
					<MirCliCityNmTxtT></MirCliCityNmTxtT>
					<MirCliCityNmTxtT></MirCliCityNmTxtT>
					<MirCliCityNmTxtT></MirCliCityNmTxtT>
					<MirCliCityNmTxtT></MirCliCityNmTxtT>
					<MirCliCityNmTxtT></MirCliCityNmTxtT>
					<MirCliCityNmTxtT></MirCliCityNmTxtT>
					<MirCliCityNmTxtT></MirCliCityNmTxtT>
					<MirCliCityNmTxtT></MirCliCityNmTxtT>
					<MirCliCityNmTxtT></MirCliCityNmTxtT>
					<MirCliCityNmTxtT></MirCliCityNmTxtT>
					<MirCliCityNmTxtT></MirCliCityNmTxtT>
					<MirCliCityNmTxtT></MirCliCityNmTxtT>
					<MirCliCityNmTxtT></MirCliCityNmTxtT>
					<MirCliCityNmTxtT></MirCliCityNmTxtT>
					<MirCliCityNmTxtT></MirCliCityNmTxtT>
					<MirCliCityNmTxtT></MirCliCityNmTxtT>
					<MirCliCityNmTxtT></MirCliCityNmTxtT>
					<MirCliCityNmTxtT></MirCliCityNmTxtT>
					<MirCliCityNmTxtT></MirCliCityNmTxtT>
					<MirCliCityNmTxtT></MirCliCityNmTxtT>
					<MirCliCityNmTxtT></MirCliCityNmTxtT>
					<MirCliCityNmTxtT></MirCliCityNmTxtT>
					<MirCliCityNmTxtT></MirCliCityNmTxtT>
				</MirCliCityNmTxtG>
				<MirAddrEffDtNumG>
					<MirAddrEffDtNumT></MirAddrEffDtNumT>
					<MirAddrEffDtNumT></MirAddrEffDtNumT>
					<MirAddrEffDtNumT></MirAddrEffDtNumT>
					<MirAddrEffDtNumT></MirAddrEffDtNumT>
					<MirAddrEffDtNumT></MirAddrEffDtNumT>
					<MirAddrEffDtNumT></MirAddrEffDtNumT>
					<MirAddrEffDtNumT></MirAddrEffDtNumT>
					<MirAddrEffDtNumT></MirAddrEffDtNumT>
					<MirAddrEffDtNumT></MirAddrEffDtNumT>
					<MirAddrEffDtNumT></MirAddrEffDtNumT>
					<MirAddrEffDtNumT></MirAddrEffDtNumT>
					<MirAddrEffDtNumT></MirAddrEffDtNumT>
					<MirAddrEffDtNumT></MirAddrEffDtNumT>
					<MirAddrEffDtNumT></MirAddrEffDtNumT>
					<MirAddrEffDtNumT></MirAddrEffDtNumT>
					<MirAddrEffDtNumT></MirAddrEffDtNumT>
					<MirAddrEffDtNumT></MirAddrEffDtNumT>
					<MirAddrEffDtNumT></MirAddrEffDtNumT>
					<MirAddrEffDtNumT></MirAddrEffDtNumT>
					<MirAddrEffDtNumT></MirAddrEffDtNumT>
					<MirAddrEffDtNumT></MirAddrEffDtNumT>
					<MirAddrEffDtNumT></MirAddrEffDtNumT>
					<MirAddrEffDtNumT></MirAddrEffDtNumT>
					<MirAddrEffDtNumT></MirAddrEffDtNumT>
					<MirAddrEffDtNumT></MirAddrEffDtNumT>
					<MirAddrEffDtNumT></MirAddrEffDtNumT>
					<MirAddrEffDtNumT></MirAddrEffDtNumT>
					<MirAddrEffDtNumT></MirAddrEffDtNumT>
					<MirAddrEffDtNumT></MirAddrEffDtNumT>
					<MirAddrEffDtNumT></MirAddrEffDtNumT>
					<MirAddrEffDtNumT></MirAddrEffDtNumT>
					<MirAddrEffDtNumT></MirAddrEffDtNumT>
					<MirAddrEffDtNumT></MirAddrEffDtNumT>
					<MirAddrEffDtNumT></MirAddrEffDtNumT>
					<MirAddrEffDtNumT></MirAddrEffDtNumT>
					<MirAddrEffDtNumT></MirAddrEffDtNumT>
					<MirAddrEffDtNumT></MirAddrEffDtNumT>
					<MirAddrEffDtNumT></MirAddrEffDtNumT>
					<MirAddrEffDtNumT></MirAddrEffDtNumT>
					<MirAddrEffDtNumT></MirAddrEffDtNumT>
					<MirAddrEffDtNumT></MirAddrEffDtNumT>
					<MirAddrEffDtNumT></MirAddrEffDtNumT>
					<MirAddrEffDtNumT></MirAddrEffDtNumT>
					<MirAddrEffDtNumT></MirAddrEffDtNumT>
					<MirAddrEffDtNumT></MirAddrEffDtNumT>
					<MirAddrEffDtNumT></MirAddrEffDtNumT>
					<MirAddrEffDtNumT></MirAddrEffDtNumT>
					<MirAddrEffDtNumT></MirAddrEffDtNumT>
					<MirAddrEffDtNumT></MirAddrEffDtNumT>
					<MirAddrEffDtNumT></MirAddrEffDtNumT>
				</MirAddrEffDtNumG>
				<MirAddrEndDtNumG>
					<MirAddrEndDtNumT></MirAddrEndDtNumT>
					<MirAddrEndDtNumT></MirAddrEndDtNumT>
					<MirAddrEndDtNumT></MirAddrEndDtNumT>
					<MirAddrEndDtNumT></MirAddrEndDtNumT>
					<MirAddrEndDtNumT></MirAddrEndDtNumT>
					<MirAddrEndDtNumT></MirAddrEndDtNumT>
					<MirAddrEndDtNumT></MirAddrEndDtNumT>
					<MirAddrEndDtNumT></MirAddrEndDtNumT>
					<MirAddrEndDtNumT></MirAddrEndDtNumT>
					<MirAddrEndDtNumT></MirAddrEndDtNumT>
					<MirAddrEndDtNumT></MirAddrEndDtNumT>
					<MirAddrEndDtNumT></MirAddrEndDtNumT>
					<MirAddrEndDtNumT></MirAddrEndDtNumT>
					<MirAddrEndDtNumT></MirAddrEndDtNumT>
					<MirAddrEndDtNumT></MirAddrEndDtNumT>
					<MirAddrEndDtNumT></MirAddrEndDtNumT>
					<MirAddrEndDtNumT></MirAddrEndDtNumT>
					<MirAddrEndDtNumT></MirAddrEndDtNumT>
					<MirAddrEndDtNumT></MirAddrEndDtNumT>
					<MirAddrEndDtNumT></MirAddrEndDtNumT>
					<MirAddrEndDtNumT></MirAddrEndDtNumT>
					<MirAddrEndDtNumT></MirAddrEndDtNumT>
					<MirAddrEndDtNumT></MirAddrEndDtNumT>
					<MirAddrEndDtNumT></MirAddrEndDtNumT>
					<MirAddrEndDtNumT></MirAddrEndDtNumT>
					<MirAddrEndDtNumT></MirAddrEndDtNumT>
					<MirAddrEndDtNumT></MirAddrEndDtNumT>
					<MirAddrEndDtNumT></MirAddrEndDtNumT>
					<MirAddrEndDtNumT></MirAddrEndDtNumT>
					<MirAddrEndDtNumT></MirAddrEndDtNumT>
					<MirAddrEndDtNumT></MirAddrEndDtNumT>
					<MirAddrEndDtNumT></MirAddrEndDtNumT>
					<MirAddrEndDtNumT></MirAddrEndDtNumT>
					<MirAddrEndDtNumT></MirAddrEndDtNumT>
					<MirAddrEndDtNumT></MirAddrEndDtNumT>
					<MirAddrEndDtNumT></MirAddrEndDtNumT>
					<MirAddrEndDtNumT></MirAddrEndDtNumT>
					<MirAddrEndDtNumT></MirAddrEndDtNumT>
					<MirAddrEndDtNumT></MirAddrEndDtNumT>
					<MirAddrEndDtNumT></MirAddrEndDtNumT>
					<MirAddrEndDtNumT></MirAddrEndDtNumT>
					<MirAddrEndDtNumT></MirAddrEndDtNumT>
					<MirAddrEndDtNumT></MirAddrEndDtNumT>
					<MirAddrEndDtNumT></MirAddrEndDtNumT>
					<MirAddrEndDtNumT></MirAddrEndDtNumT>
					<MirAddrEndDtNumT></MirAddrEndDtNumT>
					<MirAddrEndDtNumT></MirAddrEndDtNumT>
					<MirAddrEndDtNumT></MirAddrEndDtNumT>
					<MirAddrEndDtNumT></MirAddrEndDtNumT>
					<MirAddrEndDtNumT></MirAddrEndDtNumT>
				</MirAddrEndDtNumG>
				<MirCliAddrCntctTxtG>
					<MirCliAddrCntctTxtT></MirCliAddrCntctTxtT>
					<MirCliAddrCntctTxtT></MirCliAddrCntctTxtT>
					<MirCliAddrCntctTxtT></MirCliAddrCntctTxtT>
					<MirCliAddrCntctTxtT></MirCliAddrCntctTxtT>
					<MirCliAddrCntctTxtT></MirCliAddrCntctTxtT>
					<MirCliAddrCntctTxtT></MirCliAddrCntctTxtT>
					<MirCliAddrCntctTxtT></MirCliAddrCntctTxtT>
					<MirCliAddrCntctTxtT></MirCliAddrCntctTxtT>
					<MirCliAddrCntctTxtT></MirCliAddrCntctTxtT>
					<MirCliAddrCntctTxtT></MirCliAddrCntctTxtT>
					<MirCliAddrCntctTxtT></MirCliAddrCntctTxtT>
					<MirCliAddrCntctTxtT></MirCliAddrCntctTxtT>
					<MirCliAddrCntctTxtT></MirCliAddrCntctTxtT>
					<MirCliAddrCntctTxtT></MirCliAddrCntctTxtT>
					<MirCliAddrCntctTxtT></MirCliAddrCntctTxtT>
					<MirCliAddrCntctTxtT></MirCliAddrCntctTxtT>
					<MirCliAddrCntctTxtT></MirCliAddrCntctTxtT>
					<MirCliAddrCntctTxtT></MirCliAddrCntctTxtT>
					<MirCliAddrCntctTxtT></MirCliAddrCntctTxtT>
					<MirCliAddrCntctTxtT></MirCliAddrCntctTxtT>
					<MirCliAddrCntctTxtT></MirCliAddrCntctTxtT>
					<MirCliAddrCntctTxtT></MirCliAddrCntctTxtT>
					<MirCliAddrCntctTxtT></MirCliAddrCntctTxtT>
					<MirCliAddrCntctTxtT></MirCliAddrCntctTxtT>
					<MirCliAddrCntctTxtT></MirCliAddrCntctTxtT>
					<MirCliAddrCntctTxtT></MirCliAddrCntctTxtT>
					<MirCliAddrCntctTxtT></MirCliAddrCntctTxtT>
					<MirCliAddrCntctTxtT></MirCliAddrCntctTxtT>
					<MirCliAddrCntctTxtT></MirCliAddrCntctTxtT>
					<MirCliAddrCntctTxtT></MirCliAddrCntctTxtT>
					<MirCliAddrCntctTxtT></MirCliAddrCntctTxtT>
					<MirCliAddrCntctTxtT></MirCliAddrCntctTxtT>
					<MirCliAddrCntctTxtT></MirCliAddrCntctTxtT>
					<MirCliAddrCntctTxtT></MirCliAddrCntctTxtT>
					<MirCliAddrCntctTxtT></MirCliAddrCntctTxtT>
					<MirCliAddrCntctTxtT></MirCliAddrCntctTxtT>
					<MirCliAddrCntctTxtT></MirCliAddrCntctTxtT>
					<MirCliAddrCntctTxtT></MirCliAddrCntctTxtT>
					<MirCliAddrCntctTxtT></MirCliAddrCntctTxtT>
					<MirCliAddrCntctTxtT></MirCliAddrCntctTxtT>
					<MirCliAddrCntctTxtT></MirCliAddrCntctTxtT>
					<MirCliAddrCntctTxtT></MirCliAddrCntctTxtT>
					<MirCliAddrCntctTxtT></MirCliAddrCntctTxtT>
					<MirCliAddrCntctTxtT></MirCliAddrCntctTxtT>
					<MirCliAddrCntctTxtT></MirCliAddrCntctTxtT>
					<MirCliAddrCntctTxtT></MirCliAddrCntctTxtT>
					<MirCliAddrCntctTxtT></MirCliAddrCntctTxtT>
					<MirCliAddrCntctTxtT></MirCliAddrCntctTxtT>
					<MirCliAddrCntctTxtT></MirCliAddrCntctTxtT>
					<MirCliAddrCntctTxtT></MirCliAddrCntctTxtT>
				</MirCliAddrCntctTxtG>
				<MirCliCrntLocCd0>
					<MirCliCrntLocCd1></MirCliCrntLocCd1>
					<MirCliCrntLocCd2></MirCliCrntLocCd2>
					<MirCliCrntLocCd3></MirCliCrntLocCd3>
					<MirCliCrntLocCd4></MirCliCrntLocCd4>
					<MirCliCrntLocCd5></MirCliCrntLocCd5>
					<MirCliCrntLocCd6></MirCliCrntLocCd6>
					<MirCliCrntLocCd7></MirCliCrntLocCd7>
					<MirCliCrntLocCd8></MirCliCrntLocCd8>
					<MirCliCrntLocCd9></MirCliCrntLocCd9>
					<MirCliCrntLocCd10></MirCliCrntLocCd10>
					<MirCliCrntLocCd11></MirCliCrntLocCd11>
					<MirCliCrntLocCd12></MirCliCrntLocCd12>
					<MirCliCrntLocCd13></MirCliCrntLocCd13>
					<MirCliCrntLocCd14></MirCliCrntLocCd14>
					<MirCliCrntLocCd15></MirCliCrntLocCd15>
					<MirCliCrntLocCd16></MirCliCrntLocCd16>
					<MirCliCrntLocCd17></MirCliCrntLocCd17>
					<MirCliCrntLocCd18></MirCliCrntLocCd18>
					<MirCliCrntLocCd19></MirCliCrntLocCd19>
					<MirCliCrntLocCd20></MirCliCrntLocCd20>
					<MirCliCrntLocCd21></MirCliCrntLocCd21>
					<MirCliCrntLocCd22></MirCliCrntLocCd22>
					<MirCliCrntLocCd23></MirCliCrntLocCd23>
					<MirCliCrntLocCd24></MirCliCrntLocCd24>
					<MirCliCrntLocCd25></MirCliCrntLocCd25>
					<MirCliCrntLocCd26></MirCliCrntLocCd26>
					<MirCliCrntLocCd27></MirCliCrntLocCd27>
					<MirCliCrntLocCd28></MirCliCrntLocCd28>
					<MirCliCrntLocCd29></MirCliCrntLocCd29>
					<MirCliCrntLocCd30></MirCliCrntLocCd30>
					<MirCliCrntLocCd31></MirCliCrntLocCd31>
					<MirCliCrntLocCd32></MirCliCrntLocCd32>
					<MirCliCrntLocCd33></MirCliCrntLocCd33>
					<MirCliCrntLocCd34></MirCliCrntLocCd34>
					<MirCliCrntLocCd35></MirCliCrntLocCd35>
					<MirCliCrntLocCd36></MirCliCrntLocCd36>
					<MirCliCrntLocCd37></MirCliCrntLocCd37>
					<MirCliCrntLocCd38></MirCliCrntLocCd38>
					<MirCliCrntLocCd39></MirCliCrntLocCd39>
					<MirCliCrntLocCd40></MirCliCrntLocCd40>
					<MirCliCrntLocCd41></MirCliCrntLocCd41>
					<MirCliCrntLocCd42></MirCliCrntLocCd42>
					<MirCliCrntLocCd43></MirCliCrntLocCd43>
					<MirCliCrntLocCd44></MirCliCrntLocCd44>
					<MirCliCrntLocCd45></MirCliCrntLocCd45>
					<MirCliCrntLocCd46></MirCliCrntLocCd46>
					<MirCliCrntLocCd47></MirCliCrntLocCd47>
					<MirCliCrntLocCd48></MirCliCrntLocCd48>
					<MirCliCrntLocCd49></MirCliCrntLocCd49>
					<MirCliCrntLocCd50></MirCliCrntLocCd50>
				</MirCliCrntLocCd0>
				<MirCliAddrGrCdG>
					<MirCliAddrGrCdT></MirCliAddrGrCdT>
					<MirCliAddrGrCdT></MirCliAddrGrCdT>
					<MirCliAddrGrCdT></MirCliAddrGrCdT>
					<MirCliAddrGrCdT></MirCliAddrGrCdT>
					<MirCliAddrGrCdT></MirCliAddrGrCdT>
					<MirCliAddrGrCdT></MirCliAddrGrCdT>
					<MirCliAddrGrCdT></MirCliAddrGrCdT>
					<MirCliAddrGrCdT></MirCliAddrGrCdT>
					<MirCliAddrGrCdT></MirCliAddrGrCdT>
					<MirCliAddrGrCdT></MirCliAddrGrCdT>
					<MirCliAddrGrCdT></MirCliAddrGrCdT>
					<MirCliAddrGrCdT></MirCliAddrGrCdT>
					<MirCliAddrGrCdT></MirCliAddrGrCdT>
					<MirCliAddrGrCdT></MirCliAddrGrCdT>
					<MirCliAddrGrCdT></MirCliAddrGrCdT>
					<MirCliAddrGrCdT></MirCliAddrGrCdT>
					<MirCliAddrGrCdT></MirCliAddrGrCdT>
					<MirCliAddrGrCdT></MirCliAddrGrCdT>
					<MirCliAddrGrCdT></MirCliAddrGrCdT>
					<MirCliAddrGrCdT></MirCliAddrGrCdT>
					<MirCliAddrGrCdT></MirCliAddrGrCdT>
					<MirCliAddrGrCdT></MirCliAddrGrCdT>
					<MirCliAddrGrCdT></MirCliAddrGrCdT>
					<MirCliAddrGrCdT></MirCliAddrGrCdT>
					<MirCliAddrGrCdT></MirCliAddrGrCdT>
					<MirCliAddrGrCdT></MirCliAddrGrCdT>
					<MirCliAddrGrCdT></MirCliAddrGrCdT>
					<MirCliAddrGrCdT></MirCliAddrGrCdT>
					<MirCliAddrGrCdT></MirCliAddrGrCdT>
					<MirCliAddrGrCdT></MirCliAddrGrCdT>
					<MirCliAddrGrCdT></MirCliAddrGrCdT>
					<MirCliAddrGrCdT></MirCliAddrGrCdT>
					<MirCliAddrGrCdT></MirCliAddrGrCdT>
					<MirCliAddrGrCdT></MirCliAddrGrCdT>
					<MirCliAddrGrCdT></MirCliAddrGrCdT>
					<MirCliAddrGrCdT></MirCliAddrGrCdT>
					<MirCliAddrGrCdT></MirCliAddrGrCdT>
					<MirCliAddrGrCdT></MirCliAddrGrCdT>
					<MirCliAddrGrCdT></MirCliAddrGrCdT>
					<MirCliAddrGrCdT></MirCliAddrGrCdT>
					<MirCliAddrGrCdT></MirCliAddrGrCdT>
					<MirCliAddrGrCdT></MirCliAddrGrCdT>
					<MirCliAddrGrCdT></MirCliAddrGrCdT>
					<MirCliAddrGrCdT></MirCliAddrGrCdT>
					<MirCliAddrGrCdT></MirCliAddrGrCdT>
					<MirCliAddrGrCdT></MirCliAddrGrCdT>
					<MirCliAddrGrCdT></MirCliAddrGrCdT>
					<MirCliAddrGrCdT></MirCliAddrGrCdT>
					<MirCliAddrGrCdT></MirCliAddrGrCdT>
					<MirCliAddrGrCdT></MirCliAddrGrCdT>
				</MirCliAddrGrCdG>
				<MirCliAddrEffDtG>
					<MirCliAddrEffDtT></MirCliAddrEffDtT>
					<MirCliAddrEffDtT></MirCliAddrEffDtT>
					<MirCliAddrEffDtT></MirCliAddrEffDtT>
					<MirCliAddrEffDtT></MirCliAddrEffDtT>
					<MirCliAddrEffDtT></MirCliAddrEffDtT>
					<MirCliAddrEffDtT></MirCliAddrEffDtT>
					<MirCliAddrEffDtT></MirCliAddrEffDtT>
					<MirCliAddrEffDtT></MirCliAddrEffDtT>
					<MirCliAddrEffDtT></MirCliAddrEffDtT>
					<MirCliAddrEffDtT></MirCliAddrEffDtT>
					<MirCliAddrEffDtT></MirCliAddrEffDtT>
					<MirCliAddrEffDtT></MirCliAddrEffDtT>
					<MirCliAddrEffDtT></MirCliAddrEffDtT>
					<MirCliAddrEffDtT></MirCliAddrEffDtT>
					<MirCliAddrEffDtT></MirCliAddrEffDtT>
					<MirCliAddrEffDtT></MirCliAddrEffDtT>
					<MirCliAddrEffDtT></MirCliAddrEffDtT>
					<MirCliAddrEffDtT></MirCliAddrEffDtT>
					<MirCliAddrEffDtT></MirCliAddrEffDtT>
					<MirCliAddrEffDtT></MirCliAddrEffDtT>
					<MirCliAddrEffDtT></MirCliAddrEffDtT>
					<MirCliAddrEffDtT></MirCliAddrEffDtT>
					<MirCliAddrEffDtT></MirCliAddrEffDtT>
					<MirCliAddrEffDtT></MirCliAddrEffDtT>
					<MirCliAddrEffDtT></MirCliAddrEffDtT>
					<MirCliAddrEffDtT></MirCliAddrEffDtT>
					<MirCliAddrEffDtT></MirCliAddrEffDtT>
					<MirCliAddrEffDtT></MirCliAddrEffDtT>
					<MirCliAddrEffDtT></MirCliAddrEffDtT>
					<MirCliAddrEffDtT></MirCliAddrEffDtT>
					<MirCliAddrEffDtT></MirCliAddrEffDtT>
					<MirCliAddrEffDtT></MirCliAddrEffDtT>
					<MirCliAddrEffDtT></MirCliAddrEffDtT>
					<MirCliAddrEffDtT></MirCliAddrEffDtT>
					<MirCliAddrEffDtT></MirCliAddrEffDtT>
					<MirCliAddrEffDtT></MirCliAddrEffDtT>
					<MirCliAddrEffDtT></MirCliAddrEffDtT>
					<MirCliAddrEffDtT></MirCliAddrEffDtT>
					<MirCliAddrEffDtT></MirCliAddrEffDtT>
					<MirCliAddrEffDtT></MirCliAddrEffDtT>
					<MirCliAddrEffDtT></MirCliAddrEffDtT>
					<MirCliAddrEffDtT></MirCliAddrEffDtT>
					<MirCliAddrEffDtT></MirCliAddrEffDtT>
					<MirCliAddrEffDtT></MirCliAddrEffDtT>
					<MirCliAddrEffDtT></MirCliAddrEffDtT>
					<MirCliAddrEffDtT></MirCliAddrEffDtT>
					<MirCliAddrEffDtT></MirCliAddrEffDtT>
					<MirCliAddrEffDtT></MirCliAddrEffDtT>
					<MirCliAddrEffDtT></MirCliAddrEffDtT>
					<MirCliAddrEffDtT></MirCliAddrEffDtT>
				</MirCliAddrEffDtG>
				<MirCliPstl2CdG>
					<MirCliPstl2CdT></MirCliPstl2CdT>
					<MirCliPstl2CdT></MirCliPstl2CdT>
					<MirCliPstl2CdT></MirCliPstl2CdT>
					<MirCliPstl2CdT></MirCliPstl2CdT>
					<MirCliPstl2CdT></MirCliPstl2CdT>
					<MirCliPstl2CdT></MirCliPstl2CdT>
					<MirCliPstl2CdT></MirCliPstl2CdT>
					<MirCliPstl2CdT></MirCliPstl2CdT>
					<MirCliPstl2CdT></MirCliPstl2CdT>
					<MirCliPstl2CdT></MirCliPstl2CdT>
					<MirCliPstl2CdT></MirCliPstl2CdT>
					<MirCliPstl2CdT></MirCliPstl2CdT>
					<MirCliPstl2CdT></MirCliPstl2CdT>
					<MirCliPstl2CdT></MirCliPstl2CdT>
					<MirCliPstl2CdT></MirCliPstl2CdT>
					<MirCliPstl2CdT></MirCliPstl2CdT>
					<MirCliPstl2CdT></MirCliPstl2CdT>
					<MirCliPstl2CdT></MirCliPstl2CdT>
					<MirCliPstl2CdT></MirCliPstl2CdT>
					<MirCliPstl2CdT></MirCliPstl2CdT>
					<MirCliPstl2CdT></MirCliPstl2CdT>
					<MirCliPstl2CdT></MirCliPstl2CdT>
					<MirCliPstl2CdT></MirCliPstl2CdT>
					<MirCliPstl2CdT></MirCliPstl2CdT>
					<MirCliPstl2CdT></MirCliPstl2CdT>
					<MirCliPstl2CdT></MirCliPstl2CdT>
					<MirCliPstl2CdT></MirCliPstl2CdT>
					<MirCliPstl2CdT></MirCliPstl2CdT>
					<MirCliPstl2CdT></MirCliPstl2CdT>
					<MirCliPstl2CdT></MirCliPstl2CdT>
					<MirCliPstl2CdT></MirCliPstl2CdT>
					<MirCliPstl2CdT></MirCliPstl2CdT>
					<MirCliPstl2CdT></MirCliPstl2CdT>
					<MirCliPstl2CdT></MirCliPstl2CdT>
					<MirCliPstl2CdT></MirCliPstl2CdT>
					<MirCliPstl2CdT></MirCliPstl2CdT>
					<MirCliPstl2CdT></MirCliPstl2CdT>
					<MirCliPstl2CdT></MirCliPstl2CdT>
					<MirCliPstl2CdT></MirCliPstl2CdT>
					<MirCliPstl2CdT></MirCliPstl2CdT>
					<MirCliPstl2CdT></MirCliPstl2CdT>
					<MirCliPstl2CdT></MirCliPstl2CdT>
					<MirCliPstl2CdT></MirCliPstl2CdT>
					<MirCliPstl2CdT></MirCliPstl2CdT>
					<MirCliPstl2CdT></MirCliPstl2CdT>
					<MirCliPstl2CdT></MirCliPstl2CdT>
					<MirCliPstl2CdT></MirCliPstl2CdT>
					<MirCliPstl2CdT></MirCliPstl2CdT>
					<MirCliPstl2CdT></MirCliPstl2CdT>
					<MirCliPstl2CdT></MirCliPstl2CdT>
				</MirCliPstl2CdG>
				<MirCliCtry2CdG>
					<MirCliCtry2CdT></MirCliCtry2CdT>
					<MirCliCtry2CdT></MirCliCtry2CdT>
					<MirCliCtry2CdT></MirCliCtry2CdT>
					<MirCliCtry2CdT></MirCliCtry2CdT>
					<MirCliCtry2CdT></MirCliCtry2CdT>
					<MirCliCtry2CdT></MirCliCtry2CdT>
					<MirCliCtry2CdT></MirCliCtry2CdT>
					<MirCliCtry2CdT></MirCliCtry2CdT>
					<MirCliCtry2CdT></MirCliCtry2CdT>
					<MirCliCtry2CdT></MirCliCtry2CdT>
					<MirCliCtry2CdT></MirCliCtry2CdT>
					<MirCliCtry2CdT></MirCliCtry2CdT>
					<MirCliCtry2CdT></MirCliCtry2CdT>
					<MirCliCtry2CdT></MirCliCtry2CdT>
					<MirCliCtry2CdT></MirCliCtry2CdT>
					<MirCliCtry2CdT></MirCliCtry2CdT>
					<MirCliCtry2CdT></MirCliCtry2CdT>
					<MirCliCtry2CdT></MirCliCtry2CdT>
					<MirCliCtry2CdT></MirCliCtry2CdT>
					<MirCliCtry2CdT></MirCliCtry2CdT>
					<MirCliCtry2CdT></MirCliCtry2CdT>
					<MirCliCtry2CdT></MirCliCtry2CdT>
					<MirCliCtry2CdT></MirCliCtry2CdT>
					<MirCliCtry2CdT></MirCliCtry2CdT>
					<MirCliCtry2CdT></MirCliCtry2CdT>
					<MirCliCtry2CdT></MirCliCtry2CdT>
					<MirCliCtry2CdT></MirCliCtry2CdT>
					<MirCliCtry2CdT></MirCliCtry2CdT>
					<MirCliCtry2CdT></MirCliCtry2CdT>
					<MirCliCtry2CdT></MirCliCtry2CdT>
					<MirCliCtry2CdT></MirCliCtry2CdT>
					<MirCliCtry2CdT></MirCliCtry2CdT>
					<MirCliCtry2CdT></MirCliCtry2CdT>
					<MirCliCtry2CdT></MirCliCtry2CdT>
					<MirCliCtry2CdT></MirCliCtry2CdT>
					<MirCliCtry2CdT></MirCliCtry2CdT>
					<MirCliCtry2CdT></MirCliCtry2CdT>
					<MirCliCtry2CdT></MirCliCtry2CdT>
					<MirCliCtry2CdT></MirCliCtry2CdT>
					<MirCliCtry2CdT></MirCliCtry2CdT>
					<MirCliCtry2CdT></MirCliCtry2CdT>
					<MirCliCtry2CdT></MirCliCtry2CdT>
					<MirCliCtry2CdT></MirCliCtry2CdT>
					<MirCliCtry2CdT></MirCliCtry2CdT>
					<MirCliCtry2CdT></MirCliCtry2CdT>
					<MirCliCtry2CdT></MirCliCtry2CdT>
					<MirCliCtry2CdT></MirCliCtry2CdT>
					<MirCliCtry2CdT></MirCliCtry2CdT>
					<MirCliCtry2CdT></MirCliCtry2CdT>
					<MirCliCtry2CdT></MirCliCtry2CdT>
				</MirCliCtry2CdG>
			</MirListFields>
			<MirDvAddrCreatInd></MirDvAddrCreatInd>
			<MirDvFutDtTrxnTypCd></MirDvFutDtTrxnTypCd>
			<MirCliAddrGrCd></MirCliAddrGrCd>
		</AddressCreateData>
		<ReturnCds>
			<MirRetrnCd></MirRetrnCd>
			<LsirReturnCd></LsirReturnCd>
		</ReturnCds>
		<MirUserMsgG>
			<MirUserMsgTxtG>
				<MirUserMsgTxtT></MirUserMsgTxtT>
				<MirUserMsgTxtT></MirUserMsgTxtT>
				<MirUserMsgTxtT></MirUserMsgTxtT>
				<MirUserMsgTxtT></MirUserMsgTxtT>
				<MirUserMsgTxtT></MirUserMsgTxtT>
				<MirUserMsgTxtT></MirUserMsgTxtT>
				<MirUserMsgTxtT></MirUserMsgTxtT>
				<MirUserMsgTxtT></MirUserMsgTxtT>
				<MirUserMsgTxtT></MirUserMsgTxtT>
				<MirUserMsgTxtT></MirUserMsgTxtT>
				<MirUserMsgTxtT></MirUserMsgTxtT>
				<MirUserMsgTxtT></MirUserMsgTxtT>
				<MirUserMsgTxtT></MirUserMsgTxtT>
				<MirUserMsgTxtT></MirUserMsgTxtT>
				<MirUserMsgTxtT></MirUserMsgTxtT>
				<MirUserMsgTxtT></MirUserMsgTxtT>
				<MirUserMsgTxtT></MirUserMsgTxtT>
				<MirUserMsgTxtT></MirUserMsgTxtT>
				<MirUserMsgTxtT></MirUserMsgTxtT>
				<MirUserMsgTxtT></MirUserMsgTxtT>
				<MirUserMsgTxtT></MirUserMsgTxtT>
				<MirUserMsgTxtT></MirUserMsgTxtT>
				<MirUserMsgTxtT></MirUserMsgTxtT>
				<MirUserMsgTxtT></MirUserMsgTxtT>
				<MirUserMsgTxtT></MirUserMsgTxtT>
				<MirUserMsgTxtT></MirUserMsgTxtT>
				<MirUserMsgTxtT></MirUserMsgTxtT>
				<MirUserMsgTxtT></MirUserMsgTxtT>
				<MirUserMsgTxtT></MirUserMsgTxtT>
				<MirUserMsgTxtT></MirUserMsgTxtT>
				<MirUserMsgTxtT></MirUserMsgTxtT>
				<MirUserMsgTxtT></MirUserMsgTxtT>
				<MirUserMsgTxtT></MirUserMsgTxtT>
				<MirUserMsgTxtT></MirUserMsgTxtT>
				<MirUserMsgTxtT></MirUserMsgTxtT>
				<MirUserMsgTxtT></MirUserMsgTxtT>
				<MirUserMsgTxtT></MirUserMsgTxtT>
				<MirUserMsgTxtT></MirUserMsgTxtT>
				<MirUserMsgTxtT></MirUserMsgTxtT>
				<MirUserMsgTxtT></MirUserMsgTxtT>
				<MirUserMsgTxtT></MirUserMsgTxtT>
				<MirUserMsgTxtT></MirUserMsgTxtT>
				<MirUserMsgTxtT></MirUserMsgTxtT>
				<MirUserMsgTxtT></MirUserMsgTxtT>
				<MirUserMsgTxtT></MirUserMsgTxtT>
				<MirUserMsgTxtT></MirUserMsgTxtT>
				<MirUserMsgTxtT></MirUserMsgTxtT>
				<MirUserMsgTxtT></MirUserMsgTxtT>
				<MirUserMsgTxtT></MirUserMsgTxtT>
				<MirUserMsgTxtT></MirUserMsgTxtT>
			</MirUserMsgTxtG>
			<MirUserMsgSevrtyCdG>
				<MirUserMsgSevrtyCdT></MirUserMsgSevrtyCdT>
				<MirUserMsgSevrtyCdT></MirUserMsgSevrtyCdT>
				<MirUserMsgSevrtyCdT></MirUserMsgSevrtyCdT>
				<MirUserMsgSevrtyCdT></MirUserMsgSevrtyCdT>
				<MirUserMsgSevrtyCdT></MirUserMsgSevrtyCdT>
				<MirUserMsgSevrtyCdT></MirUserMsgSevrtyCdT>
				<MirUserMsgSevrtyCdT></MirUserMsgSevrtyCdT>
				<MirUserMsgSevrtyCdT></MirUserMsgSevrtyCdT>
				<MirUserMsgSevrtyCdT></MirUserMsgSevrtyCdT>
				<MirUserMsgSevrtyCdT></MirUserMsgSevrtyCdT>
				<MirUserMsgSevrtyCdT></MirUserMsgSevrtyCdT>
				<MirUserMsgSevrtyCdT></MirUserMsgSevrtyCdT>
				<MirUserMsgSevrtyCdT></MirUserMsgSevrtyCdT>
				<MirUserMsgSevrtyCdT></MirUserMsgSevrtyCdT>
				<MirUserMsgSevrtyCdT></MirUserMsgSevrtyCdT>
				<MirUserMsgSevrtyCdT></MirUserMsgSevrtyCdT>
				<MirUserMsgSevrtyCdT></MirUserMsgSevrtyCdT>
				<MirUserMsgSevrtyCdT></MirUserMsgSevrtyCdT>
				<MirUserMsgSevrtyCdT></MirUserMsgSevrtyCdT>
				<MirUserMsgSevrtyCdT></MirUserMsgSevrtyCdT>
				<MirUserMsgSevrtyCdT></MirUserMsgSevrtyCdT>
				<MirUserMsgSevrtyCdT></MirUserMsgSevrtyCdT>
				<MirUserMsgSevrtyCdT></MirUserMsgSevrtyCdT>
				<MirUserMsgSevrtyCdT></MirUserMsgSevrtyCdT>
				<MirUserMsgSevrtyCdT></MirUserMsgSevrtyCdT>
				<MirUserMsgSevrtyCdT></MirUserMsgSevrtyCdT>
				<MirUserMsgSevrtyCdT></MirUserMsgSevrtyCdT>
				<MirUserMsgSevrtyCdT></MirUserMsgSevrtyCdT>
				<MirUserMsgSevrtyCdT></MirUserMsgSevrtyCdT>
				<MirUserMsgSevrtyCdT></MirUserMsgSevrtyCdT>
				<MirUserMsgSevrtyCdT></MirUserMsgSevrtyCdT>
				<MirUserMsgSevrtyCdT></MirUserMsgSevrtyCdT>
				<MirUserMsgSevrtyCdT></MirUserMsgSevrtyCdT>
				<MirUserMsgSevrtyCdT></MirUserMsgSevrtyCdT>
				<MirUserMsgSevrtyCdT></MirUserMsgSevrtyCdT>
				<MirUserMsgSevrtyCdT></MirUserMsgSevrtyCdT>
				<MirUserMsgSevrtyCdT></MirUserMsgSevrtyCdT>
				<MirUserMsgSevrtyCdT></MirUserMsgSevrtyCdT>
				<MirUserMsgSevrtyCdT></MirUserMsgSevrtyCdT>
				<MirUserMsgSevrtyCdT></MirUserMsgSevrtyCdT>
				<MirUserMsgSevrtyCdT></MirUserMsgSevrtyCdT>
				<MirUserMsgSevrtyCdT></MirUserMsgSevrtyCdT>
				<MirUserMsgSevrtyCdT></MirUserMsgSevrtyCdT>
				<MirUserMsgSevrtyCdT></MirUserMsgSevrtyCdT>
				<MirUserMsgSevrtyCdT></MirUserMsgSevrtyCdT>
				<MirUserMsgSevrtyCdT></MirUserMsgSevrtyCdT>
				<MirUserMsgSevrtyCdT></MirUserMsgSevrtyCdT>
				<MirUserMsgSevrtyCdT></MirUserMsgSevrtyCdT>
				<MirUserMsgSevrtyCdT></MirUserMsgSevrtyCdT>
				<MirUserMsgSevrtyCdT></MirUserMsgSevrtyCdT>
			</MirUserMsgSevrtyCdG>
		</MirUserMsgG>
	</OLifE>
