<?xml version="1.0" encoding="UTF-8"?>
<TXLife xmlns="http://ACORD.org/Standards/Life/2" xmlns:xsi="http://www.w3.org/2001/XMLSchema-instance" xmlns:xsd="http://www.w3.org/2001/XMLSchema" xsi:schemaLocation="http://ACORD.org/Standards/Life/2 ../xsd/TXLife2.9.00.xsd">
        <UserAuthRequest>
                <UserLoginName></UserLoginName>
                <UserPswd>
                        <CryptType>NONE</CryptType>
                        <Pswd></Pswd>
                </UserPswd>
        </UserAuthRequest>
        <TXLifeRequest>
                <TransRefGUID></TransRefGUID>
                <TransType tc=""></TransType>
                <TransExeDate></TransExeDate>
                <TransExeTime></TransExeTime>
                <OLifE>
		<ApplicationEntryQuestionsUpdateData>
			<MirCommonFields>
				<MirAppFormTypId></MirAppFormTypId>
				<MirCliId></MirCliId>
				<MirDvInsrdCliNm></MirDvInsrdCliNm>
				<MirLocGrId></MirLocGrId>
				<MirSbsdryCoId></MirSbsdryCoId>
				<MirPolId>
					<MirPolIdBase></MirPolIdBase>
					<MirPolIdSfx></MirPolIdSfx>
				</MirPolId>
				<MirBpfId></MirBpfId>
			</MirCommonFields>
			<MainQuestions>
				<MirAbnrmGrwthOvInd></MirAbnrmGrwthOvInd>
				<MirAbnrmGrwthUtInd></MirAbnrmGrwthUtInd>
				<MirAgtSeenCliInd></MirAgtSeenCliInd>
				<MirAidsAntibdInd></MirAidsAntibdInd>
				<MirAplcntInsAmt></MirAplcntInsAmt>
				<MirAvgHrdLiqrQty></MirAvgHrdLiqrQty>
				<MirBladderDisordInd></MirBladderDisordInd>
				<MirBloodDisordInd></MirBloodDisordInd>
				<MirBreastDisordInd></MirBreastDisordInd>
				<MirBus2YrIncmAmt></MirBus2YrIncmAmt>
				<MirBus2yrNetwthAmt></MirBus2yrNetwthAmt>
				<MirChrncCoughInd></MirChrncCoughInd>
				<MirCliAidsInd></MirCliAidsInd>
				<MirCliAnemiaInd></MirCliAnemiaInd>
				<MirCliAnxietyInd></MirCliAnxietyInd>
				<MirCliArcInd></MirCliArcInd>
				<MirCliArthritisInd></MirCliArthritisInd>
				<MirCliAsthmaInd></MirCliAsthmaInd>
				<MirCliAvgBeerQty></MirCliAvgBeerQty>
				<MirCliAvgWineQty></MirCliAvgWineQty>
				<MirCliBackPainInd></MirCliBackPainInd>
				<MirCliBleedInd></MirCliBleedInd>
				<MirCliBoneFrctrInd></MirCliBoneFrctrInd>
				<MirCliBthDfctInd></MirCliBthDfctInd>
				<MirCliCancerInd></MirCliCancerInd>
				<MirCliCardioSysInd></MirCliCardioSysInd>
				<MirCliChestPainInd></MirCliChestPainInd>
				<MirCliChoreaInd></MirCliChoreaInd>
				<MirCliCigSmkQty></MirCliCigSmkQty>
				<MirCliColitisInd></MirCliColitisInd>
				<MirCliConscsLosInd></MirCliConscsLosInd>
				<MirCliConvulsInd></MirCliConvulsInd>
				<MirCliCystInd></MirCliCystInd>
				<MirCliDeformInd></MirCliDeformInd>
				<MirCliDepresInd></MirCliDepresInd>
				<MirCliDiabetesInd></MirCliDiabetesInd>
				<MirCliDiagnsTstInd></MirCliDiagnsTstInd>
				<MirCliDiagnsTstTxt></MirCliDiagnsTstTxt>
				<MirCliDigestSysInd></MirCliDigestSysInd>
				<MirCliDisabInd></MirCliDisabInd>
				<MirCliEmphysInd></MirCliEmphysInd>
				<MirCliEplpsyInd></MirCliEplpsyInd>
				<MirCliFaintInd></MirCliFaintInd>
				<MirCliGoodHlthInd></MirCliGoodHlthInd>
				<MirCliGoutInd></MirCliGoutInd>
				<MirCliHepatitisInd></MirCliHepatitisInd>
				<MirCliHlthSympInd></MirCliHlthSympInd>
				<MirCliHzrdAvocInd></MirCliHzrdAvocInd>
				<MirCliHzrdClimbInd></MirCliHzrdClimbInd>
				<MirCliHzrdDiveInd></MirCliHzrdDiveInd>
				<MirCliHzrdFlyInd></MirCliHzrdFlyInd>
				<MirCliHzrdRaceInd></MirCliHzrdRaceInd>
				<MirCliJntPainInd></MirCliJntPainInd>
				<MirCliLiqrDrinkInd></MirCliLiqrDrinkInd>
				<MirCliLymphNodeInd></MirCliLymphNodeInd>
				<MirCliNervSysInd></MirCliNervSysInd>
				<MirCliOthrIllTxt></MirCliOthrIllTxt>
				<MirCliOthrInjTxt></MirCliOthrInjTxt>
				<MirCliOthrSurgyTxt></MirCliOthrSurgyTxt>
				<MirCliParalysisInd></MirCliParalysisInd>
				<MirCliPneumInd></MirCliPneumInd>
				<MirCliPolypInd></MirCliPolypInd>
				<MirCliPrevSmkDt></MirCliPrevSmkDt>
				<MirCliResptyInd></MirCliResptyInd>
				<MirCliResptyTxt></MirCliResptyTxt>
				<MirCliSeizureInd></MirCliSeizureInd>
				<MirCliSmkCeasInd></MirCliSmkCeasInd>
				<MirCliSmkCigInd></MirCliSmkCigInd>
				<MirCliSmkCigQty></MirCliSmkCigQty>
				<MirCliSmkOthrQty></MirCliSmkOthrQty>
				<MirCliStrokeInd></MirCliStrokeInd>
				<MirCliStrsInd></MirCliStrsInd>
				<MirCliThyroidInd></MirCliThyroidInd>
				<MirCliTobacChewQty></MirCliTobacChewQty>
				<MirCliTobacSmkQty></MirCliTobacSmkQty>
				<MirCliTremorInd></MirCliTremorInd>
				<MirCliTubercInd></MirCliTubercInd>
				<MirCliTumrInd></MirCliTumrInd>
				<MirCliUlcerInd></MirCliUlcerInd>
				<MirCliUrinBloodInd></MirCliUrinBloodInd>
				<MirCliUrinPusInd></MirCliUrinPusInd>
				<MirCliUrinSugarInd></MirCliUrinSugarInd>
				<MirCnsltDoctorInd></MirCnsltDoctorInd>
				<MirCnsltDoctorTxt></MirCnsltDoctorTxt>
				<MirCongenDisordInd></MirCongenDisordInd>
				<MirDfctsNotdInd></MirDfctsNotdInd>
				<MirDietMedctnTxt></MirDietMedctnTxt>
				<MirDrugTrtmntInd></MirDrugTrtmntInd>
				<MirEmotionDisordInd></MirEmotionDisordInd>
				<MirEnlrgGlandInd></MirEnlrgGlandInd>
				<MirFmlyHbpDiabInd></MirFmlyHbpDiabInd>
				<MirFrgnResIntntInd></MirFrgnResIntntInd>
				<MirFrgnResReasnInd></MirFrgnResReasnInd>
				<MirGlandBloodInd></MirGlandBloodInd>
				<MirHeartAttckInd></MirHeartAttckInd>
				<MirHeartMurmurInd></MirHeartMurmurInd>
				<MirHiBloodPresrInd></MirHiBloodPresrInd>
				<MirHospAdmtInd></MirHospAdmtInd>
				<MirHospAdmtTxt></MirHospAdmtTxt>
				<MirHzrdSkyDiveInd></MirHzrdSkyDiveInd>
				<MirInsAmtBasisTxt></MirInsAmtBasisTxt>
				<MirInsblRskFctInd></MirInsblRskFctInd>
				<MirInsrdOwnShrPct></MirInsrdOwnShrPct>
				<MirJvFthrInsAmt></MirJvFthrInsAmt>
				<MirJvMthrInsAmt></MirJvMthrInsAmt>
				<MirJvSibl1InsAmt></MirJvSibl1InsAmt>
				<MirJvSibl2InsAmt></MirJvSibl2InsAmt>
				<MirJvSibl3InsAmt></MirJvSibl3InsAmt>
				<MirJvSibl4InsAmt></MirJvSibl4InsAmt>
				<MirJvSibl5InsAmt></MirJvSibl5InsAmt>
				<MirJvSibl6InsAmt></MirJvSibl6InsAmt>
				<MirKidneyDisordInd></MirKidneyDisordInd>
				<MirLiverDisordInd></MirLiverDisordInd>
				<MirLowSchlGradeInd></MirLowSchlGradeInd>
				<MirMentalDisordInd></MirMentalDisordInd>
				<MirMusclSkelSysInd></MirMusclSkelSysInd>
				<MirNprscbDrugInd></MirNprscbDrugInd>
				<MirOthBloodDsrdInd></MirOthBloodDsrdInd>
				<MirOthBloodDsrdTxt></MirOthBloodDsrdTxt>
				<MirOthBreastSknInd></MirOthBreastSknInd>
				<MirOthBreastSknTxt></MirOthBreastSknTxt>
				<MirOthDigstDsrdInd></MirOthDigstDsrdInd>
				<MirOthDigstDsrdTxt></MirOthDigstDsrdTxt>
				<MirOthFrgnIntntInd></MirOthFrgnIntntInd>
				<MirOthHeartDsrdInd></MirOthHeartDsrdInd>
				<MirOthIlSurInjInd></MirOthIlSurInjInd>
				<MirOthReproDsrdInd></MirOthReproDsrdInd>
				<MirOthReprProstInd></MirOthReprProstInd>
				<MirOthReprProstTxt></MirOthReprProstTxt>
				<MirOthrHzrdAvcnInd></MirOthrHzrdAvcnInd>
				<MirOthrMbrInsTxt></MirOthrMbrInsTxt>
				<MirOthUrinDsrdInd></MirOthUrinDsrdInd>
				<MirOthUrinDsrdTxt></MirOthUrinDsrdTxt>
				<MirPrematBthInd></MirPrematBthInd>
				<MirProstatDisordInd></MirProstatDisordInd>
				<MirPsychDisordInd></MirPsychDisordInd>
				<MirRcntHospAdmtInd></MirRcntHospAdmtInd>
				<MirReproDisordInd></MirReproDisordInd>
				<MirRheumFeverInd></MirRheumFeverInd>
				<MirShrtBreathInd></MirShrtBreathInd>
				<MirSibl1Age></MirSibl1Age>
				<MirSibl2Age></MirSibl2Age>
				<MirSibl3Age></MirSibl3Age>
				<MirSibl4Age></MirSibl4Age>
				<MirSibl5Age></MirSibl5Age>
				<MirSibl6Age></MirSibl6Age>
				<MirSkinDisordInd></MirSkinDisordInd>
				<MirStomachDisordInd></MirStomachDisordInd>
				<MirUrinDisordInd></MirUrinDisordInd>
				<MirUrinProteinInd></MirUrinProteinInd>
				<MirVasclrDisordInd></MirVasclrDisordInd>
				<MirVenerlDisordInd></MirVenerlDisordInd>
				<MirCliSmkCigFreq></MirCliSmkCigFreq>
				<MirCliSmkEcigarQty></MirCliSmkEcigarQty>
				<MirCliSmkEcigarFreq></MirCliSmkEcigarFreq>
				<MirCliPrevEcigarSmkDt></MirCliPrevEcigarSmkDt>
				<MirCliSmkCigarQty></MirCliSmkCigarQty>
				<MirCliSmkCigarFreq></MirCliSmkCigarFreq>
				<MirCliPrevCigarSmkDt></MirCliPrevCigarSmkDt>
				<MirCliSmkOthrFreq></MirCliSmkOthrFreq>
				<MirCliPrevOthrSmkDt></MirCliPrevOthrSmkDt>
				<MirCliDrinkAlcInd></MirCliDrinkAlcInd>
			</MainQuestions>
			<SuppQuestions>
				<MirAbrptPlacntaInd></MirAbrptPlacntaInd>
				<MirAmlaAppSgnDt></MirAmlaAppSgnDt>
				<MirAmlaApSgnLocCd></MirAmlaApSgnLocCd>
				<MirCaesrnSectnInd></MirCaesrnSectnInd>
				<MirCliClpscpyInd></MirCliClpscpyInd>
				<MirCliCneBiopsyInd></MirCliCneBiopsyInd>
				<MirCliCrvclSmrInd></MirCliCrvclSmrInd>
				<MirCliDncInd></MirCliDncInd>
				<MirCliEctpcPregInd></MirCliEctpcPregInd>
				<MirCliHypertnsnInd></MirCliHypertnsnInd>
				<MirCliHystrscpyInd></MirCliHystrscpyInd>
				<MirCliLprscpyInd></MirCliLprscpyInd>
				<MirCliPelvicUsInd></MirCliPelvicUsInd>
				<MirCliPremLabrInd></MirCliPremLabrInd>
				<MirCliRpetSmrInd></MirCliRpetSmrInd>
				<MirCliTransVgnlInd></MirCliTransVgnlInd>
				<MirFmbqAppSgnDt></MirFmbqAppSgnDt>
				<MirFmbqAppSgnLocCd></MirFmbqAppSgnLocCd>
				<MirFmlyCancerAge></MirFmlyCancerAge>
				<MirFmlyCancerInd></MirFmlyCancerInd>
				<MirFormCertTypCd></MirFormCertTypCd>
				<MirFormCliBthDt></MirFormCliBthDt>
				<MirFormCliGivNm></MirFormCliGivNm>
				<MirFormCliMidNm></MirFormCliMidNm>
				<MirFormCliSurNm></MirFormCliSurNm>
				<MirIdCliBthDt></MirIdCliBthDt>
				<MirIdCliGivNm></MirIdCliGivNm>
				<MirIdCliMidNm></MirIdCliMidNm>
				<MirIdCliSurNm></MirIdCliSurNm>
				<MirIdCliXpryDt></MirIdCliXpryDt>
				<MirIdIssAuthTxt></MirIdIssAuthTxt>
				<MirIdNumTxt></MirIdNumTxt>
				<MirOthBrstDsrdInd></MirOthBrstDsrdInd>
				<MirOthReproOrgInd></MirOthReproOrgInd>
				<MirOthBoneDsrdInd></MirOthBoneDsrdInd>
				<MirOthImmuneDiseaseInd></MirOthImmuneDiseaseInd>
				<MirPhotoIdTypCd></MirPhotoIdTypCd>
				<MirPlacntaPrevInd></MirPlacntaPrevInd>
				<MirPreEclmpsInd></MirPreEclmpsInd>
				<MirSpntnsAbrtnInd></MirSpntnsAbrtnInd>
				<MirFthrInsCrcyCd></MirFthrInsCrcyCd>
				<MirMthrInsCrcyCd></MirMthrInsCrcyCd>
				<MirAplcntInsCrcyCd></MirAplcntInsCrcyCd>
				<MirOwnDeclReplInd></MirOwnDeclReplInd>
				<MirAgtDeclReplInd></MirAgtDeclReplInd>
				<MirWsAppSgnLocCd></MirWsAppSgnLocCd>
				<MirWsAppSgnDt></MirWsAppSgnDt>
			</SuppQuestions>
			<OtherQuestions>
				<MirUrinReproSysInd></MirUrinReproSysInd>
				<MirGrwthInBodyInd></MirGrwthInBodyInd>
				<MirAlchlTrtmntInd></MirAlchlTrtmntInd>
				<MirOthrIllSurgyInd></MirOthrIllSurgyInd>
				<MirCliAbsntWrkInd></MirCliAbsntWrkInd>
				<MirCliDisabBnftInd></MirCliDisabBnftInd>
				<MirSmkCigEverInd></MirSmkCigEverInd>
				<MirCliSmkOthrInd></MirCliSmkOthrInd>
				<MirCliSmkOthrTxt></MirCliSmkOthrTxt>
				<MirCliDrugUseTxt></MirCliDrugUseTxt>
				<MirDrugFreqUseTxt></MirDrugFreqUseTxt>
				<MirDrugPrevUseDt></MirDrugPrevUseDt>
				<MirCliHzrdSportInd></MirCliHzrdSportInd>
				<MirHzrdSportDtlTxt></MirHzrdSportDtlTxt>
				<MirHzrdDrvOffnsInd></MirHzrdDrvOffnsInd>
				<MirHzrdDrvOffnsDt></MirHzrdDrvOffnsDt>
				<MirHzrdDrvOffnsTxt></MirHzrdDrvOffnsTxt>
				<MirHzrdDrvLicId></MirHzrdDrvLicId>
				<MirCliJvInsrdInd></MirCliJvInsrdInd>
				<MirJvLivesWthTxt></MirJvLivesWthTxt>
				<MirOthrJvInsrdInd></MirOthrJvInsrdInd>
				<MirWhyChosJvTxt></MirWhyChosJvTxt>
				<MirWhyInsrdJvTxt></MirWhyInsrdJvTxt>
				<MirAgtSeenJvInd></MirAgtSeenJvInd>
				<MirJvGoodHlthInd></MirJvGoodHlthInd>
				<MirJvOwnParntInd></MirJvOwnParntInd>
				<MirOwnNotParntTxt></MirOwnNotParntTxt>
				<MirJvNmEqOwnInd></MirJvNmEqOwnInd>
				<MirJvNmDiffOwnTxt></MirJvNmDiffOwnTxt>
				<MirOwnSuprtJvInd></MirOwnSuprtJvInd>
				<MirOwnInsXcdJvInd></MirOwnInsXcdJvInd>
				<MirOccpChngTravInd></MirOccpChngTravInd>
				<MirOccpChngTravTxt></MirOccpChngTravTxt>
				<MirOccpChngTravDt></MirOccpChngTravDt>
				<MirCliTravDestTxt></MirCliTravDestTxt>
				<MirCliTravDurTxt></MirCliTravDurTxt>
				<MirCliHoAmendInd></MirCliHoAmendInd>
				<MirCliHoAmendTxt></MirCliHoAmendTxt>
				<MirCliSpclInstrInd></MirCliSpclInstrInd>
				<MirCliSpclInstrTxt></MirCliSpclInstrTxt>
				<MirInsrdTiaXistInd></MirInsrdTiaXistInd>
				<MirInsrdApchAgtInd></MirInsrdApchAgtInd>
				<MirAgtAfctAcptInd></MirAgtAfctAcptInd>
				<MirCliAppVar1Info></MirCliAppVar1Info>
				<MirCliAppVar2Info></MirCliAppVar2Info>
				<MirAnsYesInd></MirAnsYesInd>
				<MirAnsOmitInd></MirAnsOmitInd>
				<MirCliTravInd></MirCliTravInd>
				<MirCliBankruptInd></MirCliBankruptInd>
				<MirCliBankruptDt></MirCliBankruptDt>
				<MirCliBankruptStatCd></MirCliBankruptStatCd>
				<MirCliCrimeInd></MirCliCrimeInd>
				<MirCliCrimeDt></MirCliCrimeDt>
				<MirCliCrimeTypTxt></MirCliCrimeTypTxt>
				<MirCliCrimeInvTxt></MirCliCrimeInvTxt>
				<MirCliFinlDepInd></MirCliFinlDepInd>
				<MirSpouseOccpId></MirSpouseOccpId>
				<MirSpouseEarnIncmAmt></MirSpouseEarnIncmAmt>
				<MirSpouseInsTotAmt></MirSpouseInsTotAmt>
				<MirCliHepaInd></MirCliHepaInd>
				<MirCliJaundiceInd></MirCliJaundiceInd>
				<MirCliHemorInd></MirCliHemorInd>
				<MirCliEentSysInd></MirCliEentSysInd>
				<MirUrinaryTractInd></MirUrinaryTractInd>
				<MirCliMedctnTxt></MirCliMedctnTxt>
				<MirCliDoctrTxt></MirCliDoctrTxt>
				<MirCliDoctrAddrTxt></MirCliDoctrAddrTxt>
				<MirCliPublicOfcInd></MirCliPublicOfcInd>
				<MirCliCardioPrbInd></MirCliCardioPrbInd>
				<MirPrematBirthInd></MirPrematBirthInd>
				<MirCliHepaTxt></MirCliHepaTxt>
				<MirCliJaundiceTxt></MirCliJaundiceTxt>
				<MirCliHemorTxt></MirCliHemorTxt>
				<MirUrinaryTractTxt></MirUrinaryTractTxt>
				<MirDietMedctnInd></MirDietMedctnInd>
				<MirAgtCollXctPymntInd></MirAgtCollXctPymntInd>
				<MirAgtCollXctPymntTxt></MirAgtCollXctPymntTxt>
				<MirCliPublicOfcNmTxt></MirCliPublicOfcNmTxt>
				<MirCliPublicOfcPosTxt></MirCliPublicOfcPosTxt>
				<MirCliPublicOfcBnkTxt></MirCliPublicOfcBnkTxt>
				<MirCliPublicOfcCoTxt></MirCliPublicOfcCoTxt>
				<MirCliSmkAllQty></MirCliSmkAllQty>
				<MirPolAdvSurrInd></MirPolAdvSurrInd>
				<MirCiWorkSpousAmt></MirCiWorkSpousAmt>
				<MirWorkSpousTxt></MirWorkSpousTxt>
				<MirJvFthrAge></MirJvFthrAge>
				<MirCiFthrInsAmt></MirCiFthrInsAmt>
				<MirJvFthrTxt></MirJvFthrTxt>
				<MirJvMthrAge></MirJvMthrAge>
				<MirCiMthrInsAmt></MirCiMthrInsAmt>
				<MirJvMthrTxt></MirJvMthrTxt>
				<MirCiSibl1InsAmt></MirCiSibl1InsAmt>
				<MirCiSibl2InsAmt></MirCiSibl2InsAmt>
				<MirCiSibl3InsAmt></MirCiSibl3InsAmt>
				<MirCiSibl4InsAmt></MirCiSibl4InsAmt>
				<MirCiSibl5InsAmt></MirCiSibl5InsAmt>
				<MirCiSibl6InsAmt></MirCiSibl6InsAmt>
				<MirJvSibl1Txt></MirJvSibl1Txt>
				<MirJvSibl2Txt></MirJvSibl2Txt>
				<MirJvSibl3Txt></MirJvSibl3Txt>
				<MirJvSibl4Txt></MirJvSibl4Txt>
				<MirJvSibl5Txt></MirJvSibl5Txt>
				<MirJvSibl6Txt></MirJvSibl6Txt>
				<MirAplcntAge></MirAplcntAge>
				<MirCiAplcntAmt></MirCiAplcntAmt>
				<MirAplcntTxt></MirAplcntTxt>
				<MirCliOthrIllInjTxt></MirCliOthrIllInjTxt>
				<MirPhilImmigStatInd></MirPhilImmigStatInd>
				<MirCliAllAlcDrnkInd></MirCliAllAlcDrnkInd>
				<MirCliPensDetTxt></MirCliPensDetTxt>
				<MirCliDisabDetTxt></MirCliDisabDetTxt>
				<MirCliBankrptCrimeInd></MirCliBankrptCrimeInd>
				<MirCliBankrptCrimeTxt></MirCliBankrptCrimeTxt>
				<MirTempLifeQ2Txt></MirTempLifeQ2Txt>
				<MirTempLifeQ3Txt></MirTempLifeQ3Txt>
				<MirFthrCiInsCrcyCd></MirFthrCiInsCrcyCd>
				<MirMthrCiInsCrcyCd></MirMthrCiInsCrcyCd>
				<MirAplcntCiInsCrcyCd></MirAplcntCiInsCrcyCd>
				<MirWorkSpousTotCrcyCd></MirWorkSpousTotCrcyCd>
				<MirWorkSpousCiCrcyCd></MirWorkSpousCiCrcyCd>
				<MirRelgovRelTypCd></MirRelgovRelTypCd>
			</OtherQuestions>
		</ApplicationEntryQuestionsUpdateData>
        </OLifE>
        </TXLifeRequest>
</TXLife>
