<?xml version="1.0" encoding="UTF-8"?>
<TXLife xmlns="http://ACORD.org/Standards/Life/2" xmlns:xsi="http://www.w3.org/2001/XMLSchema-instance" xmlns:xsd="http://www.w3.org/2001/XMLSchema" xsi:schemaLocation="http://ACORD.org/Standards/Life/2 ../xsd/TXLife2.9.00.xsd">
        <UserAuthRequest>
                <UserLoginName></UserLoginName>
                <UserPswd>
                        <CryptType>NONE</CryptType>
                        <Pswd></Pswd>
                </UserPswd>
        </UserAuthRequest>
        <TXLifeRequest>
                <TransRefGUID></TransRefGUID>
                <TransType tc=""></TransType>
                <TransExeDate></TransExeDate>
                <TransExeTime></TransExeTime>
                <OLifE>
		<BeneficiaryUpdateData>
			<MirCvgNum></MirCvgNum>
			<MirPolId>
				<MirPolIdBase></MirPolIdBase>
				<MirPolIdSfx></MirPolIdSfx>
			</MirPolId>
			<MirBnfySeqNum></MirBnfySeqNum>
			<MirCliAddrTypCd></MirCliAddrTypCd>
			<MirBnfyNm></MirBnfyNm>
			<MirBnfyPrcdsPct></MirBnfyPrcdsPct>
			<MirBnfyTypCd></MirBnfyTypCd>
			<MirCliId></MirCliId>
			<MirBnfyDesgntCd></MirBnfyDesgntCd>
			<MirBnfyMinrInd></MirBnfyMinrInd>
			<MirBnfyRelInsrdCd></MirBnfyRelInsrdCd>
			<MirDvBnfyUpdtInd></MirDvBnfyUpdtInd>
			<MirDesgntBnfyInd></MirDesgntBnfyInd>
			<MirDvPolBnfyXistInd></MirDvPolBnfyXistInd>
			<MirBnfyDthEndowCd></MirBnfyDthEndowCd>
			<MirBnfyBthDt></MirBnfyBthDt>
			<MirBnfyNmG>
				<MirBnfyNmT></MirBnfyNmT>
				<MirBnfyNmT></MirBnfyNmT>
				<MirBnfyNmT></MirBnfyNmT>
				<MirBnfyNmT></MirBnfyNmT>
				<MirBnfyNmT></MirBnfyNmT>
				<MirBnfyNmT></MirBnfyNmT>
				<MirBnfyNmT></MirBnfyNmT>
				<MirBnfyNmT></MirBnfyNmT>
				<MirBnfyNmT></MirBnfyNmT>
				<MirBnfyNmT></MirBnfyNmT>
				<MirBnfyNmT></MirBnfyNmT>
				<MirBnfyNmT></MirBnfyNmT>
			</MirBnfyNmG>
			<MirBnfyPrcdsPctG>
				<MirBnfyPrcdsPctT></MirBnfyPrcdsPctT>
				<MirBnfyPrcdsPctT></MirBnfyPrcdsPctT>
				<MirBnfyPrcdsPctT></MirBnfyPrcdsPctT>
				<MirBnfyPrcdsPctT></MirBnfyPrcdsPctT>
				<MirBnfyPrcdsPctT></MirBnfyPrcdsPctT>
				<MirBnfyPrcdsPctT></MirBnfyPrcdsPctT>
				<MirBnfyPrcdsPctT></MirBnfyPrcdsPctT>
				<MirBnfyPrcdsPctT></MirBnfyPrcdsPctT>
				<MirBnfyPrcdsPctT></MirBnfyPrcdsPctT>
				<MirBnfyPrcdsPctT></MirBnfyPrcdsPctT>
				<MirBnfyPrcdsPctT></MirBnfyPrcdsPctT>
				<MirBnfyPrcdsPctT></MirBnfyPrcdsPctT>
			</MirBnfyPrcdsPctG>
			<MirBnfyTypCdG>
				<MirBnfyTypCdT></MirBnfyTypCdT>
				<MirBnfyTypCdT></MirBnfyTypCdT>
				<MirBnfyTypCdT></MirBnfyTypCdT>
				<MirBnfyTypCdT></MirBnfyTypCdT>
				<MirBnfyTypCdT></MirBnfyTypCdT>
				<MirBnfyTypCdT></MirBnfyTypCdT>
				<MirBnfyTypCdT></MirBnfyTypCdT>
				<MirBnfyTypCdT></MirBnfyTypCdT>
				<MirBnfyTypCdT></MirBnfyTypCdT>
				<MirBnfyTypCdT></MirBnfyTypCdT>
				<MirBnfyTypCdT></MirBnfyTypCdT>
				<MirBnfyTypCdT></MirBnfyTypCdT>
			</MirBnfyTypCdG>
			<MirCliIdG>
				<MirCliIdT></MirCliIdT>
				<MirCliIdT></MirCliIdT>
				<MirCliIdT></MirCliIdT>
				<MirCliIdT></MirCliIdT>
				<MirCliIdT></MirCliIdT>
				<MirCliIdT></MirCliIdT>
				<MirCliIdT></MirCliIdT>
				<MirCliIdT></MirCliIdT>
				<MirCliIdT></MirCliIdT>
				<MirCliIdT></MirCliIdT>
				<MirCliIdT></MirCliIdT>
				<MirCliIdT></MirCliIdT>
			</MirCliIdG>
			<MirBnfyDesgntCdG>
				<MirBnfyDesgntCdT></MirBnfyDesgntCdT>
				<MirBnfyDesgntCdT></MirBnfyDesgntCdT>
				<MirBnfyDesgntCdT></MirBnfyDesgntCdT>
				<MirBnfyDesgntCdT></MirBnfyDesgntCdT>
				<MirBnfyDesgntCdT></MirBnfyDesgntCdT>
				<MirBnfyDesgntCdT></MirBnfyDesgntCdT>
				<MirBnfyDesgntCdT></MirBnfyDesgntCdT>
				<MirBnfyDesgntCdT></MirBnfyDesgntCdT>
				<MirBnfyDesgntCdT></MirBnfyDesgntCdT>
				<MirBnfyDesgntCdT></MirBnfyDesgntCdT>
				<MirBnfyDesgntCdT></MirBnfyDesgntCdT>
				<MirBnfyDesgntCdT></MirBnfyDesgntCdT>
			</MirBnfyDesgntCdG>
			<MirCvgNumG>
				<MirCvgNumT></MirCvgNumT>
				<MirCvgNumT></MirCvgNumT>
				<MirCvgNumT></MirCvgNumT>
				<MirCvgNumT></MirCvgNumT>
				<MirCvgNumT></MirCvgNumT>
				<MirCvgNumT></MirCvgNumT>
				<MirCvgNumT></MirCvgNumT>
				<MirCvgNumT></MirCvgNumT>
				<MirCvgNumT></MirCvgNumT>
				<MirCvgNumT></MirCvgNumT>
				<MirCvgNumT></MirCvgNumT>
				<MirCvgNumT></MirCvgNumT>
			</MirCvgNumG>
			<MirBnfyRelInsrdCdG>
				<MirBnfyRelInsrdCdT></MirBnfyRelInsrdCdT>
				<MirBnfyRelInsrdCdT></MirBnfyRelInsrdCdT>
				<MirBnfyRelInsrdCdT></MirBnfyRelInsrdCdT>
				<MirBnfyRelInsrdCdT></MirBnfyRelInsrdCdT>
				<MirBnfyRelInsrdCdT></MirBnfyRelInsrdCdT>
				<MirBnfyRelInsrdCdT></MirBnfyRelInsrdCdT>
				<MirBnfyRelInsrdCdT></MirBnfyRelInsrdCdT>
				<MirBnfyRelInsrdCdT></MirBnfyRelInsrdCdT>
				<MirBnfyRelInsrdCdT></MirBnfyRelInsrdCdT>
				<MirBnfyRelInsrdCdT></MirBnfyRelInsrdCdT>
				<MirBnfyRelInsrdCdT></MirBnfyRelInsrdCdT>
				<MirBnfyRelInsrdCdT></MirBnfyRelInsrdCdT>
			</MirBnfyRelInsrdCdG>
			<MirBnfySeqNumG>
				<MirBnfySeqNumT></MirBnfySeqNumT>
				<MirBnfySeqNumT></MirBnfySeqNumT>
				<MirBnfySeqNumT></MirBnfySeqNumT>
				<MirBnfySeqNumT></MirBnfySeqNumT>
				<MirBnfySeqNumT></MirBnfySeqNumT>
				<MirBnfySeqNumT></MirBnfySeqNumT>
				<MirBnfySeqNumT></MirBnfySeqNumT>
				<MirBnfySeqNumT></MirBnfySeqNumT>
				<MirBnfySeqNumT></MirBnfySeqNumT>
				<MirBnfySeqNumT></MirBnfySeqNumT>
				<MirBnfySeqNumT></MirBnfySeqNumT>
				<MirBnfySeqNumT></MirBnfySeqNumT>
			</MirBnfySeqNumG>
			<MirDesgntBnfyIndG>
				<MirDesgntBnfyIndT></MirDesgntBnfyIndT>
				<MirDesgntBnfyIndT></MirDesgntBnfyIndT>
				<MirDesgntBnfyIndT></MirDesgntBnfyIndT>
				<MirDesgntBnfyIndT></MirDesgntBnfyIndT>
				<MirDesgntBnfyIndT></MirDesgntBnfyIndT>
				<MirDesgntBnfyIndT></MirDesgntBnfyIndT>
				<MirDesgntBnfyIndT></MirDesgntBnfyIndT>
				<MirDesgntBnfyIndT></MirDesgntBnfyIndT>
				<MirDesgntBnfyIndT></MirDesgntBnfyIndT>
				<MirDesgntBnfyIndT></MirDesgntBnfyIndT>
				<MirDesgntBnfyIndT></MirDesgntBnfyIndT>
				<MirDesgntBnfyIndT></MirDesgntBnfyIndT>
			</MirDesgntBnfyIndG>
			<MirBnfyDthEndowCdG>
				<MirBnfyDthEndowCdT></MirBnfyDthEndowCdT>
				<MirBnfyDthEndowCdT></MirBnfyDthEndowCdT>
				<MirBnfyDthEndowCdT></MirBnfyDthEndowCdT>
				<MirBnfyDthEndowCdT></MirBnfyDthEndowCdT>
				<MirBnfyDthEndowCdT></MirBnfyDthEndowCdT>
				<MirBnfyDthEndowCdT></MirBnfyDthEndowCdT>
				<MirBnfyDthEndowCdT></MirBnfyDthEndowCdT>
				<MirBnfyDthEndowCdT></MirBnfyDthEndowCdT>
				<MirBnfyDthEndowCdT></MirBnfyDthEndowCdT>
				<MirBnfyDthEndowCdT></MirBnfyDthEndowCdT>
				<MirBnfyDthEndowCdT></MirBnfyDthEndowCdT>
				<MirBnfyDthEndowCdT></MirBnfyDthEndowCdT>
			</MirBnfyDthEndowCdG>
			<MirBnfyBthDtG>
				<MirBnfyBthDtT></MirBnfyBthDtT>
				<MirBnfyBthDtT></MirBnfyBthDtT>
				<MirBnfyBthDtT></MirBnfyBthDtT>
				<MirBnfyBthDtT></MirBnfyBthDtT>
				<MirBnfyBthDtT></MirBnfyBthDtT>
				<MirBnfyBthDtT></MirBnfyBthDtT>
				<MirBnfyBthDtT></MirBnfyBthDtT>
				<MirBnfyBthDtT></MirBnfyBthDtT>
				<MirBnfyBthDtT></MirBnfyBthDtT>
				<MirBnfyBthDtT></MirBnfyBthDtT>
				<MirBnfyBthDtT></MirBnfyBthDtT>
				<MirBnfyBthDtT></MirBnfyBthDtT>
			</MirBnfyBthDtG>
			<MirBnfyCtznCtry1Cd></MirBnfyCtznCtry1Cd>
			<MirBnfyCtznCtry2Cd></MirBnfyCtznCtry2Cd>
			<MirBnfyCtznCtry3Cd></MirBnfyCtznCtry3Cd>
			<MirBnfyBthCtryCd></MirBnfyBthCtryCd>
			<MirBnfyAddrLnTxt></MirBnfyAddrLnTxt>
			<MirBnfyAddrCtryCd></MirBnfyAddrCtryCd>
			<MirDvBnfyCreatInd></MirDvBnfyCreatInd>
			<MirBnfyResCtry1Cd></MirBnfyResCtry1Cd>
			<MirBnfyResCtry2Cd></MirBnfyResCtry2Cd>
			<MirBnfyResCtry3Cd></MirBnfyResCtry3Cd>
			<MirBnfyGivNm></MirBnfyGivNm>
			<MirBnfyMidNm></MirBnfyMidNm>
			<MirBnfySurNm></MirBnfySurNm>
			<MirBnfySfxNm></MirBnfySfxNm>
			<MirBnfyCoNm></MirBnfyCoNm>
			<MirBnfyClasCd></MirBnfyClasCd>
			<MirBnfyCityNmTxt></MirBnfyCityNmTxt>
			<MirBnfyTaxId></MirBnfyTaxId>
			<MirBnfyUsTaxId></MirBnfyUsTaxId>
			<MirBnfyOthTaxId></MirBnfyOthTaxId>
			<MirBnfyBusCntctCtryCd></MirBnfyBusCntctCtryCd>
			<MirBnfyBusCntctAreaCd></MirBnfyBusCntctAreaCd>
			<MirBnfyBusCntctIdTxt></MirBnfyBusCntctIdTxt>
			<MirBnfyCelCntctCtryCd></MirBnfyCelCntctCtryCd>
			<MirBnfyCelCntctAreaCd></MirBnfyCelCntctAreaCd>
			<MirBnfyCelCntctIdTxt></MirBnfyCelCntctIdTxt>
			<MirBnfyResCntctCtryCd></MirBnfyResCntctCtryCd>
			<MirBnfyResCntctAreaCd></MirBnfyResCntctAreaCd>
			<MirBnfyResCntctIdTxt></MirBnfyResCntctIdTxt>
			<MirBnfyIrsFormCd></MirBnfyIrsFormCd>
			<MirBnfyIrsSignDt></MirBnfyIrsSignDt>
			<MirBnfyIrsSbmsnDt></MirBnfyIrsSbmsnDt>
			<MirBnfyIrsEffDt></MirBnfyIrsEffDt>
			<MirBnfyIrsFormStatCd></MirBnfyIrsFormStatCd>
			<MirBnfyFlgUpdtDt></MirBnfyFlgUpdtDt>
			<MirBnfyFlgTypCd></MirBnfyFlgTypCd>
			<MirBnfyPersnUpdtDt></MirBnfyPersnUpdtDt>
			<MirBnfyPersnInd></MirBnfyPersnInd>
			<MirBnfyReqtDt></MirBnfyReqtDt>
			<MirBnfyReqtStatCd></MirBnfyReqtStatCd>
			<MirBnfyBusRegCtryCd></MirBnfyBusRegCtryCd>
			<MirBnfyUsTaxIdTxt></MirBnfyUsTaxIdTxt>
			<MirBnfyGiinIdTxt></MirBnfyGiinIdTxt>
			<MirBnfyFrgnTaxIdTxt></MirBnfyFrgnTaxIdTxt>
			<MirBnfyEntClasCd></MirBnfyEntClasCd>
			<MirBnfyFatcaStatCd></MirBnfyFatcaStatCd>
			<MirBnfySubUsOwnInd></MirBnfySubUsOwnInd>
		</BeneficiaryUpdateData>
        </OLifE>
        </TXLifeRequest>
</TXLife>
