<?xml version="1.0" encoding="UTF-8"?>
<TXLife xmlns="http://ACORD.org/Standards/Life/2" xmlns:xsi="http://www.w3.org/2001/XMLSchema-instance" xmlns:xsd="http://www.w3.org/2001/XMLSchema" xsi:schemaLocation="http://ACORD.org/Standards/Life/2 ../xsd/TXLife2.9.00.xsd">
        <UserAuthRequest>
                <UserLoginName></UserLoginName>
                <UserPswd>
                        <CryptType>NONE</CryptType>
                        <Pswd></Pswd>
                </UserPswd>
        </UserAuthRequest>
        <TXLifeRequest>
                <TransRefGUID></TransRefGUID>
                <TransType tc=""></TransType>
                <TransExeDate></TransExeDate>
                <TransExeTime></TransExeTime>
                <OLifE>
		<ClearCaseMessagesData>
				<MirCliId></MirCliId>
				<MirDocId></MirDocId>
				<MirDvPrevUpdtDt></MirDvPrevUpdtDt>
				<MirMissInfoIndG>
					<MirMissInfoIndT></MirMissInfoIndT>
					<MirMissInfoIndT></MirMissInfoIndT>
					<MirMissInfoIndT></MirMissInfoIndT>
					<MirMissInfoIndT></MirMissInfoIndT>
					<MirMissInfoIndT></MirMissInfoIndT>
					<MirMissInfoIndT></MirMissInfoIndT>
					<MirMissInfoIndT></MirMissInfoIndT>
					<MirMissInfoIndT></MirMissInfoIndT>
					<MirMissInfoIndT></MirMissInfoIndT>
					<MirMissInfoIndT></MirMissInfoIndT>
					<MirMissInfoIndT></MirMissInfoIndT>
					<MirMissInfoIndT></MirMissInfoIndT>
					<MirMissInfoIndT></MirMissInfoIndT>
					<MirMissInfoIndT></MirMissInfoIndT>
					<MirMissInfoIndT></MirMissInfoIndT>
					<MirMissInfoIndT></MirMissInfoIndT>
					<MirMissInfoIndT></MirMissInfoIndT>
					<MirMissInfoIndT></MirMissInfoIndT>
					<MirMissInfoIndT></MirMissInfoIndT>
					<MirMissInfoIndT></MirMissInfoIndT>
					<MirMissInfoIndT></MirMissInfoIndT>
					<MirMissInfoIndT></MirMissInfoIndT>
					<MirMissInfoIndT></MirMissInfoIndT>
					<MirMissInfoIndT></MirMissInfoIndT>
					<MirMissInfoIndT></MirMissInfoIndT>
					<MirMissInfoIndT></MirMissInfoIndT>
					<MirMissInfoIndT></MirMissInfoIndT>
					<MirMissInfoIndT></MirMissInfoIndT>
					<MirMissInfoIndT></MirMissInfoIndT>
					<MirMissInfoIndT></MirMissInfoIndT>
					<MirMissInfoIndT></MirMissInfoIndT>
					<MirMissInfoIndT></MirMissInfoIndT>
					<MirMissInfoIndT></MirMissInfoIndT>
					<MirMissInfoIndT></MirMissInfoIndT>
					<MirMissInfoIndT></MirMissInfoIndT>
					<MirMissInfoIndT></MirMissInfoIndT>
					<MirMissInfoIndT></MirMissInfoIndT>
					<MirMissInfoIndT></MirMissInfoIndT>
					<MirMissInfoIndT></MirMissInfoIndT>
					<MirMissInfoIndT></MirMissInfoIndT>
					<MirMissInfoIndT></MirMissInfoIndT>
					<MirMissInfoIndT></MirMissInfoIndT>
					<MirMissInfoIndT></MirMissInfoIndT>
					<MirMissInfoIndT></MirMissInfoIndT>
					<MirMissInfoIndT></MirMissInfoIndT>
					<MirMissInfoIndT></MirMissInfoIndT>
					<MirMissInfoIndT></MirMissInfoIndT>
					<MirMissInfoIndT></MirMissInfoIndT>
					<MirMissInfoIndT></MirMissInfoIndT>
					<MirMissInfoIndT></MirMissInfoIndT>
				</MirMissInfoIndG>
				<MirCcasMsgRespTxtG>
					<MirCcasMsgRespTxtT></MirCcasMsgRespTxtT>
					<MirCcasMsgRespTxtT></MirCcasMsgRespTxtT>
					<MirCcasMsgRespTxtT></MirCcasMsgRespTxtT>
					<MirCcasMsgRespTxtT></MirCcasMsgRespTxtT>
					<MirCcasMsgRespTxtT></MirCcasMsgRespTxtT>
					<MirCcasMsgRespTxtT></MirCcasMsgRespTxtT>
					<MirCcasMsgRespTxtT></MirCcasMsgRespTxtT>
					<MirCcasMsgRespTxtT></MirCcasMsgRespTxtT>
					<MirCcasMsgRespTxtT></MirCcasMsgRespTxtT>
					<MirCcasMsgRespTxtT></MirCcasMsgRespTxtT>
					<MirCcasMsgRespTxtT></MirCcasMsgRespTxtT>
					<MirCcasMsgRespTxtT></MirCcasMsgRespTxtT>
					<MirCcasMsgRespTxtT></MirCcasMsgRespTxtT>
					<MirCcasMsgRespTxtT></MirCcasMsgRespTxtT>
					<MirCcasMsgRespTxtT></MirCcasMsgRespTxtT>
					<MirCcasMsgRespTxtT></MirCcasMsgRespTxtT>
					<MirCcasMsgRespTxtT></MirCcasMsgRespTxtT>
					<MirCcasMsgRespTxtT></MirCcasMsgRespTxtT>
					<MirCcasMsgRespTxtT></MirCcasMsgRespTxtT>
					<MirCcasMsgRespTxtT></MirCcasMsgRespTxtT>
					<MirCcasMsgRespTxtT></MirCcasMsgRespTxtT>
					<MirCcasMsgRespTxtT></MirCcasMsgRespTxtT>
					<MirCcasMsgRespTxtT></MirCcasMsgRespTxtT>
					<MirCcasMsgRespTxtT></MirCcasMsgRespTxtT>
					<MirCcasMsgRespTxtT></MirCcasMsgRespTxtT>
					<MirCcasMsgRespTxtT></MirCcasMsgRespTxtT>
					<MirCcasMsgRespTxtT></MirCcasMsgRespTxtT>
					<MirCcasMsgRespTxtT></MirCcasMsgRespTxtT>
					<MirCcasMsgRespTxtT></MirCcasMsgRespTxtT>
					<MirCcasMsgRespTxtT></MirCcasMsgRespTxtT>
					<MirCcasMsgRespTxtT></MirCcasMsgRespTxtT>
					<MirCcasMsgRespTxtT></MirCcasMsgRespTxtT>
					<MirCcasMsgRespTxtT></MirCcasMsgRespTxtT>
					<MirCcasMsgRespTxtT></MirCcasMsgRespTxtT>
					<MirCcasMsgRespTxtT></MirCcasMsgRespTxtT>
					<MirCcasMsgRespTxtT></MirCcasMsgRespTxtT>
					<MirCcasMsgRespTxtT></MirCcasMsgRespTxtT>
					<MirCcasMsgRespTxtT></MirCcasMsgRespTxtT>
					<MirCcasMsgRespTxtT></MirCcasMsgRespTxtT>
					<MirCcasMsgRespTxtT></MirCcasMsgRespTxtT>
					<MirCcasMsgRespTxtT></MirCcasMsgRespTxtT>
					<MirCcasMsgRespTxtT></MirCcasMsgRespTxtT>
					<MirCcasMsgRespTxtT></MirCcasMsgRespTxtT>
					<MirCcasMsgRespTxtT></MirCcasMsgRespTxtT>
					<MirCcasMsgRespTxtT></MirCcasMsgRespTxtT>
					<MirCcasMsgRespTxtT></MirCcasMsgRespTxtT>
					<MirCcasMsgRespTxtT></MirCcasMsgRespTxtT>
					<MirCcasMsgRespTxtT></MirCcasMsgRespTxtT>
					<MirCcasMsgRespTxtT></MirCcasMsgRespTxtT>
					<MirCcasMsgRespTxtT></MirCcasMsgRespTxtT>
				</MirCcasMsgRespTxtG>
				<MirCcasMsgSeqNumG>
					<MirCcasMsgSeqNumT></MirCcasMsgSeqNumT>
					<MirCcasMsgSeqNumT></MirCcasMsgSeqNumT>
					<MirCcasMsgSeqNumT></MirCcasMsgSeqNumT>
					<MirCcasMsgSeqNumT></MirCcasMsgSeqNumT>
					<MirCcasMsgSeqNumT></MirCcasMsgSeqNumT>
					<MirCcasMsgSeqNumT></MirCcasMsgSeqNumT>
					<MirCcasMsgSeqNumT></MirCcasMsgSeqNumT>
					<MirCcasMsgSeqNumT></MirCcasMsgSeqNumT>
					<MirCcasMsgSeqNumT></MirCcasMsgSeqNumT>
					<MirCcasMsgSeqNumT></MirCcasMsgSeqNumT>
					<MirCcasMsgSeqNumT></MirCcasMsgSeqNumT>
					<MirCcasMsgSeqNumT></MirCcasMsgSeqNumT>
					<MirCcasMsgSeqNumT></MirCcasMsgSeqNumT>
					<MirCcasMsgSeqNumT></MirCcasMsgSeqNumT>
					<MirCcasMsgSeqNumT></MirCcasMsgSeqNumT>
					<MirCcasMsgSeqNumT></MirCcasMsgSeqNumT>
					<MirCcasMsgSeqNumT></MirCcasMsgSeqNumT>
					<MirCcasMsgSeqNumT></MirCcasMsgSeqNumT>
					<MirCcasMsgSeqNumT></MirCcasMsgSeqNumT>
					<MirCcasMsgSeqNumT></MirCcasMsgSeqNumT>
					<MirCcasMsgSeqNumT></MirCcasMsgSeqNumT>
					<MirCcasMsgSeqNumT></MirCcasMsgSeqNumT>
					<MirCcasMsgSeqNumT></MirCcasMsgSeqNumT>
					<MirCcasMsgSeqNumT></MirCcasMsgSeqNumT>
					<MirCcasMsgSeqNumT></MirCcasMsgSeqNumT>
					<MirCcasMsgSeqNumT></MirCcasMsgSeqNumT>
					<MirCcasMsgSeqNumT></MirCcasMsgSeqNumT>
					<MirCcasMsgSeqNumT></MirCcasMsgSeqNumT>
					<MirCcasMsgSeqNumT></MirCcasMsgSeqNumT>
					<MirCcasMsgSeqNumT></MirCcasMsgSeqNumT>
					<MirCcasMsgSeqNumT></MirCcasMsgSeqNumT>
					<MirCcasMsgSeqNumT></MirCcasMsgSeqNumT>
					<MirCcasMsgSeqNumT></MirCcasMsgSeqNumT>
					<MirCcasMsgSeqNumT></MirCcasMsgSeqNumT>
					<MirCcasMsgSeqNumT></MirCcasMsgSeqNumT>
					<MirCcasMsgSeqNumT></MirCcasMsgSeqNumT>
					<MirCcasMsgSeqNumT></MirCcasMsgSeqNumT>
					<MirCcasMsgSeqNumT></MirCcasMsgSeqNumT>
					<MirCcasMsgSeqNumT></MirCcasMsgSeqNumT>
					<MirCcasMsgSeqNumT></MirCcasMsgSeqNumT>
					<MirCcasMsgSeqNumT></MirCcasMsgSeqNumT>
					<MirCcasMsgSeqNumT></MirCcasMsgSeqNumT>
					<MirCcasMsgSeqNumT></MirCcasMsgSeqNumT>
					<MirCcasMsgSeqNumT></MirCcasMsgSeqNumT>
					<MirCcasMsgSeqNumT></MirCcasMsgSeqNumT>
					<MirCcasMsgSeqNumT></MirCcasMsgSeqNumT>
					<MirCcasMsgSeqNumT></MirCcasMsgSeqNumT>
					<MirCcasMsgSeqNumT></MirCcasMsgSeqNumT>
					<MirCcasMsgSeqNumT></MirCcasMsgSeqNumT>
					<MirCcasMsgSeqNumT></MirCcasMsgSeqNumT>
				</MirCcasMsgSeqNumG>
				<MirMsgTxtG>
					<MirMsgTxtT></MirMsgTxtT>
					<MirMsgTxtT></MirMsgTxtT>
					<MirMsgTxtT></MirMsgTxtT>
					<MirMsgTxtT></MirMsgTxtT>
					<MirMsgTxtT></MirMsgTxtT>
					<MirMsgTxtT></MirMsgTxtT>
					<MirMsgTxtT></MirMsgTxtT>
					<MirMsgTxtT></MirMsgTxtT>
					<MirMsgTxtT></MirMsgTxtT>
					<MirMsgTxtT></MirMsgTxtT>
					<MirMsgTxtT></MirMsgTxtT>
					<MirMsgTxtT></MirMsgTxtT>
					<MirMsgTxtT></MirMsgTxtT>
					<MirMsgTxtT></MirMsgTxtT>
					<MirMsgTxtT></MirMsgTxtT>
					<MirMsgTxtT></MirMsgTxtT>
					<MirMsgTxtT></MirMsgTxtT>
					<MirMsgTxtT></MirMsgTxtT>
					<MirMsgTxtT></MirMsgTxtT>
					<MirMsgTxtT></MirMsgTxtT>
					<MirMsgTxtT></MirMsgTxtT>
					<MirMsgTxtT></MirMsgTxtT>
					<MirMsgTxtT></MirMsgTxtT>
					<MirMsgTxtT></MirMsgTxtT>
					<MirMsgTxtT></MirMsgTxtT>
					<MirMsgTxtT></MirMsgTxtT>
					<MirMsgTxtT></MirMsgTxtT>
					<MirMsgTxtT></MirMsgTxtT>
					<MirMsgTxtT></MirMsgTxtT>
					<MirMsgTxtT></MirMsgTxtT>
					<MirMsgTxtT></MirMsgTxtT>
					<MirMsgTxtT></MirMsgTxtT>
					<MirMsgTxtT></MirMsgTxtT>
					<MirMsgTxtT></MirMsgTxtT>
					<MirMsgTxtT></MirMsgTxtT>
					<MirMsgTxtT></MirMsgTxtT>
					<MirMsgTxtT></MirMsgTxtT>
					<MirMsgTxtT></MirMsgTxtT>
					<MirMsgTxtT></MirMsgTxtT>
					<MirMsgTxtT></MirMsgTxtT>
					<MirMsgTxtT></MirMsgTxtT>
					<MirMsgTxtT></MirMsgTxtT>
					<MirMsgTxtT></MirMsgTxtT>
					<MirMsgTxtT></MirMsgTxtT>
					<MirMsgTxtT></MirMsgTxtT>
					<MirMsgTxtT></MirMsgTxtT>
					<MirMsgTxtT></MirMsgTxtT>
					<MirMsgTxtT></MirMsgTxtT>
					<MirMsgTxtT></MirMsgTxtT>
					<MirMsgTxtT></MirMsgTxtT>
				</MirMsgTxtG>
				<MirInsrdCliIdG>
					<MirInsrdCliIdT></MirInsrdCliIdT>
					<MirInsrdCliIdT></MirInsrdCliIdT>
					<MirInsrdCliIdT></MirInsrdCliIdT>
					<MirInsrdCliIdT></MirInsrdCliIdT>
					<MirInsrdCliIdT></MirInsrdCliIdT>
					<MirInsrdCliIdT></MirInsrdCliIdT>
					<MirInsrdCliIdT></MirInsrdCliIdT>
					<MirInsrdCliIdT></MirInsrdCliIdT>
					<MirInsrdCliIdT></MirInsrdCliIdT>
					<MirInsrdCliIdT></MirInsrdCliIdT>
					<MirInsrdCliIdT></MirInsrdCliIdT>
					<MirInsrdCliIdT></MirInsrdCliIdT>
					<MirInsrdCliIdT></MirInsrdCliIdT>
					<MirInsrdCliIdT></MirInsrdCliIdT>
					<MirInsrdCliIdT></MirInsrdCliIdT>
					<MirInsrdCliIdT></MirInsrdCliIdT>
					<MirInsrdCliIdT></MirInsrdCliIdT>
					<MirInsrdCliIdT></MirInsrdCliIdT>
					<MirInsrdCliIdT></MirInsrdCliIdT>
					<MirInsrdCliIdT></MirInsrdCliIdT>
					<MirInsrdCliIdT></MirInsrdCliIdT>
					<MirInsrdCliIdT></MirInsrdCliIdT>
					<MirInsrdCliIdT></MirInsrdCliIdT>
					<MirInsrdCliIdT></MirInsrdCliIdT>
					<MirInsrdCliIdT></MirInsrdCliIdT>
					<MirInsrdCliIdT></MirInsrdCliIdT>
					<MirInsrdCliIdT></MirInsrdCliIdT>
					<MirInsrdCliIdT></MirInsrdCliIdT>
					<MirInsrdCliIdT></MirInsrdCliIdT>
					<MirInsrdCliIdT></MirInsrdCliIdT>
					<MirInsrdCliIdT></MirInsrdCliIdT>
					<MirInsrdCliIdT></MirInsrdCliIdT>
					<MirInsrdCliIdT></MirInsrdCliIdT>
					<MirInsrdCliIdT></MirInsrdCliIdT>
					<MirInsrdCliIdT></MirInsrdCliIdT>
					<MirInsrdCliIdT></MirInsrdCliIdT>
					<MirInsrdCliIdT></MirInsrdCliIdT>
					<MirInsrdCliIdT></MirInsrdCliIdT>
					<MirInsrdCliIdT></MirInsrdCliIdT>
					<MirInsrdCliIdT></MirInsrdCliIdT>
					<MirInsrdCliIdT></MirInsrdCliIdT>
					<MirInsrdCliIdT></MirInsrdCliIdT>
					<MirInsrdCliIdT></MirInsrdCliIdT>
					<MirInsrdCliIdT></MirInsrdCliIdT>
					<MirInsrdCliIdT></MirInsrdCliIdT>
					<MirInsrdCliIdT></MirInsrdCliIdT>
					<MirInsrdCliIdT></MirInsrdCliIdT>
					<MirInsrdCliIdT></MirInsrdCliIdT>
					<MirInsrdCliIdT></MirInsrdCliIdT>
					<MirInsrdCliIdT></MirInsrdCliIdT>
				</MirInsrdCliIdG>
				<MirRelPolIdG>
					<MirRelPolIdT></MirRelPolIdT>
					<MirRelPolIdT></MirRelPolIdT>
					<MirRelPolIdT></MirRelPolIdT>
					<MirRelPolIdT></MirRelPolIdT>
					<MirRelPolIdT></MirRelPolIdT>
					<MirRelPolIdT></MirRelPolIdT>
					<MirRelPolIdT></MirRelPolIdT>
					<MirRelPolIdT></MirRelPolIdT>
					<MirRelPolIdT></MirRelPolIdT>
					<MirRelPolIdT></MirRelPolIdT>
					<MirRelPolIdT></MirRelPolIdT>
					<MirRelPolIdT></MirRelPolIdT>
					<MirRelPolIdT></MirRelPolIdT>
					<MirRelPolIdT></MirRelPolIdT>
					<MirRelPolIdT></MirRelPolIdT>
					<MirRelPolIdT></MirRelPolIdT>
					<MirRelPolIdT></MirRelPolIdT>
					<MirRelPolIdT></MirRelPolIdT>
					<MirRelPolIdT></MirRelPolIdT>
					<MirRelPolIdT></MirRelPolIdT>
					<MirRelPolIdT></MirRelPolIdT>
					<MirRelPolIdT></MirRelPolIdT>
					<MirRelPolIdT></MirRelPolIdT>
					<MirRelPolIdT></MirRelPolIdT>
					<MirRelPolIdT></MirRelPolIdT>
					<MirRelPolIdT></MirRelPolIdT>
					<MirRelPolIdT></MirRelPolIdT>
					<MirRelPolIdT></MirRelPolIdT>
					<MirRelPolIdT></MirRelPolIdT>
					<MirRelPolIdT></MirRelPolIdT>
					<MirRelPolIdT></MirRelPolIdT>
					<MirRelPolIdT></MirRelPolIdT>
					<MirRelPolIdT></MirRelPolIdT>
					<MirRelPolIdT></MirRelPolIdT>
					<MirRelPolIdT></MirRelPolIdT>
					<MirRelPolIdT></MirRelPolIdT>
					<MirRelPolIdT></MirRelPolIdT>
					<MirRelPolIdT></MirRelPolIdT>
					<MirRelPolIdT></MirRelPolIdT>
					<MirRelPolIdT></MirRelPolIdT>
					<MirRelPolIdT></MirRelPolIdT>
					<MirRelPolIdT></MirRelPolIdT>
					<MirRelPolIdT></MirRelPolIdT>
					<MirRelPolIdT></MirRelPolIdT>
					<MirRelPolIdT></MirRelPolIdT>
					<MirRelPolIdT></MirRelPolIdT>
					<MirRelPolIdT></MirRelPolIdT>
					<MirRelPolIdT></MirRelPolIdT>
					<MirRelPolIdT></MirRelPolIdT>
					<MirRelPolIdT></MirRelPolIdT>
				</MirRelPolIdG>
				<MirRelCvgNumG>
					<MirRelCvgNumT></MirRelCvgNumT>
					<MirRelCvgNumT></MirRelCvgNumT>
					<MirRelCvgNumT></MirRelCvgNumT>
					<MirRelCvgNumT></MirRelCvgNumT>
					<MirRelCvgNumT></MirRelCvgNumT>
					<MirRelCvgNumT></MirRelCvgNumT>
					<MirRelCvgNumT></MirRelCvgNumT>
					<MirRelCvgNumT></MirRelCvgNumT>
					<MirRelCvgNumT></MirRelCvgNumT>
					<MirRelCvgNumT></MirRelCvgNumT>
					<MirRelCvgNumT></MirRelCvgNumT>
					<MirRelCvgNumT></MirRelCvgNumT>
					<MirRelCvgNumT></MirRelCvgNumT>
					<MirRelCvgNumT></MirRelCvgNumT>
					<MirRelCvgNumT></MirRelCvgNumT>
					<MirRelCvgNumT></MirRelCvgNumT>
					<MirRelCvgNumT></MirRelCvgNumT>
					<MirRelCvgNumT></MirRelCvgNumT>
					<MirRelCvgNumT></MirRelCvgNumT>
					<MirRelCvgNumT></MirRelCvgNumT>
					<MirRelCvgNumT></MirRelCvgNumT>
					<MirRelCvgNumT></MirRelCvgNumT>
					<MirRelCvgNumT></MirRelCvgNumT>
					<MirRelCvgNumT></MirRelCvgNumT>
					<MirRelCvgNumT></MirRelCvgNumT>
					<MirRelCvgNumT></MirRelCvgNumT>
					<MirRelCvgNumT></MirRelCvgNumT>
					<MirRelCvgNumT></MirRelCvgNumT>
					<MirRelCvgNumT></MirRelCvgNumT>
					<MirRelCvgNumT></MirRelCvgNumT>
					<MirRelCvgNumT></MirRelCvgNumT>
					<MirRelCvgNumT></MirRelCvgNumT>
					<MirRelCvgNumT></MirRelCvgNumT>
					<MirRelCvgNumT></MirRelCvgNumT>
					<MirRelCvgNumT></MirRelCvgNumT>
					<MirRelCvgNumT></MirRelCvgNumT>
					<MirRelCvgNumT></MirRelCvgNumT>
					<MirRelCvgNumT></MirRelCvgNumT>
					<MirRelCvgNumT></MirRelCvgNumT>
					<MirRelCvgNumT></MirRelCvgNumT>
					<MirRelCvgNumT></MirRelCvgNumT>
					<MirRelCvgNumT></MirRelCvgNumT>
					<MirRelCvgNumT></MirRelCvgNumT>
					<MirRelCvgNumT></MirRelCvgNumT>
					<MirRelCvgNumT></MirRelCvgNumT>
					<MirRelCvgNumT></MirRelCvgNumT>
					<MirRelCvgNumT></MirRelCvgNumT>
					<MirRelCvgNumT></MirRelCvgNumT>
					<MirRelCvgNumT></MirRelCvgNumT>
					<MirRelCvgNumT></MirRelCvgNumT>
				</MirRelCvgNumG>
				<MirCcasMsgSeqNum></MirCcasMsgSeqNum>
				<MirCliIndvSurNm></MirCliIndvSurNm>
				<MirPolId>
					<MirPolIdBase></MirPolIdBase>
					<MirPolIdSfx></MirPolIdSfx>
				</MirPolId>
				<MirReqirIdG>
					<MirReqirIdT></MirReqirIdT>
					<MirReqirIdT></MirReqirIdT>
					<MirReqirIdT></MirReqirIdT>
					<MirReqirIdT></MirReqirIdT>
					<MirReqirIdT></MirReqirIdT>
					<MirReqirIdT></MirReqirIdT>
					<MirReqirIdT></MirReqirIdT>
					<MirReqirIdT></MirReqirIdT>
					<MirReqirIdT></MirReqirIdT>
					<MirReqirIdT></MirReqirIdT>
					<MirReqirIdT></MirReqirIdT>
				</MirReqirIdG>
				<MirCpreqStatCdG>
					<MirCpreqStatCdT></MirCpreqStatCdT>
					<MirCpreqStatCdT></MirCpreqStatCdT>
					<MirCpreqStatCdT></MirCpreqStatCdT>
					<MirCpreqStatCdT></MirCpreqStatCdT>
					<MirCpreqStatCdT></MirCpreqStatCdT>
					<MirCpreqStatCdT></MirCpreqStatCdT>
					<MirCpreqStatCdT></MirCpreqStatCdT>
					<MirCpreqStatCdT></MirCpreqStatCdT>
					<MirCpreqStatCdT></MirCpreqStatCdT>
					<MirCpreqStatCdT></MirCpreqStatCdT>
					<MirCpreqStatCdT></MirCpreqStatCdT>
				</MirCpreqStatCdG>
				<MirCcasMsgRemrkTxtG>
					<MirCcasMsgRemrkTxtT></MirCcasMsgRemrkTxtT>
					<MirCcasMsgRemrkTxtT></MirCcasMsgRemrkTxtT>
					<MirCcasMsgRemrkTxtT></MirCcasMsgRemrkTxtT>
					<MirCcasMsgRemrkTxtT></MirCcasMsgRemrkTxtT>
					<MirCcasMsgRemrkTxtT></MirCcasMsgRemrkTxtT>
					<MirCcasMsgRemrkTxtT></MirCcasMsgRemrkTxtT>
					<MirCcasMsgRemrkTxtT></MirCcasMsgRemrkTxtT>
					<MirCcasMsgRemrkTxtT></MirCcasMsgRemrkTxtT>
					<MirCcasMsgRemrkTxtT></MirCcasMsgRemrkTxtT>
					<MirCcasMsgRemrkTxtT></MirCcasMsgRemrkTxtT>
					<MirCcasMsgRemrkTxtT></MirCcasMsgRemrkTxtT>
					<MirCcasMsgRemrkTxtT></MirCcasMsgRemrkTxtT>
					<MirCcasMsgRemrkTxtT></MirCcasMsgRemrkTxtT>
					<MirCcasMsgRemrkTxtT></MirCcasMsgRemrkTxtT>
					<MirCcasMsgRemrkTxtT></MirCcasMsgRemrkTxtT>
					<MirCcasMsgRemrkTxtT></MirCcasMsgRemrkTxtT>
					<MirCcasMsgRemrkTxtT></MirCcasMsgRemrkTxtT>
					<MirCcasMsgRemrkTxtT></MirCcasMsgRemrkTxtT>
					<MirCcasMsgRemrkTxtT></MirCcasMsgRemrkTxtT>
					<MirCcasMsgRemrkTxtT></MirCcasMsgRemrkTxtT>
					<MirCcasMsgRemrkTxtT></MirCcasMsgRemrkTxtT>
					<MirCcasMsgRemrkTxtT></MirCcasMsgRemrkTxtT>
					<MirCcasMsgRemrkTxtT></MirCcasMsgRemrkTxtT>
					<MirCcasMsgRemrkTxtT></MirCcasMsgRemrkTxtT>
					<MirCcasMsgRemrkTxtT></MirCcasMsgRemrkTxtT>
					<MirCcasMsgRemrkTxtT></MirCcasMsgRemrkTxtT>
					<MirCcasMsgRemrkTxtT></MirCcasMsgRemrkTxtT>
					<MirCcasMsgRemrkTxtT></MirCcasMsgRemrkTxtT>
					<MirCcasMsgRemrkTxtT></MirCcasMsgRemrkTxtT>
					<MirCcasMsgRemrkTxtT></MirCcasMsgRemrkTxtT>
					<MirCcasMsgRemrkTxtT></MirCcasMsgRemrkTxtT>
					<MirCcasMsgRemrkTxtT></MirCcasMsgRemrkTxtT>
					<MirCcasMsgRemrkTxtT></MirCcasMsgRemrkTxtT>
					<MirCcasMsgRemrkTxtT></MirCcasMsgRemrkTxtT>
					<MirCcasMsgRemrkTxtT></MirCcasMsgRemrkTxtT>
					<MirCcasMsgRemrkTxtT></MirCcasMsgRemrkTxtT>
					<MirCcasMsgRemrkTxtT></MirCcasMsgRemrkTxtT>
					<MirCcasMsgRemrkTxtT></MirCcasMsgRemrkTxtT>
					<MirCcasMsgRemrkTxtT></MirCcasMsgRemrkTxtT>
					<MirCcasMsgRemrkTxtT></MirCcasMsgRemrkTxtT>
					<MirCcasMsgRemrkTxtT></MirCcasMsgRemrkTxtT>
					<MirCcasMsgRemrkTxtT></MirCcasMsgRemrkTxtT>
					<MirCcasMsgRemrkTxtT></MirCcasMsgRemrkTxtT>
					<MirCcasMsgRemrkTxtT></MirCcasMsgRemrkTxtT>
					<MirCcasMsgRemrkTxtT></MirCcasMsgRemrkTxtT>
					<MirCcasMsgRemrkTxtT></MirCcasMsgRemrkTxtT>
					<MirCcasMsgRemrkTxtT></MirCcasMsgRemrkTxtT>
					<MirCcasMsgRemrkTxtT></MirCcasMsgRemrkTxtT>
					<MirCcasMsgRemrkTxtT></MirCcasMsgRemrkTxtT>
					<MirCcasMsgRemrkTxtT></MirCcasMsgRemrkTxtT>
				</MirCcasMsgRemrkTxtG>
		</ClearCaseMessagesData>
        </OLifE>
        </TXLifeRequest>
</TXLife>
