<?xml version="1.0" encoding="UTF-8"?>
<TXLife xmlns="http://ACORD.org/Standards/Life/2" xmlns:xsi="http://www.w3.org/2001/XMLSchema-instance" xmlns:xsd="http://www.w3.org/2001/XMLSchema" xsi:schemaLocation="http://ACORD.org/Standards/Life/2 ../xsd/TXLife2.9.00.xsd">
        <UserAuthRequest>
                <UserLoginName></UserLoginName>
                <UserPswd>
                        <CryptType>NONE</CryptType>
                        <Pswd></Pswd>
                </UserPswd>
        </UserAuthRequest>
        <TXLifeRequest>
                <TransRefGUID></TransRefGUID>
                <TransType tc=""></TransType>
                <TransExeDate></TransExeDate>
                <TransExeTime></TransExeTime>
                <OLifE>
		<ClearCaseSubmitData>
			<MirCommonFields>
				<MirPolMibSignCd></MirPolMibSignCd>
				<MirCliCmpltCcasIndG>
					<MirCliCmpltCcasIndT></MirCliCmpltCcasIndT>
					<MirCliCmpltCcasIndT></MirCliCmpltCcasIndT>
					<MirCliCmpltCcasIndT></MirCliCmpltCcasIndT>
					<MirCliCmpltCcasIndT></MirCliCmpltCcasIndT>
					<MirCliCmpltCcasIndT></MirCliCmpltCcasIndT>
					<MirCliCmpltCcasIndT></MirCliCmpltCcasIndT>
					<MirCliCmpltCcasIndT></MirCliCmpltCcasIndT>
					<MirCliCmpltCcasIndT></MirCliCmpltCcasIndT>
					<MirCliCmpltCcasIndT></MirCliCmpltCcasIndT>
					<MirCliCmpltCcasIndT></MirCliCmpltCcasIndT>
					<MirCliCmpltCcasIndT></MirCliCmpltCcasIndT>
				</MirCliCmpltCcasIndG>
				<MirCliIdG>
					<MirCliIdT></MirCliIdT>
					<MirCliIdT></MirCliIdT>
					<MirCliIdT></MirCliIdT>
					<MirCliIdT></MirCliIdT>
					<MirCliIdT></MirCliIdT>
					<MirCliIdT></MirCliIdT>
					<MirCliIdT></MirCliIdT>
					<MirCliIdT></MirCliIdT>
					<MirCliIdT></MirCliIdT>
					<MirCliIdT></MirCliIdT>
					<MirCliIdT></MirCliIdT>
				</MirCliIdG>
				<MirCliBthDtG>
					<MirCliBthDtT></MirCliBthDtT>
					<MirCliBthDtT></MirCliBthDtT>
					<MirCliBthDtT></MirCliBthDtT>
					<MirCliBthDtT></MirCliBthDtT>
					<MirCliBthDtT></MirCliBthDtT>
					<MirCliBthDtT></MirCliBthDtT>
					<MirCliBthDtT></MirCliBthDtT>
					<MirCliBthDtT></MirCliBthDtT>
					<MirCliBthDtT></MirCliBthDtT>
					<MirCliBthDtT></MirCliBthDtT>
					<MirCliBthDtT></MirCliBthDtT>
				</MirCliBthDtG>
				<MirDvInsrdCliNmG>
					<MirDvInsrdCliNmT></MirDvInsrdCliNmT>
					<MirDvInsrdCliNmT></MirDvInsrdCliNmT>
					<MirDvInsrdCliNmT></MirDvInsrdCliNmT>
					<MirDvInsrdCliNmT></MirDvInsrdCliNmT>
					<MirDvInsrdCliNmT></MirDvInsrdCliNmT>
					<MirDvInsrdCliNmT></MirDvInsrdCliNmT>
					<MirDvInsrdCliNmT></MirDvInsrdCliNmT>
					<MirDvInsrdCliNmT></MirDvInsrdCliNmT>
					<MirDvInsrdCliNmT></MirDvInsrdCliNmT>
					<MirDvInsrdCliNmT></MirDvInsrdCliNmT>
					<MirDvInsrdCliNmT></MirDvInsrdCliNmT>
				</MirDvInsrdCliNmG>
				<MirCliCrntLocCdG>
					<MirCliCrntLocCdT></MirCliCrntLocCdT>
					<MirCliCrntLocCdT></MirCliCrntLocCdT>
					<MirCliCrntLocCdT></MirCliCrntLocCdT>
					<MirCliCrntLocCdT></MirCliCrntLocCdT>
					<MirCliCrntLocCdT></MirCliCrntLocCdT>
					<MirCliCrntLocCdT></MirCliCrntLocCdT>
					<MirCliCrntLocCdT></MirCliCrntLocCdT>
					<MirCliCrntLocCdT></MirCliCrntLocCdT>
					<MirCliCrntLocCdT></MirCliCrntLocCdT>
					<MirCliCrntLocCdT></MirCliCrntLocCdT>
					<MirCliCrntLocCdT></MirCliCrntLocCdT>
				</MirCliCrntLocCdG>
				<MirCliBthLocCdG>
					<MirCliBthLocCdT></MirCliBthLocCdT>
					<MirCliBthLocCdT></MirCliBthLocCdT>
					<MirCliBthLocCdT></MirCliBthLocCdT>
					<MirCliBthLocCdT></MirCliBthLocCdT>
					<MirCliBthLocCdT></MirCliBthLocCdT>
					<MirCliBthLocCdT></MirCliBthLocCdT>
					<MirCliBthLocCdT></MirCliBthLocCdT>
					<MirCliBthLocCdT></MirCliBthLocCdT>
					<MirCliBthLocCdT></MirCliBthLocCdT>
					<MirCliBthLocCdT></MirCliBthLocCdT>
					<MirCliBthLocCdT></MirCliBthLocCdT>
				</MirCliBthLocCdG>
				<MirPolId>
					<MirPolIdBase></MirPolIdBase>
					<MirPolIdSfx></MirPolIdSfx>
				</MirPolId>
				<MirPolCstatCd></MirPolCstatCd>
				<MirCliSexCdG>
					<MirCliSexCdT></MirCliSexCdT>
					<MirCliSexCdT></MirCliSexCdT>
					<MirCliSexCdT></MirCliSexCdT>
					<MirCliSexCdT></MirCliSexCdT>
					<MirCliSexCdT></MirCliSexCdT>
					<MirCliSexCdT></MirCliSexCdT>
					<MirCliSexCdT></MirCliSexCdT>
					<MirCliSexCdT></MirCliSexCdT>
					<MirCliSexCdT></MirCliSexCdT>
					<MirCliSexCdT></MirCliSexCdT>
					<MirCliSexCdT></MirCliSexCdT>
				</MirCliSexCdG>
				<MirCliUwgdecnCdG>
					<MirCliUwgdecnCdT></MirCliUwgdecnCdT>
					<MirCliUwgdecnCdT></MirCliUwgdecnCdT>
					<MirCliUwgdecnCdT></MirCliUwgdecnCdT>
					<MirCliUwgdecnCdT></MirCliUwgdecnCdT>
					<MirCliUwgdecnCdT></MirCliUwgdecnCdT>
					<MirCliUwgdecnCdT></MirCliUwgdecnCdT>
					<MirCliUwgdecnCdT></MirCliUwgdecnCdT>
					<MirCliUwgdecnCdT></MirCliUwgdecnCdT>
					<MirCliUwgdecnCdT></MirCliUwgdecnCdT>
					<MirCliUwgdecnCdT></MirCliUwgdecnCdT>
					<MirCliUwgdecnCdT></MirCliUwgdecnCdT>
				</MirCliUwgdecnCdG>
				<MirCliUwgdecnDtG>
					<MirCliUwgdecnDtT></MirCliUwgdecnDtT>
					<MirCliUwgdecnDtT></MirCliUwgdecnDtT>
					<MirCliUwgdecnDtT></MirCliUwgdecnDtT>
					<MirCliUwgdecnDtT></MirCliUwgdecnDtT>
					<MirCliUwgdecnDtT></MirCliUwgdecnDtT>
					<MirCliUwgdecnDtT></MirCliUwgdecnDtT>
					<MirCliUwgdecnDtT></MirCliUwgdecnDtT>
					<MirCliUwgdecnDtT></MirCliUwgdecnDtT>
					<MirCliUwgdecnDtT></MirCliUwgdecnDtT>
					<MirCliUwgdecnDtT></MirCliUwgdecnDtT>
					<MirCliUwgdecnDtT></MirCliUwgdecnDtT>
				</MirCliUwgdecnDtG>
				<MirDvUwPrcesCd></MirDvUwPrcesCd>
				<MirCliIndvNmSwG>
					<MirCliIndvNmSwT></MirCliIndvNmSwT>
					<MirCliIndvNmSwT></MirCliIndvNmSwT>
					<MirCliIndvNmSwT></MirCliIndvNmSwT>
					<MirCliIndvNmSwT></MirCliIndvNmSwT>
					<MirCliIndvNmSwT></MirCliIndvNmSwT>
					<MirCliIndvNmSwT></MirCliIndvNmSwT>
					<MirCliIndvNmSwT></MirCliIndvNmSwT>
					<MirCliIndvNmSwT></MirCliIndvNmSwT>
					<MirCliIndvNmSwT></MirCliIndvNmSwT>
					<MirCliIndvNmSwT></MirCliIndvNmSwT>
					<MirCliIndvNmSwT></MirCliIndvNmSwT>
				</MirCliIndvNmSwG>
				<MirCliMaidenNmSwG>
					<MirCliMaidenNmSwT></MirCliMaidenNmSwT>
					<MirCliMaidenNmSwT></MirCliMaidenNmSwT>
					<MirCliMaidenNmSwT></MirCliMaidenNmSwT>
					<MirCliMaidenNmSwT></MirCliMaidenNmSwT>
					<MirCliMaidenNmSwT></MirCliMaidenNmSwT>
					<MirCliMaidenNmSwT></MirCliMaidenNmSwT>
					<MirCliMaidenNmSwT></MirCliMaidenNmSwT>
					<MirCliMaidenNmSwT></MirCliMaidenNmSwT>
					<MirCliMaidenNmSwT></MirCliMaidenNmSwT>
					<MirCliMaidenNmSwT></MirCliMaidenNmSwT>
					<MirCliMaidenNmSwT></MirCliMaidenNmSwT>
				</MirCliMaidenNmSwG>
				<MirCliOtherNmSwG>
					<MirCliOtherNmSwT></MirCliOtherNmSwT>
					<MirCliOtherNmSwT></MirCliOtherNmSwT>
					<MirCliOtherNmSwT></MirCliOtherNmSwT>
					<MirCliOtherNmSwT></MirCliOtherNmSwT>
					<MirCliOtherNmSwT></MirCliOtherNmSwT>
					<MirCliOtherNmSwT></MirCliOtherNmSwT>
					<MirCliOtherNmSwT></MirCliOtherNmSwT>
					<MirCliOtherNmSwT></MirCliOtherNmSwT>
					<MirCliOtherNmSwT></MirCliOtherNmSwT>
					<MirCliOtherNmSwT></MirCliOtherNmSwT>
					<MirCliOtherNmSwT></MirCliOtherNmSwT>
				</MirCliOtherNmSwG>
				<MirCliIndvGivNmG>
					<MirCliIndvGivNmT></MirCliIndvGivNmT>
					<MirCliIndvGivNmT></MirCliIndvGivNmT>
					<MirCliIndvGivNmT></MirCliIndvGivNmT>
					<MirCliIndvGivNmT></MirCliIndvGivNmT>
					<MirCliIndvGivNmT></MirCliIndvGivNmT>
					<MirCliIndvGivNmT></MirCliIndvGivNmT>
					<MirCliIndvGivNmT></MirCliIndvGivNmT>
					<MirCliIndvGivNmT></MirCliIndvGivNmT>
					<MirCliIndvGivNmT></MirCliIndvGivNmT>
					<MirCliIndvGivNmT></MirCliIndvGivNmT>
					<MirCliIndvGivNmT></MirCliIndvGivNmT>
				</MirCliIndvGivNmG>
				<MirCliIndvSurNmG>
					<MirCliIndvSurNmT></MirCliIndvSurNmT>
					<MirCliIndvSurNmT></MirCliIndvSurNmT>
					<MirCliIndvSurNmT></MirCliIndvSurNmT>
					<MirCliIndvSurNmT></MirCliIndvSurNmT>
					<MirCliIndvSurNmT></MirCliIndvSurNmT>
					<MirCliIndvSurNmT></MirCliIndvSurNmT>
					<MirCliIndvSurNmT></MirCliIndvSurNmT>
					<MirCliIndvSurNmT></MirCliIndvSurNmT>
					<MirCliIndvSurNmT></MirCliIndvSurNmT>
					<MirCliIndvSurNmT></MirCliIndvSurNmT>
					<MirCliIndvSurNmT></MirCliIndvSurNmT>
				</MirCliIndvSurNmG>
				<MirCliIndvMidNmG>
					<MirCliIndvMidNmT></MirCliIndvMidNmT>
					<MirCliIndvMidNmT></MirCliIndvMidNmT>
					<MirCliIndvMidNmT></MirCliIndvMidNmT>
					<MirCliIndvMidNmT></MirCliIndvMidNmT>
					<MirCliIndvMidNmT></MirCliIndvMidNmT>
					<MirCliIndvMidNmT></MirCliIndvMidNmT>
					<MirCliIndvMidNmT></MirCliIndvMidNmT>
					<MirCliIndvMidNmT></MirCliIndvMidNmT>
					<MirCliIndvMidNmT></MirCliIndvMidNmT>
					<MirCliIndvMidNmT></MirCliIndvMidNmT>
					<MirCliIndvMidNmT></MirCliIndvMidNmT>
				</MirCliIndvMidNmG>
				<MirCliOtherFirstNmG>
					<MirCliOtherFirstNmT></MirCliOtherFirstNmT>
					<MirCliOtherFirstNmT></MirCliOtherFirstNmT>
					<MirCliOtherFirstNmT></MirCliOtherFirstNmT>
					<MirCliOtherFirstNmT></MirCliOtherFirstNmT>
					<MirCliOtherFirstNmT></MirCliOtherFirstNmT>
					<MirCliOtherFirstNmT></MirCliOtherFirstNmT>
					<MirCliOtherFirstNmT></MirCliOtherFirstNmT>
					<MirCliOtherFirstNmT></MirCliOtherFirstNmT>
					<MirCliOtherFirstNmT></MirCliOtherFirstNmT>
					<MirCliOtherFirstNmT></MirCliOtherFirstNmT>
					<MirCliOtherFirstNmT></MirCliOtherFirstNmT>
				</MirCliOtherFirstNmG>
				<MirCliOtherMidNmG>
					<MirCliOtherMidNmT></MirCliOtherMidNmT>
					<MirCliOtherMidNmT></MirCliOtherMidNmT>
					<MirCliOtherMidNmT></MirCliOtherMidNmT>
					<MirCliOtherMidNmT></MirCliOtherMidNmT>
					<MirCliOtherMidNmT></MirCliOtherMidNmT>
					<MirCliOtherMidNmT></MirCliOtherMidNmT>
					<MirCliOtherMidNmT></MirCliOtherMidNmT>
					<MirCliOtherMidNmT></MirCliOtherMidNmT>
					<MirCliOtherMidNmT></MirCliOtherMidNmT>
					<MirCliOtherMidNmT></MirCliOtherMidNmT>
					<MirCliOtherMidNmT></MirCliOtherMidNmT>
				</MirCliOtherMidNmG>
				<MirCliOtherLastNmG>
					<MirCliOtherLastNmT></MirCliOtherLastNmT>
					<MirCliOtherLastNmT></MirCliOtherLastNmT>
					<MirCliOtherLastNmT></MirCliOtherLastNmT>
					<MirCliOtherLastNmT></MirCliOtherLastNmT>
					<MirCliOtherLastNmT></MirCliOtherLastNmT>
					<MirCliOtherLastNmT></MirCliOtherLastNmT>
					<MirCliOtherLastNmT></MirCliOtherLastNmT>
					<MirCliOtherLastNmT></MirCliOtherLastNmT>
					<MirCliOtherLastNmT></MirCliOtherLastNmT>
					<MirCliOtherLastNmT></MirCliOtherLastNmT>
					<MirCliOtherLastNmT></MirCliOtherLastNmT>
				</MirCliOtherLastNmG>
				<MirCliMibIndCdG>
					<MirCliMibIndCdT></MirCliMibIndCdT>
					<MirCliMibIndCdT></MirCliMibIndCdT>
					<MirCliMibIndCdT></MirCliMibIndCdT>
					<MirCliMibIndCdT></MirCliMibIndCdT>
					<MirCliMibIndCdT></MirCliMibIndCdT>
					<MirCliMibIndCdT></MirCliMibIndCdT>
					<MirCliMibIndCdT></MirCliMibIndCdT>
					<MirCliMibIndCdT></MirCliMibIndCdT>
					<MirCliMibIndCdT></MirCliMibIndCdT>
					<MirCliMibIndCdT></MirCliMibIndCdT>
					<MirCliMibIndCdT></MirCliMibIndCdT>
				</MirCliMibIndCdG>
			</MirCommonFields>
		</ClearCaseSubmitData>
        </OLifE>
        </TXLifeRequest>
</TXLife>
