<?xml version="1.0" encoding="UTF-8"?>
<TXLife xmlns="http://ACORD.org/Standards/Life/2" xmlns:xsi="http://www.w3.org/2001/XMLSchema-instance" xmlns:xsd="http://www.w3.org/2001/XMLSchema" xsi:schemaLocation="http://ACORD.org/Standards/Life/2 ../xsd/TXLife2.9.00.xsd">
        <UserAuthRequest>
                <UserLoginName></UserLoginName>
                <UserPswd>
                        <CryptType>NONE</CryptType>
                        <Pswd></Pswd>
                </UserPswd>
        </UserAuthRequest>
        <TXLifeRequest>
                <TransRefGUID></TransRefGUID>
                <TransType tc=""></TransType>
                <TransExeDate></TransExeDate>
                <TransExeTime></TransExeTime>
                <OLifE>
		<ClientCreateData>
			<MirPrcesInfo>
				<MirDvLangGrDisplayCd1></MirDvLangGrDisplayCd1>
				<MirDvLangGrDisplayCd2></MirDvLangGrDisplayCd2>
				<MirDvLangGrDisplayCd3></MirDvLangGrDisplayCd3>
				<MirDvLangGrDisplayCd4></MirDvLangGrDisplayCd4>
				<MirDvLangGrDisplayCd5></MirDvLangGrDisplayCd5>
				<MirDvCliCreatBpfInd></MirDvCliCreatBpfInd>
			</MirPrcesInfo>
			<MirCliInfo>
				<MirCliId></MirCliId>
				<MirDvCliNm></MirDvCliNm>
				<MirCliLangCd></MirCliLangCd>
				<MirCliCnfdInd></MirCliCnfdInd>
				<MirCliChrtyInd></MirCliChrtyInd>
				<MirCliBthDt></MirCliBthDt>
				<MirCliBthLocCd></MirCliBthLocCd>
				<MirCliDthDt></MirCliDthDt>
				<MirCliDthProofDt></MirCliDthProofDt>
				<MirCliAgeProofInd></MirCliAgeProofInd>
				<MirCliUicQualfInd></MirCliUicQualfInd>
				<MirUnmtchMailInd></MirUnmtchMailInd>
				<MirUwUser1Id></MirUwUser1Id>
				<MirUwUser2Id></MirUwUser2Id>
				<MirCliUwgdecnTypCd></MirCliUwgdecnTypCd>
				<MirCliUwgdecnCd></MirCliUwgdecnCd>
				<MirCliUwgdecnDt></MirCliUwgdecnDt>
				<MirUwgWrkshtNum></MirUwgWrkshtNum>
				<MirCliTxempCd></MirCliTxempCd>
				<MirCliWrkResInd></MirCliWrkResInd>
				<MirCliComntTxt></MirCliComntTxt>
				<MirAgtId></MirAgtId>
				<MirDvAgtCliNm></MirDvAgtCliNm>
				<MirAgtStatCd></MirAgtStatCd>
				<MirBestTimeCallTxt></MirBestTimeCallTxt>
				<MirCliCmpltCcasInd></MirCliCmpltCcasInd>
				<MirNpwFatcaInd></MirNpwFatcaInd>
				<MirCliClasCd></MirCliClasCd>
				<MirCliClasChngDt></MirCliClasChngDt>
				<MirCliSuspAmt></MirCliSuspAmt>
				<MirCliSuspCrcyCd></MirCliSuspCrcyCd>
				<MirCliSuspChngDt></MirCliSuspChngDt>
				<MirSuspSbsdryCoId></MirSuspSbsdryCoId>
				<MirCliPrevDclnDt></MirCliPrevDclnDt>
				<MirCliPrevDclnInd></MirCliPrevDclnInd>
				<MirCliDthReasnCd></MirCliDthReasnCd>
				<MirCliLegitDupInd></MirCliLegitDupInd>
				<MirCliWrkQty></MirCliWrkQty>
				<MirCliWrkCd></MirCliWrkCd>
				<MirCliWrkDurCd></MirCliWrkDurCd>
				<MirCliIncmEarnCd></MirCliIncmEarnCd>
				<MirCliMaritStatCd></MirCliMaritStatCd>
				<MirCliMibIndCd></MirCliMibIndCd>
				<MirDvPrevUpdtDt></MirDvPrevUpdtDt>
				<MirOccpId></MirOccpId>
				<MirOthrOccpId></MirOthrOccpId>
				<MirCliOccpClasCd></MirCliOccpClasCd>
				<MirCliWrkPtInd></MirCliWrkPtInd>
				<MirCliPrpsRetirDt></MirCliPrpsRetirDt>
				<MirCliPinResetTxt></MirCliPinResetTxt>
				<MirCliPrstRt></MirCliPrstRt>
				<MirCliSelfEmplInd></MirCliSelfEmplInd>
				<MirCliSexCd></MirCliSexCd>
				<MirCliTaxId></MirCliTaxId>
				<MirCliSmkrCd></MirCliSmkrCd>
				<MirCliStmtDt></MirCliStmtDt>
				<MirCliIndvGrCd></MirCliIndvGrCd>
				<MirCliCtznCtryCd></MirCliCtznCtryCd>
				<MirCliSssGsis></MirCliSssGsis>
				<MirCliReligion></MirCliReligion>
				<MirCliNatureOfBus></MirCliNatureOfBus>
				<MirCliGsisId></MirCliGsisId>
				<MirCliCtznshipCd></MirCliCtznshipCd>
				<MirCliAcrNum></MirCliAcrNum>
				<MirCliNoTaxIdDescTxt></MirCliNoTaxIdDescTxt>
				<MirPrevOccpId></MirPrevOccpId>
				<MirCliGovtPosInd></MirCliGovtPosInd>
				<MirCliGovtPosId></MirCliGovtPosId>
			</MirCliInfo>
			<MirBnkInfo>
				<MirBnkIdG>
					<MirBnkIdT></MirBnkIdT>
					<MirBnkIdT></MirBnkIdT>
					<MirBnkIdT></MirBnkIdT>
					<MirBnkIdT></MirBnkIdT>
					<MirBnkIdT></MirBnkIdT>
					<MirBnkIdT></MirBnkIdT>
					<MirBnkIdT></MirBnkIdT>
					<MirBnkIdT></MirBnkIdT>
					<MirBnkIdT></MirBnkIdT>
				</MirBnkIdG>
				<MirBnkAcctIdG>
					<MirBnkAcctIdT></MirBnkAcctIdT>
					<MirBnkAcctIdT></MirBnkAcctIdT>
					<MirBnkAcctIdT></MirBnkAcctIdT>
					<MirBnkAcctIdT></MirBnkAcctIdT>
					<MirBnkAcctIdT></MirBnkAcctIdT>
					<MirBnkAcctIdT></MirBnkAcctIdT>
					<MirBnkAcctIdT></MirBnkAcctIdT>
					<MirBnkAcctIdT></MirBnkAcctIdT>
					<MirBnkAcctIdT></MirBnkAcctIdT>
				</MirBnkAcctIdG>
				<MirBnkAcctHldrNmG>
					<MirBnkAcctHldrNmT></MirBnkAcctHldrNmT>
					<MirBnkAcctHldrNmT></MirBnkAcctHldrNmT>
					<MirBnkAcctHldrNmT></MirBnkAcctHldrNmT>
					<MirBnkAcctHldrNmT></MirBnkAcctHldrNmT>
					<MirBnkAcctHldrNmT></MirBnkAcctHldrNmT>
					<MirBnkAcctHldrNmT></MirBnkAcctHldrNmT>
					<MirBnkAcctHldrNmT></MirBnkAcctHldrNmT>
					<MirBnkAcctHldrNmT></MirBnkAcctHldrNmT>
					<MirBnkAcctHldrNmT></MirBnkAcctHldrNmT>
				</MirBnkAcctHldrNmG>
				<MirBnkAcctTypCdG>
					<MirBnkAcctTypCdT></MirBnkAcctTypCdT>
					<MirBnkAcctTypCdT></MirBnkAcctTypCdT>
					<MirBnkAcctTypCdT></MirBnkAcctTypCdT>
					<MirBnkAcctTypCdT></MirBnkAcctTypCdT>
					<MirBnkAcctTypCdT></MirBnkAcctTypCdT>
					<MirBnkAcctTypCdT></MirBnkAcctTypCdT>
					<MirBnkAcctTypCdT></MirBnkAcctTypCdT>
					<MirBnkAcctTypCdT></MirBnkAcctTypCdT>
					<MirBnkAcctTypCdT></MirBnkAcctTypCdT>
				</MirBnkAcctTypCdG>
				<MirCliBnkAcctNumG>
					<MirCliBnkAcctNumT></MirCliBnkAcctNumT>
					<MirCliBnkAcctNumT></MirCliBnkAcctNumT>
					<MirCliBnkAcctNumT></MirCliBnkAcctNumT>
					<MirCliBnkAcctNumT></MirCliBnkAcctNumT>
					<MirCliBnkAcctNumT></MirCliBnkAcctNumT>
					<MirCliBnkAcctNumT></MirCliBnkAcctNumT>
					<MirCliBnkAcctNumT></MirCliBnkAcctNumT>
					<MirCliBnkAcctNumT></MirCliBnkAcctNumT>
					<MirCliBnkAcctNumT></MirCliBnkAcctNumT>
				</MirCliBnkAcctNumG>
				<MirBnkBrIdG>
					<MirBnkBrIdT></MirBnkBrIdT>
					<MirBnkBrIdT></MirBnkBrIdT>
					<MirBnkBrIdT></MirBnkBrIdT>
					<MirBnkBrIdT></MirBnkBrIdT>
					<MirBnkBrIdT></MirBnkBrIdT>
					<MirBnkBrIdT></MirBnkBrIdT>
					<MirBnkBrIdT></MirBnkBrIdT>
					<MirBnkBrIdT></MirBnkBrIdT>
					<MirBnkBrIdT></MirBnkBrIdT>
				</MirBnkBrIdG>
				<MirBnkNmG>
					<MirBnkNmT></MirBnkNmT>
					<MirBnkNmT></MirBnkNmT>
					<MirBnkNmT></MirBnkNmT>
					<MirBnkNmT></MirBnkNmT>
					<MirBnkNmT></MirBnkNmT>
					<MirBnkNmT></MirBnkNmT>
					<MirBnkNmT></MirBnkNmT>
					<MirBnkNmT></MirBnkNmT>
					<MirBnkNmT></MirBnkNmT>
				</MirBnkNmG>
				<MirBnkAcctMicrIndG>
					<MirBnkAcctMicrIndT></MirBnkAcctMicrIndT>
					<MirBnkAcctMicrIndT></MirBnkAcctMicrIndT>
					<MirBnkAcctMicrIndT></MirBnkAcctMicrIndT>
					<MirBnkAcctMicrIndT></MirBnkAcctMicrIndT>
					<MirBnkAcctMicrIndT></MirBnkAcctMicrIndT>
					<MirBnkAcctMicrIndT></MirBnkAcctMicrIndT>
					<MirBnkAcctMicrIndT></MirBnkAcctMicrIndT>
					<MirBnkAcctMicrIndT></MirBnkAcctMicrIndT>
					<MirBnkAcctMicrIndT></MirBnkAcctMicrIndT>
				</MirBnkAcctMicrIndG>
				<MirCliBnkAcctDtG>
					<MirCliBnkAcctDtT></MirCliBnkAcctDtT>
					<MirCliBnkAcctDtT></MirCliBnkAcctDtT>
					<MirCliBnkAcctDtT></MirCliBnkAcctDtT>
					<MirCliBnkAcctDtT></MirCliBnkAcctDtT>
					<MirCliBnkAcctDtT></MirCliBnkAcctDtT>
					<MirCliBnkAcctDtT></MirCliBnkAcctDtT>
					<MirCliBnkAcctDtT></MirCliBnkAcctDtT>
					<MirCliBnkAcctDtT></MirCliBnkAcctDtT>
					<MirCliBnkAcctDtT></MirCliBnkAcctDtT>
				</MirCliBnkAcctDtG>
				<MirDvCliBnkAcctIndG>
					<MirDvCliBnkAcctIndT></MirDvCliBnkAcctIndT>
					<MirDvCliBnkAcctIndT></MirDvCliBnkAcctIndT>
					<MirDvCliBnkAcctIndT></MirDvCliBnkAcctIndT>
					<MirDvCliBnkAcctIndT></MirDvCliBnkAcctIndT>
					<MirDvCliBnkAcctIndT></MirDvCliBnkAcctIndT>
					<MirDvCliBnkAcctIndT></MirDvCliBnkAcctIndT>
					<MirDvCliBnkAcctIndT></MirDvCliBnkAcctIndT>
					<MirDvCliBnkAcctIndT></MirDvCliBnkAcctIndT>
					<MirDvCliBnkAcctIndT></MirDvCliBnkAcctIndT>
				</MirDvCliBnkAcctIndG>
			</MirBnkInfo>
			<MirNmInfo>
				<MirCliNmChngDt></MirCliNmChngDt>
				<MirCliIndvEffDtG>
					<MirCliIndvEffDtT></MirCliIndvEffDtT>
					<MirCliIndvEffDtT></MirCliIndvEffDtT>
					<MirCliIndvEffDtT></MirCliIndvEffDtT>
				</MirCliIndvEffDtG>
				<MirCliCoNmG>
					<MirCliCoNmT></MirCliCoNmT>
					<MirCliCoNmT></MirCliCoNmT>
					<MirCliCoNmT></MirCliCoNmT>
				</MirCliCoNmG>
				<MirCliCoEntrNmG>
					<MirCliCoEntrNmT></MirCliCoEntrNmT>
					<MirCliCoEntrNmT></MirCliCoEntrNmT>
					<MirCliCoEntrNmT></MirCliCoEntrNmT>
				</MirCliCoEntrNmG>
				<MirCliIndvGivNmG>
					<MirCliIndvGivNmT></MirCliIndvGivNmT>
					<MirCliIndvGivNmT></MirCliIndvGivNmT>
					<MirCliIndvGivNmT></MirCliIndvGivNmT>
				</MirCliIndvGivNmG>
				<MirEntrGivNmG>
					<MirEntrGivNmT></MirEntrGivNmT>
					<MirEntrGivNmT></MirEntrGivNmT>
					<MirEntrGivNmT></MirEntrGivNmT>
				</MirEntrGivNmG>
				<MirCliIndvSurNmG>
					<MirCliIndvSurNmT></MirCliIndvSurNmT>
					<MirCliIndvSurNmT></MirCliIndvSurNmT>
					<MirCliIndvSurNmT></MirCliIndvSurNmT>
				</MirCliIndvSurNmG>
				<MirEntrSurNmG>
					<MirEntrSurNmT></MirEntrSurNmT>
					<MirEntrSurNmT></MirEntrSurNmT>
					<MirEntrSurNmT></MirEntrSurNmT>
				</MirEntrSurNmG>
				<MirCliIndvMidNmG>
					<MirCliIndvMidNmT></MirCliIndvMidNmT>
					<MirCliIndvMidNmT></MirCliIndvMidNmT>
					<MirCliIndvMidNmT></MirCliIndvMidNmT>
				</MirCliIndvMidNmG>
				<MirCliOtherFirstNmG>
					<MirCliOtherFirstNmT></MirCliOtherFirstNmT>
					<MirCliOtherFirstNmT></MirCliOtherFirstNmT>
					<MirCliOtherFirstNmT></MirCliOtherFirstNmT>
				</MirCliOtherFirstNmG>
				<MirCliOtherMidNmG>
					<MirCliOtherMidNmT></MirCliOtherMidNmT>
					<MirCliOtherMidNmT></MirCliOtherMidNmT>
					<MirCliOtherMidNmT></MirCliOtherMidNmT>
				</MirCliOtherMidNmG>
				<MirCliOtherLastNmG>
					<MirCliOtherLastNmT></MirCliOtherLastNmT>
					<MirCliOtherLastNmT></MirCliOtherLastNmT>
					<MirCliOtherLastNmT></MirCliOtherLastNmT>
				</MirCliOtherLastNmG>
				<MirCliIndvTitlTxtG>
					<MirCliIndvTitlTxtT></MirCliIndvTitlTxtT>
					<MirCliIndvTitlTxtT></MirCliIndvTitlTxtT>
					<MirCliIndvTitlTxtT></MirCliIndvTitlTxtT>
				</MirCliIndvTitlTxtG>
				<MirCliIndvSfxNmG>
					<MirCliIndvSfxNmT></MirCliIndvSfxNmT>
					<MirCliIndvSfxNmT></MirCliIndvSfxNmT>
					<MirCliIndvSfxNmT></MirCliIndvSfxNmT>
				</MirCliIndvSfxNmG>
			</MirNmInfo>
			<MirPrevNmInfo>
				<MirDvCliPrevNmInd></MirDvCliPrevNmInd>
				<MirDvCliIndvMidNmG>
					<MirDvCliIndvMidNmT></MirDvCliIndvMidNmT>
					<MirDvCliIndvMidNmT></MirDvCliIndvMidNmT>
					<MirDvCliIndvMidNmT></MirDvCliIndvMidNmT>
					<MirDvCliIndvMidNmT></MirDvCliIndvMidNmT>
					<MirDvCliIndvMidNmT></MirDvCliIndvMidNmT>
					<MirDvCliIndvMidNmT></MirDvCliIndvMidNmT>
					<MirDvCliIndvMidNmT></MirDvCliIndvMidNmT>
					<MirDvCliIndvMidNmT></MirDvCliIndvMidNmT>
					<MirDvCliIndvMidNmT></MirDvCliIndvMidNmT>
					<MirDvCliIndvMidNmT></MirDvCliIndvMidNmT>
					<MirDvCliIndvMidNmT></MirDvCliIndvMidNmT>
					<MirDvCliIndvMidNmT></MirDvCliIndvMidNmT>
					<MirDvCliIndvMidNmT></MirDvCliIndvMidNmT>
					<MirDvCliIndvMidNmT></MirDvCliIndvMidNmT>
					<MirDvCliIndvMidNmT></MirDvCliIndvMidNmT>
					<MirDvCliIndvMidNmT></MirDvCliIndvMidNmT>
					<MirDvCliIndvMidNmT></MirDvCliIndvMidNmT>
					<MirDvCliIndvMidNmT></MirDvCliIndvMidNmT>
					<MirDvCliIndvMidNmT></MirDvCliIndvMidNmT>
					<MirDvCliIndvMidNmT></MirDvCliIndvMidNmT>
					<MirDvCliIndvMidNmT></MirDvCliIndvMidNmT>
					<MirDvCliIndvMidNmT></MirDvCliIndvMidNmT>
					<MirDvCliIndvMidNmT></MirDvCliIndvMidNmT>
					<MirDvCliIndvMidNmT></MirDvCliIndvMidNmT>
					<MirDvCliIndvMidNmT></MirDvCliIndvMidNmT>
					<MirDvCliIndvMidNmT></MirDvCliIndvMidNmT>
				</MirDvCliIndvMidNmG>
				<MirDvCliIndvSfxNmG>
					<MirDvCliIndvSfxNmT></MirDvCliIndvSfxNmT>
					<MirDvCliIndvSfxNmT></MirDvCliIndvSfxNmT>
					<MirDvCliIndvSfxNmT></MirDvCliIndvSfxNmT>
					<MirDvCliIndvSfxNmT></MirDvCliIndvSfxNmT>
					<MirDvCliIndvSfxNmT></MirDvCliIndvSfxNmT>
					<MirDvCliIndvSfxNmT></MirDvCliIndvSfxNmT>
					<MirDvCliIndvSfxNmT></MirDvCliIndvSfxNmT>
					<MirDvCliIndvSfxNmT></MirDvCliIndvSfxNmT>
					<MirDvCliIndvSfxNmT></MirDvCliIndvSfxNmT>
					<MirDvCliIndvSfxNmT></MirDvCliIndvSfxNmT>
					<MirDvCliIndvSfxNmT></MirDvCliIndvSfxNmT>
					<MirDvCliIndvSfxNmT></MirDvCliIndvSfxNmT>
					<MirDvCliIndvSfxNmT></MirDvCliIndvSfxNmT>
					<MirDvCliIndvSfxNmT></MirDvCliIndvSfxNmT>
					<MirDvCliIndvSfxNmT></MirDvCliIndvSfxNmT>
					<MirDvCliIndvSfxNmT></MirDvCliIndvSfxNmT>
					<MirDvCliIndvSfxNmT></MirDvCliIndvSfxNmT>
					<MirDvCliIndvSfxNmT></MirDvCliIndvSfxNmT>
					<MirDvCliIndvSfxNmT></MirDvCliIndvSfxNmT>
					<MirDvCliIndvSfxNmT></MirDvCliIndvSfxNmT>
					<MirDvCliIndvSfxNmT></MirDvCliIndvSfxNmT>
					<MirDvCliIndvSfxNmT></MirDvCliIndvSfxNmT>
					<MirDvCliIndvSfxNmT></MirDvCliIndvSfxNmT>
					<MirDvCliIndvSfxNmT></MirDvCliIndvSfxNmT>
					<MirDvCliIndvSfxNmT></MirDvCliIndvSfxNmT>
					<MirDvCliIndvSfxNmT></MirDvCliIndvSfxNmT>
				</MirDvCliIndvSfxNmG>
				<MirDvCliIndvTitlTxtG>
					<MirDvCliIndvTitlTxtT></MirDvCliIndvTitlTxtT>
					<MirDvCliIndvTitlTxtT></MirDvCliIndvTitlTxtT>
					<MirDvCliIndvTitlTxtT></MirDvCliIndvTitlTxtT>
					<MirDvCliIndvTitlTxtT></MirDvCliIndvTitlTxtT>
					<MirDvCliIndvTitlTxtT></MirDvCliIndvTitlTxtT>
					<MirDvCliIndvTitlTxtT></MirDvCliIndvTitlTxtT>
					<MirDvCliIndvTitlTxtT></MirDvCliIndvTitlTxtT>
					<MirDvCliIndvTitlTxtT></MirDvCliIndvTitlTxtT>
					<MirDvCliIndvTitlTxtT></MirDvCliIndvTitlTxtT>
					<MirDvCliIndvTitlTxtT></MirDvCliIndvTitlTxtT>
					<MirDvCliIndvTitlTxtT></MirDvCliIndvTitlTxtT>
					<MirDvCliIndvTitlTxtT></MirDvCliIndvTitlTxtT>
					<MirDvCliIndvTitlTxtT></MirDvCliIndvTitlTxtT>
					<MirDvCliIndvTitlTxtT></MirDvCliIndvTitlTxtT>
					<MirDvCliIndvTitlTxtT></MirDvCliIndvTitlTxtT>
					<MirDvCliIndvTitlTxtT></MirDvCliIndvTitlTxtT>
					<MirDvCliIndvTitlTxtT></MirDvCliIndvTitlTxtT>
					<MirDvCliIndvTitlTxtT></MirDvCliIndvTitlTxtT>
					<MirDvCliIndvTitlTxtT></MirDvCliIndvTitlTxtT>
					<MirDvCliIndvTitlTxtT></MirDvCliIndvTitlTxtT>
					<MirDvCliIndvTitlTxtT></MirDvCliIndvTitlTxtT>
					<MirDvCliIndvTitlTxtT></MirDvCliIndvTitlTxtT>
					<MirDvCliIndvTitlTxtT></MirDvCliIndvTitlTxtT>
					<MirDvCliIndvTitlTxtT></MirDvCliIndvTitlTxtT>
					<MirDvCliIndvTitlTxtT></MirDvCliIndvTitlTxtT>
					<MirDvCliIndvTitlTxtT></MirDvCliIndvTitlTxtT>
				</MirDvCliIndvTitlTxtG>
				<MirDvEntrSurNmG>
					<MirDvEntrSurNmT></MirDvEntrSurNmT>
					<MirDvEntrSurNmT></MirDvEntrSurNmT>
					<MirDvEntrSurNmT></MirDvEntrSurNmT>
					<MirDvEntrSurNmT></MirDvEntrSurNmT>
					<MirDvEntrSurNmT></MirDvEntrSurNmT>
					<MirDvEntrSurNmT></MirDvEntrSurNmT>
					<MirDvEntrSurNmT></MirDvEntrSurNmT>
					<MirDvEntrSurNmT></MirDvEntrSurNmT>
					<MirDvEntrSurNmT></MirDvEntrSurNmT>
					<MirDvEntrSurNmT></MirDvEntrSurNmT>
					<MirDvEntrSurNmT></MirDvEntrSurNmT>
					<MirDvEntrSurNmT></MirDvEntrSurNmT>
					<MirDvEntrSurNmT></MirDvEntrSurNmT>
					<MirDvEntrSurNmT></MirDvEntrSurNmT>
					<MirDvEntrSurNmT></MirDvEntrSurNmT>
					<MirDvEntrSurNmT></MirDvEntrSurNmT>
					<MirDvEntrSurNmT></MirDvEntrSurNmT>
					<MirDvEntrSurNmT></MirDvEntrSurNmT>
					<MirDvEntrSurNmT></MirDvEntrSurNmT>
					<MirDvEntrSurNmT></MirDvEntrSurNmT>
					<MirDvEntrSurNmT></MirDvEntrSurNmT>
					<MirDvEntrSurNmT></MirDvEntrSurNmT>
					<MirDvEntrSurNmT></MirDvEntrSurNmT>
					<MirDvEntrSurNmT></MirDvEntrSurNmT>
					<MirDvEntrSurNmT></MirDvEntrSurNmT>
					<MirDvEntrSurNmT></MirDvEntrSurNmT>
				</MirDvEntrSurNmG>
				<MirDvEntrGivNmG>
					<MirDvEntrGivNmT></MirDvEntrGivNmT>
					<MirDvEntrGivNmT></MirDvEntrGivNmT>
					<MirDvEntrGivNmT></MirDvEntrGivNmT>
					<MirDvEntrGivNmT></MirDvEntrGivNmT>
					<MirDvEntrGivNmT></MirDvEntrGivNmT>
					<MirDvEntrGivNmT></MirDvEntrGivNmT>
					<MirDvEntrGivNmT></MirDvEntrGivNmT>
					<MirDvEntrGivNmT></MirDvEntrGivNmT>
					<MirDvEntrGivNmT></MirDvEntrGivNmT>
					<MirDvEntrGivNmT></MirDvEntrGivNmT>
					<MirDvEntrGivNmT></MirDvEntrGivNmT>
					<MirDvEntrGivNmT></MirDvEntrGivNmT>
					<MirDvEntrGivNmT></MirDvEntrGivNmT>
					<MirDvEntrGivNmT></MirDvEntrGivNmT>
					<MirDvEntrGivNmT></MirDvEntrGivNmT>
					<MirDvEntrGivNmT></MirDvEntrGivNmT>
					<MirDvEntrGivNmT></MirDvEntrGivNmT>
					<MirDvEntrGivNmT></MirDvEntrGivNmT>
					<MirDvEntrGivNmT></MirDvEntrGivNmT>
					<MirDvEntrGivNmT></MirDvEntrGivNmT>
					<MirDvEntrGivNmT></MirDvEntrGivNmT>
					<MirDvEntrGivNmT></MirDvEntrGivNmT>
					<MirDvEntrGivNmT></MirDvEntrGivNmT>
					<MirDvEntrGivNmT></MirDvEntrGivNmT>
					<MirDvEntrGivNmT></MirDvEntrGivNmT>
					<MirDvEntrGivNmT></MirDvEntrGivNmT>
				</MirDvEntrGivNmG>
				<MirDvCliIndvEffDtG>
					<MirDvCliIndvEffDtT></MirDvCliIndvEffDtT>
					<MirDvCliIndvEffDtT></MirDvCliIndvEffDtT>
					<MirDvCliIndvEffDtT></MirDvCliIndvEffDtT>
					<MirDvCliIndvEffDtT></MirDvCliIndvEffDtT>
					<MirDvCliIndvEffDtT></MirDvCliIndvEffDtT>
					<MirDvCliIndvEffDtT></MirDvCliIndvEffDtT>
					<MirDvCliIndvEffDtT></MirDvCliIndvEffDtT>
					<MirDvCliIndvEffDtT></MirDvCliIndvEffDtT>
					<MirDvCliIndvEffDtT></MirDvCliIndvEffDtT>
					<MirDvCliIndvEffDtT></MirDvCliIndvEffDtT>
					<MirDvCliIndvEffDtT></MirDvCliIndvEffDtT>
					<MirDvCliIndvEffDtT></MirDvCliIndvEffDtT>
					<MirDvCliIndvEffDtT></MirDvCliIndvEffDtT>
					<MirDvCliIndvEffDtT></MirDvCliIndvEffDtT>
					<MirDvCliIndvEffDtT></MirDvCliIndvEffDtT>
					<MirDvCliIndvEffDtT></MirDvCliIndvEffDtT>
					<MirDvCliIndvEffDtT></MirDvCliIndvEffDtT>
					<MirDvCliIndvEffDtT></MirDvCliIndvEffDtT>
					<MirDvCliIndvEffDtT></MirDvCliIndvEffDtT>
					<MirDvCliIndvEffDtT></MirDvCliIndvEffDtT>
					<MirDvCliIndvEffDtT></MirDvCliIndvEffDtT>
					<MirDvCliIndvEffDtT></MirDvCliIndvEffDtT>
					<MirDvCliIndvEffDtT></MirDvCliIndvEffDtT>
					<MirDvCliIndvEffDtT></MirDvCliIndvEffDtT>
					<MirDvCliIndvEffDtT></MirDvCliIndvEffDtT>
					<MirDvCliIndvEffDtT></MirDvCliIndvEffDtT>
				</MirDvCliIndvEffDtG>
				<MirDvCliUpdByLn1G>
					<MirDvCliUpdByLnT></MirDvCliUpdByLnT>
					<MirDvCliUpdByLnT></MirDvCliUpdByLnT>
					<MirDvCliUpdByLnT></MirDvCliUpdByLnT>
					<MirDvCliUpdByLnT></MirDvCliUpdByLnT>
					<MirDvCliUpdByLnT></MirDvCliUpdByLnT>
					<MirDvCliUpdByLnT></MirDvCliUpdByLnT>
					<MirDvCliUpdByLnT></MirDvCliUpdByLnT>
					<MirDvCliUpdByLnT></MirDvCliUpdByLnT>
					<MirDvCliUpdByLnT></MirDvCliUpdByLnT>
					<MirDvCliUpdByLnT></MirDvCliUpdByLnT>
					<MirDvCliUpdByLnT></MirDvCliUpdByLnT>
					<MirDvCliUpdByLnT></MirDvCliUpdByLnT>
					<MirDvCliUpdByLnT></MirDvCliUpdByLnT>
					<MirDvCliUpdByLnT></MirDvCliUpdByLnT>
					<MirDvCliUpdByLnT></MirDvCliUpdByLnT>
					<MirDvCliUpdByLnT></MirDvCliUpdByLnT>
					<MirDvCliUpdByLnT></MirDvCliUpdByLnT>
					<MirDvCliUpdByLnT></MirDvCliUpdByLnT>
					<MirDvCliUpdByLnT></MirDvCliUpdByLnT>
					<MirDvCliUpdByLnT></MirDvCliUpdByLnT>
					<MirDvCliUpdByLnT></MirDvCliUpdByLnT>
					<MirDvCliUpdByLnT></MirDvCliUpdByLnT>
					<MirDvCliUpdByLnT></MirDvCliUpdByLnT>
					<MirDvCliUpdByLnT></MirDvCliUpdByLnT>
					<MirDvCliUpdByLnT></MirDvCliUpdByLnT>
					<MirDvCliUpdByLnT></MirDvCliUpdByLnT>
				</MirDvCliUpdByLn1G>
				<MirDvCliUpdDtLn1G>
					<MirDvCliUpdDtLnT></MirDvCliUpdDtLnT>
					<MirDvCliUpdDtLnT></MirDvCliUpdDtLnT>
					<MirDvCliUpdDtLnT></MirDvCliUpdDtLnT>
					<MirDvCliUpdDtLnT></MirDvCliUpdDtLnT>
					<MirDvCliUpdDtLnT></MirDvCliUpdDtLnT>
					<MirDvCliUpdDtLnT></MirDvCliUpdDtLnT>
					<MirDvCliUpdDtLnT></MirDvCliUpdDtLnT>
					<MirDvCliUpdDtLnT></MirDvCliUpdDtLnT>
					<MirDvCliUpdDtLnT></MirDvCliUpdDtLnT>
					<MirDvCliUpdDtLnT></MirDvCliUpdDtLnT>
					<MirDvCliUpdDtLnT></MirDvCliUpdDtLnT>
					<MirDvCliUpdDtLnT></MirDvCliUpdDtLnT>
					<MirDvCliUpdDtLnT></MirDvCliUpdDtLnT>
					<MirDvCliUpdDtLnT></MirDvCliUpdDtLnT>
					<MirDvCliUpdDtLnT></MirDvCliUpdDtLnT>
					<MirDvCliUpdDtLnT></MirDvCliUpdDtLnT>
					<MirDvCliUpdDtLnT></MirDvCliUpdDtLnT>
					<MirDvCliUpdDtLnT></MirDvCliUpdDtLnT>
					<MirDvCliUpdDtLnT></MirDvCliUpdDtLnT>
					<MirDvCliUpdDtLnT></MirDvCliUpdDtLnT>
					<MirDvCliUpdDtLnT></MirDvCliUpdDtLnT>
					<MirDvCliUpdDtLnT></MirDvCliUpdDtLnT>
					<MirDvCliUpdDtLnT></MirDvCliUpdDtLnT>
					<MirDvCliUpdDtLnT></MirDvCliUpdDtLnT>
					<MirDvCliUpdDtLnT></MirDvCliUpdDtLnT>
					<MirDvCliUpdDtLnT></MirDvCliUpdDtLnT>
				</MirDvCliUpdDtLn1G>
			</MirPrevNmInfo>
			<MirAddrInfo>
				<MirCliAddrEffDtG>
					<MirCliAddrEffDtT></MirCliAddrEffDtT>
					<MirCliAddrEffDtT></MirCliAddrEffDtT>
					<MirCliAddrEffDtT></MirCliAddrEffDtT>
				</MirCliAddrEffDtG>
				<MirCliAddrLn1TxtG>
					<MirCliAddrLn1TxtT></MirCliAddrLn1TxtT>
					<MirCliAddrLn1TxtT></MirCliAddrLn1TxtT>
					<MirCliAddrLn1TxtT></MirCliAddrLn1TxtT>
				</MirCliAddrLn1TxtG>
				<MirCliAddrLn2TxtG>
					<MirCliAddrLn2TxtT></MirCliAddrLn2TxtT>
					<MirCliAddrLn2TxtT></MirCliAddrLn2TxtT>
					<MirCliAddrLn2TxtT></MirCliAddrLn2TxtT>
				</MirCliAddrLn2TxtG>
				<MirCliAddrLn3TxtG>
					<MirCliAddrLn3TxtT></MirCliAddrLn3TxtT>
					<MirCliAddrLn3TxtT></MirCliAddrLn3TxtT>
					<MirCliAddrLn3TxtT></MirCliAddrLn3TxtT>
				</MirCliAddrLn3TxtG>
				<MirCliAddrAddlTxtG>
					<MirCliAddrAddlTxtT></MirCliAddrAddlTxtT>
					<MirCliAddrAddlTxtT></MirCliAddrAddlTxtT>
					<MirCliAddrAddlTxtT></MirCliAddrAddlTxtT>
				</MirCliAddrAddlTxtG>
				<MirCliCityNmTxtG>
					<MirCliCityNmTxtT></MirCliCityNmTxtT>
					<MirCliCityNmTxtT></MirCliCityNmTxtT>
					<MirCliCityNmTxtT></MirCliCityNmTxtT>
				</MirCliCityNmTxtG>
				<MirCliCtryCd0>
					<MirCliCtryCd1></MirCliCtryCd1>
					<MirCliCtryCd2></MirCliCtryCd2>
					<MirCliCtryCd3></MirCliCtryCd3>
				</MirCliCtryCd0>
				<MirCliCtryCdG>
					<MirCliCtryCdT></MirCliCtryCdT>
					<MirCliCtryCdT></MirCliCtryCdT>
					<MirCliCtryCdT></MirCliCtryCdT>
				</MirCliCtryCdG>
				<MirCliAddrCntctTxtG>
					<MirCliAddrCntctTxtT></MirCliAddrCntctTxtT>
					<MirCliAddrCntctTxtT></MirCliAddrCntctTxtT>
					<MirCliAddrCntctTxtT></MirCliAddrCntctTxtT>
				</MirCliAddrCntctTxtG>
				<MirCliPstlCd0>
					<MirCliPstlCd1></MirCliPstlCd1>
					<MirCliPstlCd2></MirCliPstlCd2>
					<MirCliPstlCd3></MirCliPstlCd3>
				</MirCliPstlCd0>
				<MirCliPstlCdG>
					<MirCliPstlCdT></MirCliPstlCdT>
					<MirCliPstlCdT></MirCliPstlCdT>
					<MirCliPstlCdT></MirCliPstlCdT>
				</MirCliPstlCdG>
				<MirCliCrntLocCd0>
					<MirCliCrntLocCd1></MirCliCrntLocCd1>
					<MirCliCrntLocCd2></MirCliCrntLocCd2>
					<MirCliCrntLocCd3></MirCliCrntLocCd3>
				</MirCliCrntLocCd0>
				<MirCliCrntLocCdG>
					<MirCliCrntLocCdT></MirCliCrntLocCdT>
					<MirCliCrntLocCdT></MirCliCrntLocCdT>
					<MirCliCrntLocCdT></MirCliCrntLocCdT>
				</MirCliCrntLocCdG>
				<MirCliAddrMunCdG>
					<MirCliAddrMunCdT></MirCliAddrMunCdT>
					<MirCliAddrMunCdT></MirCliAddrMunCdT>
					<MirCliAddrMunCdT></MirCliAddrMunCdT>
				</MirCliAddrMunCdG>
				<MirCliAddrCntyCdG>
					<MirCliAddrCntyCdT></MirCliAddrCntyCdT>
					<MirCliAddrCntyCdT></MirCliAddrCntyCdT>
					<MirCliAddrCntyCdT></MirCliAddrCntyCdT>
				</MirCliAddrCntyCdG>
				<MirCliAltAddrCdG>
					<MirCliAltAddrCdT></MirCliAltAddrCdT>
					<MirCliAltAddrCdT></MirCliAltAddrCdT>
					<MirCliAltAddrCdT></MirCliAltAddrCdT>
				</MirCliAltAddrCdG>
				<MirCliResTypCdG>
					<MirCliResTypCdT></MirCliResTypCdT>
					<MirCliResTypCdT></MirCliResTypCdT>
					<MirCliResTypCdT></MirCliResTypCdT>
				</MirCliResTypCdG>
				<MirCliResNumG>
					<MirCliResNumT></MirCliResNumT>
					<MirCliResNumT></MirCliResNumT>
					<MirCliResNumT></MirCliResNumT>
				</MirCliResNumG>
				<MirCliAddrYrDurG>
					<MirCliAddrYrDurT></MirCliAddrYrDurT>
					<MirCliAddrYrDurT></MirCliAddrYrDurT>
					<MirCliAddrYrDurT></MirCliAddrYrDurT>
				</MirCliAddrYrDurG>
				<MirCliAddrChngDtG>
					<MirCliAddrChngDtT></MirCliAddrChngDtT>
					<MirCliAddrChngDtT></MirCliAddrChngDtT>
					<MirCliAddrChngDtT></MirCliAddrChngDtT>
				</MirCliAddrChngDtG>
				<MirCliAddrStatCdG>
					<MirCliAddrStatCdT></MirCliAddrStatCdT>
					<MirCliAddrStatCdT></MirCliAddrStatCdT>
					<MirCliAddrStatCdT></MirCliAddrStatCdT>
				</MirCliAddrStatCdG>
				<MirAddrStatChngDtG>
					<MirAddrStatChngDtT></MirAddrStatChngDtT>
					<MirAddrStatChngDtT></MirAddrStatChngDtT>
					<MirAddrStatChngDtT></MirAddrStatChngDtT>
				</MirAddrStatChngDtG>
				<MirCliAddrGrCd></MirCliAddrGrCd>
				<MirAddrCrntLocNmG>
					<MirAddrCrntLocNmT></MirAddrCrntLocNmT>
					<MirAddrCrntLocNmT></MirAddrCrntLocNmT>
					<MirAddrCrntLocNmT></MirAddrCrntLocNmT>
				</MirAddrCrntLocNmG>
				<MirAddrCtryNmG>
					<MirAddrCtryNmT></MirAddrCtryNmT>
					<MirAddrCtryNmT></MirAddrCtryNmT>
					<MirAddrCtryNmT></MirAddrCtryNmT>
				</MirAddrCtryNmG>
			</MirAddrInfo>
			<MirPrevAddrInfo>
				<MirDvPrevAddrIndG>
					<MirDvPrevAddrIndT></MirDvPrevAddrIndT>
					<MirDvPrevAddrIndT></MirDvPrevAddrIndT>
					<MirDvPrevAddrIndT></MirDvPrevAddrIndT>
				</MirDvPrevAddrIndG>
				<MirDvCliAddrCntyCdG>
					<MirDvCliAddrCntyCdT></MirDvCliAddrCntyCdT>
					<MirDvCliAddrCntyCdT></MirDvCliAddrCntyCdT>
					<MirDvCliAddrCntyCdT></MirDvCliAddrCntyCdT>
					<MirDvCliAddrCntyCdT></MirDvCliAddrCntyCdT>
					<MirDvCliAddrCntyCdT></MirDvCliAddrCntyCdT>
					<MirDvCliAddrCntyCdT></MirDvCliAddrCntyCdT>
					<MirDvCliAddrCntyCdT></MirDvCliAddrCntyCdT>
					<MirDvCliAddrCntyCdT></MirDvCliAddrCntyCdT>
					<MirDvCliAddrCntyCdT></MirDvCliAddrCntyCdT>
					<MirDvCliAddrCntyCdT></MirDvCliAddrCntyCdT>
					<MirDvCliAddrCntyCdT></MirDvCliAddrCntyCdT>
					<MirDvCliAddrCntyCdT></MirDvCliAddrCntyCdT>
					<MirDvCliAddrCntyCdT></MirDvCliAddrCntyCdT>
					<MirDvCliAddrCntyCdT></MirDvCliAddrCntyCdT>
					<MirDvCliAddrCntyCdT></MirDvCliAddrCntyCdT>
					<MirDvCliAddrCntyCdT></MirDvCliAddrCntyCdT>
					<MirDvCliAddrCntyCdT></MirDvCliAddrCntyCdT>
					<MirDvCliAddrCntyCdT></MirDvCliAddrCntyCdT>
					<MirDvCliAddrCntyCdT></MirDvCliAddrCntyCdT>
					<MirDvCliAddrCntyCdT></MirDvCliAddrCntyCdT>
					<MirDvCliAddrCntyCdT></MirDvCliAddrCntyCdT>
					<MirDvCliAddrCntyCdT></MirDvCliAddrCntyCdT>
					<MirDvCliAddrCntyCdT></MirDvCliAddrCntyCdT>
					<MirDvCliAddrCntyCdT></MirDvCliAddrCntyCdT>
					<MirDvCliAddrCntyCdT></MirDvCliAddrCntyCdT>
					<MirDvCliAddrCntyCdT></MirDvCliAddrCntyCdT>
				</MirDvCliAddrCntyCdG>
				<MirDvCliAddrLn1TxtG>
					<MirDvCliAddrLn1TxtT></MirDvCliAddrLn1TxtT>
					<MirDvCliAddrLn1TxtT></MirDvCliAddrLn1TxtT>
					<MirDvCliAddrLn1TxtT></MirDvCliAddrLn1TxtT>
					<MirDvCliAddrLn1TxtT></MirDvCliAddrLn1TxtT>
					<MirDvCliAddrLn1TxtT></MirDvCliAddrLn1TxtT>
					<MirDvCliAddrLn1TxtT></MirDvCliAddrLn1TxtT>
					<MirDvCliAddrLn1TxtT></MirDvCliAddrLn1TxtT>
					<MirDvCliAddrLn1TxtT></MirDvCliAddrLn1TxtT>
					<MirDvCliAddrLn1TxtT></MirDvCliAddrLn1TxtT>
					<MirDvCliAddrLn1TxtT></MirDvCliAddrLn1TxtT>
					<MirDvCliAddrLn1TxtT></MirDvCliAddrLn1TxtT>
					<MirDvCliAddrLn1TxtT></MirDvCliAddrLn1TxtT>
					<MirDvCliAddrLn1TxtT></MirDvCliAddrLn1TxtT>
					<MirDvCliAddrLn1TxtT></MirDvCliAddrLn1TxtT>
					<MirDvCliAddrLn1TxtT></MirDvCliAddrLn1TxtT>
					<MirDvCliAddrLn1TxtT></MirDvCliAddrLn1TxtT>
					<MirDvCliAddrLn1TxtT></MirDvCliAddrLn1TxtT>
					<MirDvCliAddrLn1TxtT></MirDvCliAddrLn1TxtT>
					<MirDvCliAddrLn1TxtT></MirDvCliAddrLn1TxtT>
					<MirDvCliAddrLn1TxtT></MirDvCliAddrLn1TxtT>
					<MirDvCliAddrLn1TxtT></MirDvCliAddrLn1TxtT>
					<MirDvCliAddrLn1TxtT></MirDvCliAddrLn1TxtT>
					<MirDvCliAddrLn1TxtT></MirDvCliAddrLn1TxtT>
					<MirDvCliAddrLn1TxtT></MirDvCliAddrLn1TxtT>
					<MirDvCliAddrLn1TxtT></MirDvCliAddrLn1TxtT>
					<MirDvCliAddrLn1TxtT></MirDvCliAddrLn1TxtT>
				</MirDvCliAddrLn1TxtG>
				<MirDvCliAddrLn2TxtG>
					<MirDvCliAddrLn2TxtT></MirDvCliAddrLn2TxtT>
					<MirDvCliAddrLn2TxtT></MirDvCliAddrLn2TxtT>
					<MirDvCliAddrLn2TxtT></MirDvCliAddrLn2TxtT>
					<MirDvCliAddrLn2TxtT></MirDvCliAddrLn2TxtT>
					<MirDvCliAddrLn2TxtT></MirDvCliAddrLn2TxtT>
					<MirDvCliAddrLn2TxtT></MirDvCliAddrLn2TxtT>
					<MirDvCliAddrLn2TxtT></MirDvCliAddrLn2TxtT>
					<MirDvCliAddrLn2TxtT></MirDvCliAddrLn2TxtT>
					<MirDvCliAddrLn2TxtT></MirDvCliAddrLn2TxtT>
					<MirDvCliAddrLn2TxtT></MirDvCliAddrLn2TxtT>
					<MirDvCliAddrLn2TxtT></MirDvCliAddrLn2TxtT>
					<MirDvCliAddrLn2TxtT></MirDvCliAddrLn2TxtT>
					<MirDvCliAddrLn2TxtT></MirDvCliAddrLn2TxtT>
					<MirDvCliAddrLn2TxtT></MirDvCliAddrLn2TxtT>
					<MirDvCliAddrLn2TxtT></MirDvCliAddrLn2TxtT>
					<MirDvCliAddrLn2TxtT></MirDvCliAddrLn2TxtT>
					<MirDvCliAddrLn2TxtT></MirDvCliAddrLn2TxtT>
					<MirDvCliAddrLn2TxtT></MirDvCliAddrLn2TxtT>
					<MirDvCliAddrLn2TxtT></MirDvCliAddrLn2TxtT>
					<MirDvCliAddrLn2TxtT></MirDvCliAddrLn2TxtT>
					<MirDvCliAddrLn2TxtT></MirDvCliAddrLn2TxtT>
					<MirDvCliAddrLn2TxtT></MirDvCliAddrLn2TxtT>
					<MirDvCliAddrLn2TxtT></MirDvCliAddrLn2TxtT>
					<MirDvCliAddrLn2TxtT></MirDvCliAddrLn2TxtT>
					<MirDvCliAddrLn2TxtT></MirDvCliAddrLn2TxtT>
					<MirDvCliAddrLn2TxtT></MirDvCliAddrLn2TxtT>
				</MirDvCliAddrLn2TxtG>
				<MirDvCliAddrLn3TxtG>
					<MirDvCliAddrLn3TxtT></MirDvCliAddrLn3TxtT>
					<MirDvCliAddrLn3TxtT></MirDvCliAddrLn3TxtT>
					<MirDvCliAddrLn3TxtT></MirDvCliAddrLn3TxtT>
					<MirDvCliAddrLn3TxtT></MirDvCliAddrLn3TxtT>
					<MirDvCliAddrLn3TxtT></MirDvCliAddrLn3TxtT>
					<MirDvCliAddrLn3TxtT></MirDvCliAddrLn3TxtT>
					<MirDvCliAddrLn3TxtT></MirDvCliAddrLn3TxtT>
					<MirDvCliAddrLn3TxtT></MirDvCliAddrLn3TxtT>
					<MirDvCliAddrLn3TxtT></MirDvCliAddrLn3TxtT>
					<MirDvCliAddrLn3TxtT></MirDvCliAddrLn3TxtT>
					<MirDvCliAddrLn3TxtT></MirDvCliAddrLn3TxtT>
					<MirDvCliAddrLn3TxtT></MirDvCliAddrLn3TxtT>
					<MirDvCliAddrLn3TxtT></MirDvCliAddrLn3TxtT>
					<MirDvCliAddrLn3TxtT></MirDvCliAddrLn3TxtT>
					<MirDvCliAddrLn3TxtT></MirDvCliAddrLn3TxtT>
					<MirDvCliAddrLn3TxtT></MirDvCliAddrLn3TxtT>
					<MirDvCliAddrLn3TxtT></MirDvCliAddrLn3TxtT>
					<MirDvCliAddrLn3TxtT></MirDvCliAddrLn3TxtT>
					<MirDvCliAddrLn3TxtT></MirDvCliAddrLn3TxtT>
					<MirDvCliAddrLn3TxtT></MirDvCliAddrLn3TxtT>
					<MirDvCliAddrLn3TxtT></MirDvCliAddrLn3TxtT>
					<MirDvCliAddrLn3TxtT></MirDvCliAddrLn3TxtT>
					<MirDvCliAddrLn3TxtT></MirDvCliAddrLn3TxtT>
					<MirDvCliAddrLn3TxtT></MirDvCliAddrLn3TxtT>
					<MirDvCliAddrLn3TxtT></MirDvCliAddrLn3TxtT>
					<MirDvCliAddrLn3TxtT></MirDvCliAddrLn3TxtT>
				</MirDvCliAddrLn3TxtG>
				<MirDvCliAddrAddlTxtG>
					<MirDvCliAddrAddlTxtT></MirDvCliAddrAddlTxtT>
					<MirDvCliAddrAddlTxtT></MirDvCliAddrAddlTxtT>
					<MirDvCliAddrAddlTxtT></MirDvCliAddrAddlTxtT>
					<MirDvCliAddrAddlTxtT></MirDvCliAddrAddlTxtT>
					<MirDvCliAddrAddlTxtT></MirDvCliAddrAddlTxtT>
					<MirDvCliAddrAddlTxtT></MirDvCliAddrAddlTxtT>
					<MirDvCliAddrAddlTxtT></MirDvCliAddrAddlTxtT>
					<MirDvCliAddrAddlTxtT></MirDvCliAddrAddlTxtT>
					<MirDvCliAddrAddlTxtT></MirDvCliAddrAddlTxtT>
					<MirDvCliAddrAddlTxtT></MirDvCliAddrAddlTxtT>
					<MirDvCliAddrAddlTxtT></MirDvCliAddrAddlTxtT>
					<MirDvCliAddrAddlTxtT></MirDvCliAddrAddlTxtT>
					<MirDvCliAddrAddlTxtT></MirDvCliAddrAddlTxtT>
					<MirDvCliAddrAddlTxtT></MirDvCliAddrAddlTxtT>
					<MirDvCliAddrAddlTxtT></MirDvCliAddrAddlTxtT>
					<MirDvCliAddrAddlTxtT></MirDvCliAddrAddlTxtT>
					<MirDvCliAddrAddlTxtT></MirDvCliAddrAddlTxtT>
					<MirDvCliAddrAddlTxtT></MirDvCliAddrAddlTxtT>
					<MirDvCliAddrAddlTxtT></MirDvCliAddrAddlTxtT>
					<MirDvCliAddrAddlTxtT></MirDvCliAddrAddlTxtT>
					<MirDvCliAddrAddlTxtT></MirDvCliAddrAddlTxtT>
					<MirDvCliAddrAddlTxtT></MirDvCliAddrAddlTxtT>
					<MirDvCliAddrAddlTxtT></MirDvCliAddrAddlTxtT>
					<MirDvCliAddrAddlTxtT></MirDvCliAddrAddlTxtT>
					<MirDvCliAddrAddlTxtT></MirDvCliAddrAddlTxtT>
					<MirDvCliAddrAddlTxtT></MirDvCliAddrAddlTxtT>
				</MirDvCliAddrAddlTxtG>
				<MirDvCliAddrMunCdG>
					<MirDvCliAddrMunCdT></MirDvCliAddrMunCdT>
					<MirDvCliAddrMunCdT></MirDvCliAddrMunCdT>
					<MirDvCliAddrMunCdT></MirDvCliAddrMunCdT>
					<MirDvCliAddrMunCdT></MirDvCliAddrMunCdT>
					<MirDvCliAddrMunCdT></MirDvCliAddrMunCdT>
					<MirDvCliAddrMunCdT></MirDvCliAddrMunCdT>
					<MirDvCliAddrMunCdT></MirDvCliAddrMunCdT>
					<MirDvCliAddrMunCdT></MirDvCliAddrMunCdT>
					<MirDvCliAddrMunCdT></MirDvCliAddrMunCdT>
					<MirDvCliAddrMunCdT></MirDvCliAddrMunCdT>
					<MirDvCliAddrMunCdT></MirDvCliAddrMunCdT>
					<MirDvCliAddrMunCdT></MirDvCliAddrMunCdT>
					<MirDvCliAddrMunCdT></MirDvCliAddrMunCdT>
					<MirDvCliAddrMunCdT></MirDvCliAddrMunCdT>
					<MirDvCliAddrMunCdT></MirDvCliAddrMunCdT>
					<MirDvCliAddrMunCdT></MirDvCliAddrMunCdT>
					<MirDvCliAddrMunCdT></MirDvCliAddrMunCdT>
					<MirDvCliAddrMunCdT></MirDvCliAddrMunCdT>
					<MirDvCliAddrMunCdT></MirDvCliAddrMunCdT>
					<MirDvCliAddrMunCdT></MirDvCliAddrMunCdT>
					<MirDvCliAddrMunCdT></MirDvCliAddrMunCdT>
					<MirDvCliAddrMunCdT></MirDvCliAddrMunCdT>
					<MirDvCliAddrMunCdT></MirDvCliAddrMunCdT>
					<MirDvCliAddrMunCdT></MirDvCliAddrMunCdT>
					<MirDvCliAddrMunCdT></MirDvCliAddrMunCdT>
					<MirDvCliAddrMunCdT></MirDvCliAddrMunCdT>
				</MirDvCliAddrMunCdG>
				<MirDvCliAddrYrDurG>
					<MirDvCliAddrYrDurT></MirDvCliAddrYrDurT>
					<MirDvCliAddrYrDurT></MirDvCliAddrYrDurT>
					<MirDvCliAddrYrDurT></MirDvCliAddrYrDurT>
					<MirDvCliAddrYrDurT></MirDvCliAddrYrDurT>
					<MirDvCliAddrYrDurT></MirDvCliAddrYrDurT>
					<MirDvCliAddrYrDurT></MirDvCliAddrYrDurT>
					<MirDvCliAddrYrDurT></MirDvCliAddrYrDurT>
					<MirDvCliAddrYrDurT></MirDvCliAddrYrDurT>
					<MirDvCliAddrYrDurT></MirDvCliAddrYrDurT>
					<MirDvCliAddrYrDurT></MirDvCliAddrYrDurT>
					<MirDvCliAddrYrDurT></MirDvCliAddrYrDurT>
					<MirDvCliAddrYrDurT></MirDvCliAddrYrDurT>
					<MirDvCliAddrYrDurT></MirDvCliAddrYrDurT>
					<MirDvCliAddrYrDurT></MirDvCliAddrYrDurT>
					<MirDvCliAddrYrDurT></MirDvCliAddrYrDurT>
					<MirDvCliAddrYrDurT></MirDvCliAddrYrDurT>
					<MirDvCliAddrYrDurT></MirDvCliAddrYrDurT>
					<MirDvCliAddrYrDurT></MirDvCliAddrYrDurT>
					<MirDvCliAddrYrDurT></MirDvCliAddrYrDurT>
					<MirDvCliAddrYrDurT></MirDvCliAddrYrDurT>
					<MirDvCliAddrYrDurT></MirDvCliAddrYrDurT>
					<MirDvCliAddrYrDurT></MirDvCliAddrYrDurT>
					<MirDvCliAddrYrDurT></MirDvCliAddrYrDurT>
					<MirDvCliAddrYrDurT></MirDvCliAddrYrDurT>
					<MirDvCliAddrYrDurT></MirDvCliAddrYrDurT>
					<MirDvCliAddrYrDurT></MirDvCliAddrYrDurT>
				</MirDvCliAddrYrDurG>
				<MirDvCliCityNmTxtG>
					<MirDvCliCityNmTxtT></MirDvCliCityNmTxtT>
					<MirDvCliCityNmTxtT></MirDvCliCityNmTxtT>
					<MirDvCliCityNmTxtT></MirDvCliCityNmTxtT>
					<MirDvCliCityNmTxtT></MirDvCliCityNmTxtT>
					<MirDvCliCityNmTxtT></MirDvCliCityNmTxtT>
					<MirDvCliCityNmTxtT></MirDvCliCityNmTxtT>
					<MirDvCliCityNmTxtT></MirDvCliCityNmTxtT>
					<MirDvCliCityNmTxtT></MirDvCliCityNmTxtT>
					<MirDvCliCityNmTxtT></MirDvCliCityNmTxtT>
					<MirDvCliCityNmTxtT></MirDvCliCityNmTxtT>
					<MirDvCliCityNmTxtT></MirDvCliCityNmTxtT>
					<MirDvCliCityNmTxtT></MirDvCliCityNmTxtT>
					<MirDvCliCityNmTxtT></MirDvCliCityNmTxtT>
					<MirDvCliCityNmTxtT></MirDvCliCityNmTxtT>
					<MirDvCliCityNmTxtT></MirDvCliCityNmTxtT>
					<MirDvCliCityNmTxtT></MirDvCliCityNmTxtT>
					<MirDvCliCityNmTxtT></MirDvCliCityNmTxtT>
					<MirDvCliCityNmTxtT></MirDvCliCityNmTxtT>
					<MirDvCliCityNmTxtT></MirDvCliCityNmTxtT>
					<MirDvCliCityNmTxtT></MirDvCliCityNmTxtT>
					<MirDvCliCityNmTxtT></MirDvCliCityNmTxtT>
					<MirDvCliCityNmTxtT></MirDvCliCityNmTxtT>
					<MirDvCliCityNmTxtT></MirDvCliCityNmTxtT>
					<MirDvCliCityNmTxtT></MirDvCliCityNmTxtT>
					<MirDvCliCityNmTxtT></MirDvCliCityNmTxtT>
					<MirDvCliCityNmTxtT></MirDvCliCityNmTxtT>
				</MirDvCliCityNmTxtG>
				<MirDvCliCrntLocCdG>
					<MirDvCliCrntLocCdT></MirDvCliCrntLocCdT>
					<MirDvCliCrntLocCdT></MirDvCliCrntLocCdT>
					<MirDvCliCrntLocCdT></MirDvCliCrntLocCdT>
					<MirDvCliCrntLocCdT></MirDvCliCrntLocCdT>
					<MirDvCliCrntLocCdT></MirDvCliCrntLocCdT>
					<MirDvCliCrntLocCdT></MirDvCliCrntLocCdT>
					<MirDvCliCrntLocCdT></MirDvCliCrntLocCdT>
					<MirDvCliCrntLocCdT></MirDvCliCrntLocCdT>
					<MirDvCliCrntLocCdT></MirDvCliCrntLocCdT>
					<MirDvCliCrntLocCdT></MirDvCliCrntLocCdT>
					<MirDvCliCrntLocCdT></MirDvCliCrntLocCdT>
					<MirDvCliCrntLocCdT></MirDvCliCrntLocCdT>
					<MirDvCliCrntLocCdT></MirDvCliCrntLocCdT>
					<MirDvCliCrntLocCdT></MirDvCliCrntLocCdT>
					<MirDvCliCrntLocCdT></MirDvCliCrntLocCdT>
					<MirDvCliCrntLocCdT></MirDvCliCrntLocCdT>
					<MirDvCliCrntLocCdT></MirDvCliCrntLocCdT>
					<MirDvCliCrntLocCdT></MirDvCliCrntLocCdT>
					<MirDvCliCrntLocCdT></MirDvCliCrntLocCdT>
					<MirDvCliCrntLocCdT></MirDvCliCrntLocCdT>
					<MirDvCliCrntLocCdT></MirDvCliCrntLocCdT>
					<MirDvCliCrntLocCdT></MirDvCliCrntLocCdT>
					<MirDvCliCrntLocCdT></MirDvCliCrntLocCdT>
					<MirDvCliCrntLocCdT></MirDvCliCrntLocCdT>
					<MirDvCliCrntLocCdT></MirDvCliCrntLocCdT>
					<MirDvCliCrntLocCdT></MirDvCliCrntLocCdT>
				</MirDvCliCrntLocCdG>
				<MirDvCliCtryCdG>
					<MirDvCliCtryCdT></MirDvCliCtryCdT>
					<MirDvCliCtryCdT></MirDvCliCtryCdT>
					<MirDvCliCtryCdT></MirDvCliCtryCdT>
					<MirDvCliCtryCdT></MirDvCliCtryCdT>
					<MirDvCliCtryCdT></MirDvCliCtryCdT>
					<MirDvCliCtryCdT></MirDvCliCtryCdT>
					<MirDvCliCtryCdT></MirDvCliCtryCdT>
					<MirDvCliCtryCdT></MirDvCliCtryCdT>
					<MirDvCliCtryCdT></MirDvCliCtryCdT>
					<MirDvCliCtryCdT></MirDvCliCtryCdT>
					<MirDvCliCtryCdT></MirDvCliCtryCdT>
					<MirDvCliCtryCdT></MirDvCliCtryCdT>
					<MirDvCliCtryCdT></MirDvCliCtryCdT>
					<MirDvCliCtryCdT></MirDvCliCtryCdT>
					<MirDvCliCtryCdT></MirDvCliCtryCdT>
					<MirDvCliCtryCdT></MirDvCliCtryCdT>
					<MirDvCliCtryCdT></MirDvCliCtryCdT>
					<MirDvCliCtryCdT></MirDvCliCtryCdT>
					<MirDvCliCtryCdT></MirDvCliCtryCdT>
					<MirDvCliCtryCdT></MirDvCliCtryCdT>
					<MirDvCliCtryCdT></MirDvCliCtryCdT>
					<MirDvCliCtryCdT></MirDvCliCtryCdT>
					<MirDvCliCtryCdT></MirDvCliCtryCdT>
					<MirDvCliCtryCdT></MirDvCliCtryCdT>
					<MirDvCliCtryCdT></MirDvCliCtryCdT>
					<MirDvCliCtryCdT></MirDvCliCtryCdT>
				</MirDvCliCtryCdG>
				<MirDvCliPstlCdG>
					<MirDvCliPstlCdT></MirDvCliPstlCdT>
					<MirDvCliPstlCdT></MirDvCliPstlCdT>
					<MirDvCliPstlCdT></MirDvCliPstlCdT>
					<MirDvCliPstlCdT></MirDvCliPstlCdT>
					<MirDvCliPstlCdT></MirDvCliPstlCdT>
					<MirDvCliPstlCdT></MirDvCliPstlCdT>
					<MirDvCliPstlCdT></MirDvCliPstlCdT>
					<MirDvCliPstlCdT></MirDvCliPstlCdT>
					<MirDvCliPstlCdT></MirDvCliPstlCdT>
					<MirDvCliPstlCdT></MirDvCliPstlCdT>
					<MirDvCliPstlCdT></MirDvCliPstlCdT>
					<MirDvCliPstlCdT></MirDvCliPstlCdT>
					<MirDvCliPstlCdT></MirDvCliPstlCdT>
					<MirDvCliPstlCdT></MirDvCliPstlCdT>
					<MirDvCliPstlCdT></MirDvCliPstlCdT>
					<MirDvCliPstlCdT></MirDvCliPstlCdT>
					<MirDvCliPstlCdT></MirDvCliPstlCdT>
					<MirDvCliPstlCdT></MirDvCliPstlCdT>
					<MirDvCliPstlCdT></MirDvCliPstlCdT>
					<MirDvCliPstlCdT></MirDvCliPstlCdT>
					<MirDvCliPstlCdT></MirDvCliPstlCdT>
					<MirDvCliPstlCdT></MirDvCliPstlCdT>
					<MirDvCliPstlCdT></MirDvCliPstlCdT>
					<MirDvCliPstlCdT></MirDvCliPstlCdT>
					<MirDvCliPstlCdT></MirDvCliPstlCdT>
					<MirDvCliPstlCdT></MirDvCliPstlCdT>
				</MirDvCliPstlCdG>
				<MirDvCliAltAddrCdG>
					<MirDvCliAltAddrCdT></MirDvCliAltAddrCdT>
					<MirDvCliAltAddrCdT></MirDvCliAltAddrCdT>
					<MirDvCliAltAddrCdT></MirDvCliAltAddrCdT>
					<MirDvCliAltAddrCdT></MirDvCliAltAddrCdT>
					<MirDvCliAltAddrCdT></MirDvCliAltAddrCdT>
					<MirDvCliAltAddrCdT></MirDvCliAltAddrCdT>
					<MirDvCliAltAddrCdT></MirDvCliAltAddrCdT>
					<MirDvCliAltAddrCdT></MirDvCliAltAddrCdT>
					<MirDvCliAltAddrCdT></MirDvCliAltAddrCdT>
					<MirDvCliAltAddrCdT></MirDvCliAltAddrCdT>
					<MirDvCliAltAddrCdT></MirDvCliAltAddrCdT>
					<MirDvCliAltAddrCdT></MirDvCliAltAddrCdT>
					<MirDvCliAltAddrCdT></MirDvCliAltAddrCdT>
					<MirDvCliAltAddrCdT></MirDvCliAltAddrCdT>
					<MirDvCliAltAddrCdT></MirDvCliAltAddrCdT>
					<MirDvCliAltAddrCdT></MirDvCliAltAddrCdT>
					<MirDvCliAltAddrCdT></MirDvCliAltAddrCdT>
					<MirDvCliAltAddrCdT></MirDvCliAltAddrCdT>
					<MirDvCliAltAddrCdT></MirDvCliAltAddrCdT>
					<MirDvCliAltAddrCdT></MirDvCliAltAddrCdT>
					<MirDvCliAltAddrCdT></MirDvCliAltAddrCdT>
					<MirDvCliAltAddrCdT></MirDvCliAltAddrCdT>
					<MirDvCliAltAddrCdT></MirDvCliAltAddrCdT>
					<MirDvCliAltAddrCdT></MirDvCliAltAddrCdT>
					<MirDvCliAltAddrCdT></MirDvCliAltAddrCdT>
					<MirDvCliAltAddrCdT></MirDvCliAltAddrCdT>
				</MirDvCliAltAddrCdG>
				<MirDvCliResNumG>
					<MirDvCliResNumT></MirDvCliResNumT>
					<MirDvCliResNumT></MirDvCliResNumT>
					<MirDvCliResNumT></MirDvCliResNumT>
					<MirDvCliResNumT></MirDvCliResNumT>
					<MirDvCliResNumT></MirDvCliResNumT>
					<MirDvCliResNumT></MirDvCliResNumT>
					<MirDvCliResNumT></MirDvCliResNumT>
					<MirDvCliResNumT></MirDvCliResNumT>
					<MirDvCliResNumT></MirDvCliResNumT>
					<MirDvCliResNumT></MirDvCliResNumT>
					<MirDvCliResNumT></MirDvCliResNumT>
					<MirDvCliResNumT></MirDvCliResNumT>
					<MirDvCliResNumT></MirDvCliResNumT>
					<MirDvCliResNumT></MirDvCliResNumT>
					<MirDvCliResNumT></MirDvCliResNumT>
					<MirDvCliResNumT></MirDvCliResNumT>
					<MirDvCliResNumT></MirDvCliResNumT>
					<MirDvCliResNumT></MirDvCliResNumT>
					<MirDvCliResNumT></MirDvCliResNumT>
					<MirDvCliResNumT></MirDvCliResNumT>
					<MirDvCliResNumT></MirDvCliResNumT>
					<MirDvCliResNumT></MirDvCliResNumT>
					<MirDvCliResNumT></MirDvCliResNumT>
					<MirDvCliResNumT></MirDvCliResNumT>
					<MirDvCliResNumT></MirDvCliResNumT>
					<MirDvCliResNumT></MirDvCliResNumT>
				</MirDvCliResNumG>
				<MirDvCliResTypCdG>
					<MirDvCliResTypCdT></MirDvCliResTypCdT>
					<MirDvCliResTypCdT></MirDvCliResTypCdT>
					<MirDvCliResTypCdT></MirDvCliResTypCdT>
					<MirDvCliResTypCdT></MirDvCliResTypCdT>
					<MirDvCliResTypCdT></MirDvCliResTypCdT>
					<MirDvCliResTypCdT></MirDvCliResTypCdT>
					<MirDvCliResTypCdT></MirDvCliResTypCdT>
					<MirDvCliResTypCdT></MirDvCliResTypCdT>
					<MirDvCliResTypCdT></MirDvCliResTypCdT>
					<MirDvCliResTypCdT></MirDvCliResTypCdT>
					<MirDvCliResTypCdT></MirDvCliResTypCdT>
					<MirDvCliResTypCdT></MirDvCliResTypCdT>
					<MirDvCliResTypCdT></MirDvCliResTypCdT>
					<MirDvCliResTypCdT></MirDvCliResTypCdT>
					<MirDvCliResTypCdT></MirDvCliResTypCdT>
					<MirDvCliResTypCdT></MirDvCliResTypCdT>
					<MirDvCliResTypCdT></MirDvCliResTypCdT>
					<MirDvCliResTypCdT></MirDvCliResTypCdT>
					<MirDvCliResTypCdT></MirDvCliResTypCdT>
					<MirDvCliResTypCdT></MirDvCliResTypCdT>
					<MirDvCliResTypCdT></MirDvCliResTypCdT>
					<MirDvCliResTypCdT></MirDvCliResTypCdT>
					<MirDvCliResTypCdT></MirDvCliResTypCdT>
					<MirDvCliResTypCdT></MirDvCliResTypCdT>
					<MirDvCliResTypCdT></MirDvCliResTypCdT>
					<MirDvCliResTypCdT></MirDvCliResTypCdT>
				</MirDvCliResTypCdG>
				<MirDvCliAddrCntctTxtG>
					<MirDvCliAddrCntctTxtT></MirDvCliAddrCntctTxtT>
					<MirDvCliAddrCntctTxtT></MirDvCliAddrCntctTxtT>
					<MirDvCliAddrCntctTxtT></MirDvCliAddrCntctTxtT>
					<MirDvCliAddrCntctTxtT></MirDvCliAddrCntctTxtT>
					<MirDvCliAddrCntctTxtT></MirDvCliAddrCntctTxtT>
					<MirDvCliAddrCntctTxtT></MirDvCliAddrCntctTxtT>
					<MirDvCliAddrCntctTxtT></MirDvCliAddrCntctTxtT>
					<MirDvCliAddrCntctTxtT></MirDvCliAddrCntctTxtT>
					<MirDvCliAddrCntctTxtT></MirDvCliAddrCntctTxtT>
					<MirDvCliAddrCntctTxtT></MirDvCliAddrCntctTxtT>
					<MirDvCliAddrCntctTxtT></MirDvCliAddrCntctTxtT>
					<MirDvCliAddrCntctTxtT></MirDvCliAddrCntctTxtT>
					<MirDvCliAddrCntctTxtT></MirDvCliAddrCntctTxtT>
					<MirDvCliAddrCntctTxtT></MirDvCliAddrCntctTxtT>
					<MirDvCliAddrCntctTxtT></MirDvCliAddrCntctTxtT>
					<MirDvCliAddrCntctTxtT></MirDvCliAddrCntctTxtT>
					<MirDvCliAddrCntctTxtT></MirDvCliAddrCntctTxtT>
					<MirDvCliAddrCntctTxtT></MirDvCliAddrCntctTxtT>
					<MirDvCliAddrCntctTxtT></MirDvCliAddrCntctTxtT>
					<MirDvCliAddrCntctTxtT></MirDvCliAddrCntctTxtT>
					<MirDvCliAddrCntctTxtT></MirDvCliAddrCntctTxtT>
					<MirDvCliAddrCntctTxtT></MirDvCliAddrCntctTxtT>
					<MirDvCliAddrCntctTxtT></MirDvCliAddrCntctTxtT>
					<MirDvCliAddrCntctTxtT></MirDvCliAddrCntctTxtT>
					<MirDvCliAddrCntctTxtT></MirDvCliAddrCntctTxtT>
					<MirDvCliAddrCntctTxtT></MirDvCliAddrCntctTxtT>
				</MirDvCliAddrCntctTxtG>
				<MirDvCliAddrEffDtG>
					<MirDvCliAddrEffDtT></MirDvCliAddrEffDtT>
					<MirDvCliAddrEffDtT></MirDvCliAddrEffDtT>
					<MirDvCliAddrEffDtT></MirDvCliAddrEffDtT>
					<MirDvCliAddrEffDtT></MirDvCliAddrEffDtT>
					<MirDvCliAddrEffDtT></MirDvCliAddrEffDtT>
					<MirDvCliAddrEffDtT></MirDvCliAddrEffDtT>
					<MirDvCliAddrEffDtT></MirDvCliAddrEffDtT>
					<MirDvCliAddrEffDtT></MirDvCliAddrEffDtT>
					<MirDvCliAddrEffDtT></MirDvCliAddrEffDtT>
					<MirDvCliAddrEffDtT></MirDvCliAddrEffDtT>
					<MirDvCliAddrEffDtT></MirDvCliAddrEffDtT>
					<MirDvCliAddrEffDtT></MirDvCliAddrEffDtT>
					<MirDvCliAddrEffDtT></MirDvCliAddrEffDtT>
					<MirDvCliAddrEffDtT></MirDvCliAddrEffDtT>
					<MirDvCliAddrEffDtT></MirDvCliAddrEffDtT>
					<MirDvCliAddrEffDtT></MirDvCliAddrEffDtT>
					<MirDvCliAddrEffDtT></MirDvCliAddrEffDtT>
					<MirDvCliAddrEffDtT></MirDvCliAddrEffDtT>
					<MirDvCliAddrEffDtT></MirDvCliAddrEffDtT>
					<MirDvCliAddrEffDtT></MirDvCliAddrEffDtT>
					<MirDvCliAddrEffDtT></MirDvCliAddrEffDtT>
					<MirDvCliAddrEffDtT></MirDvCliAddrEffDtT>
					<MirDvCliAddrEffDtT></MirDvCliAddrEffDtT>
					<MirDvCliAddrEffDtT></MirDvCliAddrEffDtT>
					<MirDvCliAddrEffDtT></MirDvCliAddrEffDtT>
					<MirDvCliAddrEffDtT></MirDvCliAddrEffDtT>
				</MirDvCliAddrEffDtG>
				<MirDvCliAddrUpdByLnG>
					<MirDvCliAddrUpdByLnT></MirDvCliAddrUpdByLnT>
					<MirDvCliAddrUpdByLnT></MirDvCliAddrUpdByLnT>
					<MirDvCliAddrUpdByLnT></MirDvCliAddrUpdByLnT>
					<MirDvCliAddrUpdByLnT></MirDvCliAddrUpdByLnT>
					<MirDvCliAddrUpdByLnT></MirDvCliAddrUpdByLnT>
					<MirDvCliAddrUpdByLnT></MirDvCliAddrUpdByLnT>
					<MirDvCliAddrUpdByLnT></MirDvCliAddrUpdByLnT>
					<MirDvCliAddrUpdByLnT></MirDvCliAddrUpdByLnT>
					<MirDvCliAddrUpdByLnT></MirDvCliAddrUpdByLnT>
					<MirDvCliAddrUpdByLnT></MirDvCliAddrUpdByLnT>
					<MirDvCliAddrUpdByLnT></MirDvCliAddrUpdByLnT>
					<MirDvCliAddrUpdByLnT></MirDvCliAddrUpdByLnT>
					<MirDvCliAddrUpdByLnT></MirDvCliAddrUpdByLnT>
					<MirDvCliAddrUpdByLnT></MirDvCliAddrUpdByLnT>
					<MirDvCliAddrUpdByLnT></MirDvCliAddrUpdByLnT>
					<MirDvCliAddrUpdByLnT></MirDvCliAddrUpdByLnT>
					<MirDvCliAddrUpdByLnT></MirDvCliAddrUpdByLnT>
					<MirDvCliAddrUpdByLnT></MirDvCliAddrUpdByLnT>
					<MirDvCliAddrUpdByLnT></MirDvCliAddrUpdByLnT>
					<MirDvCliAddrUpdByLnT></MirDvCliAddrUpdByLnT>
					<MirDvCliAddrUpdByLnT></MirDvCliAddrUpdByLnT>
					<MirDvCliAddrUpdByLnT></MirDvCliAddrUpdByLnT>
					<MirDvCliAddrUpdByLnT></MirDvCliAddrUpdByLnT>
					<MirDvCliAddrUpdByLnT></MirDvCliAddrUpdByLnT>
					<MirDvCliAddrUpdByLnT></MirDvCliAddrUpdByLnT>
					<MirDvCliAddrUpdByLnT></MirDvCliAddrUpdByLnT>
				</MirDvCliAddrUpdByLnG>
				<MirDvCliAddrLstUpdLnG>
					<MirDvCliAddrLstUpdLnT></MirDvCliAddrLstUpdLnT>
					<MirDvCliAddrLstUpdLnT></MirDvCliAddrLstUpdLnT>
					<MirDvCliAddrLstUpdLnT></MirDvCliAddrLstUpdLnT>
					<MirDvCliAddrLstUpdLnT></MirDvCliAddrLstUpdLnT>
					<MirDvCliAddrLstUpdLnT></MirDvCliAddrLstUpdLnT>
					<MirDvCliAddrLstUpdLnT></MirDvCliAddrLstUpdLnT>
					<MirDvCliAddrLstUpdLnT></MirDvCliAddrLstUpdLnT>
					<MirDvCliAddrLstUpdLnT></MirDvCliAddrLstUpdLnT>
					<MirDvCliAddrLstUpdLnT></MirDvCliAddrLstUpdLnT>
					<MirDvCliAddrLstUpdLnT></MirDvCliAddrLstUpdLnT>
					<MirDvCliAddrLstUpdLnT></MirDvCliAddrLstUpdLnT>
					<MirDvCliAddrLstUpdLnT></MirDvCliAddrLstUpdLnT>
					<MirDvCliAddrLstUpdLnT></MirDvCliAddrLstUpdLnT>
					<MirDvCliAddrLstUpdLnT></MirDvCliAddrLstUpdLnT>
					<MirDvCliAddrLstUpdLnT></MirDvCliAddrLstUpdLnT>
					<MirDvCliAddrLstUpdLnT></MirDvCliAddrLstUpdLnT>
					<MirDvCliAddrLstUpdLnT></MirDvCliAddrLstUpdLnT>
					<MirDvCliAddrLstUpdLnT></MirDvCliAddrLstUpdLnT>
					<MirDvCliAddrLstUpdLnT></MirDvCliAddrLstUpdLnT>
					<MirDvCliAddrLstUpdLnT></MirDvCliAddrLstUpdLnT>
					<MirDvCliAddrLstUpdLnT></MirDvCliAddrLstUpdLnT>
					<MirDvCliAddrLstUpdLnT></MirDvCliAddrLstUpdLnT>
					<MirDvCliAddrLstUpdLnT></MirDvCliAddrLstUpdLnT>
					<MirDvCliAddrLstUpdLnT></MirDvCliAddrLstUpdLnT>
					<MirDvCliAddrLstUpdLnT></MirDvCliAddrLstUpdLnT>
					<MirDvCliAddrLstUpdLnT></MirDvCliAddrLstUpdLnT>
				</MirDvCliAddrLstUpdLnG>
			</MirPrevAddrInfo>
			<MirEmplrInfo>
				<MirDvEmplrCliCoNmG>
					<MirDvEmplrCliCoNmT></MirDvEmplrCliCoNmT>
					<MirDvEmplrCliCoNmT></MirDvEmplrCliCoNmT>
					<MirDvEmplrCliCoNmT></MirDvEmplrCliCoNmT>
				</MirDvEmplrCliCoNmG>
				<MirDvEmplrAddr1TxtG>
					<MirDvEmplrAddr1TxtT></MirDvEmplrAddr1TxtT>
					<MirDvEmplrAddr1TxtT></MirDvEmplrAddr1TxtT>
					<MirDvEmplrAddr1TxtT></MirDvEmplrAddr1TxtT>
				</MirDvEmplrAddr1TxtG>
				<MirDvEmplrAddr2TxtG>
					<MirDvEmplrAddr2TxtT></MirDvEmplrAddr2TxtT>
					<MirDvEmplrAddr2TxtT></MirDvEmplrAddr2TxtT>
					<MirDvEmplrAddr2TxtT></MirDvEmplrAddr2TxtT>
				</MirDvEmplrAddr2TxtG>
				<MirDvEmplrAddr3TxtG>
					<MirDvEmplrAddr3TxtT></MirDvEmplrAddr3TxtT>
					<MirDvEmplrAddr3TxtT></MirDvEmplrAddr3TxtT>
					<MirDvEmplrAddr3TxtT></MirDvEmplrAddr3TxtT>
				</MirDvEmplrAddr3TxtG>
				<MirDvEmplrCtryCd0>
					<MirDvEmplrCtryCd1></MirDvEmplrCtryCd1>
					<MirDvEmplrCtryCd2></MirDvEmplrCtryCd2>
					<MirDvEmplrCtryCd3></MirDvEmplrCtryCd3>
				</MirDvEmplrCtryCd0>
				<MirDvEmplrCtryCdG>
					<MirDvEmplrCtryCdT></MirDvEmplrCtryCdT>
					<MirDvEmplrCtryCdT></MirDvEmplrCtryCdT>
					<MirDvEmplrCtryCdT></MirDvEmplrCtryCdT>
				</MirDvEmplrCtryCdG>
				<MirCliEmplrLocCd0>
					<MirCliEmplrLocCd1></MirCliEmplrLocCd1>
					<MirCliEmplrLocCd2></MirCliEmplrLocCd2>
					<MirCliEmplrLocCd3></MirCliEmplrLocCd3>
				</MirCliEmplrLocCd0>
				<MirCliEmplrLocCdG>
					<MirCliEmplrLocCdT></MirCliEmplrLocCdT>
					<MirCliEmplrLocCdT></MirCliEmplrLocCdT>
					<MirCliEmplrLocCdT></MirCliEmplrLocCdT>
				</MirCliEmplrLocCdG>
				<MirCliEmplYrDurG>
					<MirCliEmplYrDurT></MirCliEmplYrDurT>
					<MirCliEmplYrDurT></MirCliEmplYrDurT>
					<MirCliEmplYrDurT></MirCliEmplYrDurT>
				</MirCliEmplYrDurG>
				<MirDvEmplrAddrGrCd></MirDvEmplrAddrGrCd>
				<MirCliCoGrCd></MirCliCoGrCd>
				<MirCliCompCntctNmG>
					<MirCliCompCntctNmT></MirCliCompCntctNmT>
					<MirCliCompCntctNmT></MirCliCompCntctNmT>
					<MirCliCompCntctNmT></MirCliCompCntctNmT>
				</MirCliCompCntctNmG>
				<MirCliCompCntctDsgnG>
					<MirCliCompCntctDsgnT></MirCliCompCntctDsgnT>
					<MirCliCompCntctDsgnT></MirCliCompCntctDsgnT>
					<MirCliCompCntctDsgnT></MirCliCompCntctDsgnT>
				</MirCliCompCntctDsgnG>
				<MirDvEmplrCityCdG>
					<MirDvEmplrCityCdT></MirDvEmplrCityCdT>
					<MirDvEmplrCityCdT></MirDvEmplrCityCdT>
					<MirDvEmplrCityCdT></MirDvEmplrCityCdT>
				</MirDvEmplrCityCdG>
				<MirDvEmplrPstlCdG>
					<MirDvEmplrPstlCdT></MirDvEmplrPstlCdT>
					<MirDvEmplrPstlCdT></MirDvEmplrPstlCdT>
					<MirDvEmplrPstlCdT></MirDvEmplrPstlCdT>
				</MirDvEmplrPstlCdG>
				<MirDvEmplrAddrEffDtG>
					<MirDvEmplrAddrEffDtT></MirDvEmplrAddrEffDtT>
					<MirDvEmplrAddrEffDtT></MirDvEmplrAddrEffDtT>
					<MirDvEmplrAddrEffDtT></MirDvEmplrAddrEffDtT>
				</MirDvEmplrAddrEffDtG>
			</MirEmplrInfo>
			<MirPrevEmplrInfo>
				<MirDvPrevEmplrNmG>
					<MirDvPrevEmplrNmT></MirDvPrevEmplrNmT>
					<MirDvPrevEmplrNmT></MirDvPrevEmplrNmT>
					<MirDvPrevEmplrNmT></MirDvPrevEmplrNmT>
				</MirDvPrevEmplrNmG>
				<MirPrevEmplYrDurG>
					<MirPrevEmplYrDurT></MirPrevEmplYrDurT>
					<MirPrevEmplYrDurT></MirPrevEmplYrDurT>
					<MirPrevEmplYrDurT></MirPrevEmplYrDurT>
				</MirPrevEmplYrDurG>
				<MirCliCoGrCd1></MirCliCoGrCd1>
			</MirPrevEmplrInfo>
			<MirCrcInfo>
				<MirCliCrcNumG>
					<MirCliCrcNumT></MirCliCrcNumT>
					<MirCliCrcNumT></MirCliCrcNumT>
					<MirCliCrcNumT></MirCliCrcNumT>
					<MirCliCrcNumT></MirCliCrcNumT>
					<MirCliCrcNumT></MirCliCrcNumT>
					<MirCliCrcNumT></MirCliCrcNumT>
					<MirCliCrcNumT></MirCliCrcNumT>
					<MirCliCrcNumT></MirCliCrcNumT>
					<MirCliCrcNumT></MirCliCrcNumT>
				</MirCliCrcNumG>
				<MirCrcIdG>
					<MirCrcIdT></MirCrcIdT>
					<MirCrcIdT></MirCrcIdT>
					<MirCrcIdT></MirCrcIdT>
					<MirCrcIdT></MirCrcIdT>
					<MirCrcIdT></MirCrcIdT>
					<MirCrcIdT></MirCrcIdT>
					<MirCrcIdT></MirCrcIdT>
					<MirCrcIdT></MirCrcIdT>
					<MirCrcIdT></MirCrcIdT>
				</MirCrcIdG>
				<MirCrcTypCdG>
					<MirCrcTypCdT></MirCrcTypCdT>
					<MirCrcTypCdT></MirCrcTypCdT>
					<MirCrcTypCdT></MirCrcTypCdT>
					<MirCrcTypCdT></MirCrcTypCdT>
					<MirCrcTypCdT></MirCrcTypCdT>
					<MirCrcTypCdT></MirCrcTypCdT>
					<MirCrcTypCdT></MirCrcTypCdT>
					<MirCrcTypCdT></MirCrcTypCdT>
					<MirCrcTypCdT></MirCrcTypCdT>
				</MirCrcTypCdG>
				<MirCrcHldrNmG>
					<MirCrcHldrNmT></MirCrcHldrNmT>
					<MirCrcHldrNmT></MirCrcHldrNmT>
					<MirCrcHldrNmT></MirCrcHldrNmT>
					<MirCrcHldrNmT></MirCrcHldrNmT>
					<MirCrcHldrNmT></MirCrcHldrNmT>
					<MirCrcHldrNmT></MirCrcHldrNmT>
					<MirCrcHldrNmT></MirCrcHldrNmT>
					<MirCrcHldrNmT></MirCrcHldrNmT>
					<MirCrcHldrNmT></MirCrcHldrNmT>
				</MirCrcHldrNmG>
				<MirCrcXpryYrG>
					<MirCrcXpryYrT></MirCrcXpryYrT>
					<MirCrcXpryYrT></MirCrcXpryYrT>
					<MirCrcXpryYrT></MirCrcXpryYrT>
					<MirCrcXpryYrT></MirCrcXpryYrT>
					<MirCrcXpryYrT></MirCrcXpryYrT>
					<MirCrcXpryYrT></MirCrcXpryYrT>
					<MirCrcXpryYrT></MirCrcXpryYrT>
					<MirCrcXpryYrT></MirCrcXpryYrT>
					<MirCrcXpryYrT></MirCrcXpryYrT>
				</MirCrcXpryYrG>
				<MirCrcXpryMoG>
					<MirCrcXpryMoT></MirCrcXpryMoT>
					<MirCrcXpryMoT></MirCrcXpryMoT>
					<MirCrcXpryMoT></MirCrcXpryMoT>
					<MirCrcXpryMoT></MirCrcXpryMoT>
					<MirCrcXpryMoT></MirCrcXpryMoT>
					<MirCrcXpryMoT></MirCrcXpryMoT>
					<MirCrcXpryMoT></MirCrcXpryMoT>
					<MirCrcXpryMoT></MirCrcXpryMoT>
					<MirCrcXpryMoT></MirCrcXpryMoT>
				</MirCrcXpryMoG>
				<MirCrcBnkIdG>
					<MirCrcBnkIdT></MirCrcBnkIdT>
					<MirCrcBnkIdT></MirCrcBnkIdT>
					<MirCrcBnkIdT></MirCrcBnkIdT>
					<MirCrcBnkIdT></MirCrcBnkIdT>
					<MirCrcBnkIdT></MirCrcBnkIdT>
					<MirCrcBnkIdT></MirCrcBnkIdT>
					<MirCrcBnkIdT></MirCrcBnkIdT>
					<MirCrcBnkIdT></MirCrcBnkIdT>
					<MirCrcBnkIdT></MirCrcBnkIdT>
				</MirCrcBnkIdG>
				<MirCrcCvv2NoG>
					<MirCrcCvv2NoT></MirCrcCvv2NoT>
					<MirCrcCvv2NoT></MirCrcCvv2NoT>
					<MirCrcCvv2NoT></MirCrcCvv2NoT>
					<MirCrcCvv2NoT></MirCrcCvv2NoT>
					<MirCrcCvv2NoT></MirCrcCvv2NoT>
					<MirCrcCvv2NoT></MirCrcCvv2NoT>
					<MirCrcCvv2NoT></MirCrcCvv2NoT>
					<MirCrcCvv2NoT></MirCrcCvv2NoT>
					<MirCrcCvv2NoT></MirCrcCvv2NoT>
				</MirCrcCvv2NoG>
			</MirCrcInfo>
			<MirListInfo>
				<MirLbillEmplAcctNum></MirLbillEmplAcctNum>
				<MirLbillEmplBrchCd></MirLbillEmplBrchCd>
				<MirLbillEmplRankCd></MirLbillEmplRankCd>
				<MirLbillRgnCd></MirLbillRgnCd>
				<MirLbillDivnCd></MirLbillDivnCd>
				<MirLbillStatnCd></MirLbillStatnCd>
		</ClientCreateData>
        </OLifE>
        </TXLifeRequest>
</TXLife>
