	<OLifE>
		<ClientInquiryListData>
			<MirCliIndvGivNm></MirCliIndvGivNm>
			<MirCliIndvSurNm></MirCliIndvSurNm>
			<MirCliId></MirCliId>
			<MirCliIdG>
				<MirCliIdT></MirCliIdT>
				<MirCliIdT></MirCliIdT>
				<MirCliIdT></MirCliIdT>
				<MirCliIdT></MirCliIdT>
				<MirCliIdT></MirCliIdT>
				<MirCliIdT></MirCliIdT>
				<MirCliIdT></MirCliIdT>
				<MirCliIdT></MirCliIdT>
				<MirCliIdT></MirCliIdT>
				<MirCliIdT></MirCliIdT>
			</MirCliIdG>
			<MirDvSrchCliNmG>
				<MirDvSrchCliNmT></MirDvSrchCliNmT>
				<MirDvSrchCliNmT></MirDvSrchCliNmT>
				<MirDvSrchCliNmT></MirDvSrchCliNmT>
				<MirDvSrchCliNmT></MirDvSrchCliNmT>
				<MirDvSrchCliNmT></MirDvSrchCliNmT>
				<MirDvSrchCliNmT></MirDvSrchCliNmT>
				<MirDvSrchCliNmT></MirDvSrchCliNmT>
				<MirDvSrchCliNmT></MirDvSrchCliNmT>
				<MirDvSrchCliNmT></MirDvSrchCliNmT>
				<MirDvSrchCliNmT></MirDvSrchCliNmT>
			</MirDvSrchCliNmG>
			<MirCliBthDtG>
				<MirCliBthDtT></MirCliBthDtT>
				<MirCliBthDtT></MirCliBthDtT>
				<MirCliBthDtT></MirCliBthDtT>
				<MirCliBthDtT></MirCliBthDtT>
				<MirCliBthDtT></MirCliBthDtT>
				<MirCliBthDtT></MirCliBthDtT>
				<MirCliBthDtT></MirCliBthDtT>
				<MirCliBthDtT></MirCliBthDtT>
				<MirCliBthDtT></MirCliBthDtT>
				<MirCliBthDtT></MirCliBthDtT>
			</MirCliBthDtG>
			<MirCliSexCdG>
				<MirCliSexCdT></MirCliSexCdT>
				<MirCliSexCdT></MirCliSexCdT>
				<MirCliSexCdT></MirCliSexCdT>
				<MirCliSexCdT></MirCliSexCdT>
				<MirCliSexCdT></MirCliSexCdT>
				<MirCliSexCdT></MirCliSexCdT>
				<MirCliSexCdT></MirCliSexCdT>
				<MirCliSexCdT></MirCliSexCdT>
				<MirCliSexCdT></MirCliSexCdT>
				<MirCliSexCdT></MirCliSexCdT>
			</MirCliSexCdG>
			<MirCliLangCdG>
				<MirCliLangCdT></MirCliLangCdT>
				<MirCliLangCdT></MirCliLangCdT>
				<MirCliLangCdT></MirCliLangCdT>
				<MirCliLangCdT></MirCliLangCdT>
				<MirCliLangCdT></MirCliLangCdT>
				<MirCliLangCdT></MirCliLangCdT>
				<MirCliLangCdT></MirCliLangCdT>
				<MirCliLangCdT></MirCliLangCdT>
				<MirCliLangCdT></MirCliLangCdT>
				<MirCliLangCdT></MirCliLangCdT>
			</MirCliLangCdG>
			<MirCliAddrLn1TxtG>
				<MirCliAddrLn1TxtT></MirCliAddrLn1TxtT>
				<MirCliAddrLn1TxtT></MirCliAddrLn1TxtT>
				<MirCliAddrLn1TxtT></MirCliAddrLn1TxtT>
				<MirCliAddrLn1TxtT></MirCliAddrLn1TxtT>
				<MirCliAddrLn1TxtT></MirCliAddrLn1TxtT>
				<MirCliAddrLn1TxtT></MirCliAddrLn1TxtT>
				<MirCliAddrLn1TxtT></MirCliAddrLn1TxtT>
				<MirCliAddrLn1TxtT></MirCliAddrLn1TxtT>
				<MirCliAddrLn1TxtT></MirCliAddrLn1TxtT>
				<MirCliAddrLn1TxtT></MirCliAddrLn1TxtT>
			</MirCliAddrLn1TxtG>
			<MirCliAddrLn2TxtG>
				<MirCliAddrLn2TxtT></MirCliAddrLn2TxtT>
				<MirCliAddrLn2TxtT></MirCliAddrLn2TxtT>
				<MirCliAddrLn2TxtT></MirCliAddrLn2TxtT>
				<MirCliAddrLn2TxtT></MirCliAddrLn2TxtT>
				<MirCliAddrLn2TxtT></MirCliAddrLn2TxtT>
				<MirCliAddrLn2TxtT></MirCliAddrLn2TxtT>
				<MirCliAddrLn2TxtT></MirCliAddrLn2TxtT>
				<MirCliAddrLn2TxtT></MirCliAddrLn2TxtT>
				<MirCliAddrLn2TxtT></MirCliAddrLn2TxtT>
				<MirCliAddrLn2TxtT></MirCliAddrLn2TxtT>
			</MirCliAddrLn2TxtG>
			<MirCliCityNmTxtG>
				<MirCliCityNmTxtT></MirCliCityNmTxtT>
				<MirCliCityNmTxtT></MirCliCityNmTxtT>
				<MirCliCityNmTxtT></MirCliCityNmTxtT>
				<MirCliCityNmTxtT></MirCliCityNmTxtT>
				<MirCliCityNmTxtT></MirCliCityNmTxtT>
				<MirCliCityNmTxtT></MirCliCityNmTxtT>
				<MirCliCityNmTxtT></MirCliCityNmTxtT>
				<MirCliCityNmTxtT></MirCliCityNmTxtT>
				<MirCliCityNmTxtT></MirCliCityNmTxtT>
				<MirCliCityNmTxtT></MirCliCityNmTxtT>
			</MirCliCityNmTxtG>
			<MirCliIndvSurNmG>
				<MirCliIndvSurNmT></MirCliIndvSurNmT>
				<MirCliIndvSurNmT></MirCliIndvSurNmT>
				<MirCliIndvSurNmT></MirCliIndvSurNmT>
				<MirCliIndvSurNmT></MirCliIndvSurNmT>
				<MirCliIndvSurNmT></MirCliIndvSurNmT>
				<MirCliIndvSurNmT></MirCliIndvSurNmT>
				<MirCliIndvSurNmT></MirCliIndvSurNmT>
				<MirCliIndvSurNmT></MirCliIndvSurNmT>
				<MirCliIndvSurNmT></MirCliIndvSurNmT>
				<MirCliIndvSurNmT></MirCliIndvSurNmT>
			</MirCliIndvSurNmG>
			<MirCliIndvGivNmG>
				<MirCliIndvGivNmT></MirCliIndvGivNmT>
				<MirCliIndvGivNmT></MirCliIndvGivNmT>
				<MirCliIndvGivNmT></MirCliIndvGivNmT>
				<MirCliIndvGivNmT></MirCliIndvGivNmT>
				<MirCliIndvGivNmT></MirCliIndvGivNmT>
				<MirCliIndvGivNmT></MirCliIndvGivNmT>
				<MirCliIndvGivNmT></MirCliIndvGivNmT>
				<MirCliIndvGivNmT></MirCliIndvGivNmT>
				<MirCliIndvGivNmT></MirCliIndvGivNmT>
				<MirCliIndvGivNmT></MirCliIndvGivNmT>
			</MirCliIndvGivNmG>
			<MirCliCnfdIndG>
				<MirCliCnfdIndT></MirCliCnfdIndT>
				<MirCliCnfdIndT></MirCliCnfdIndT>
				<MirCliCnfdIndT></MirCliCnfdIndT>
				<MirCliCnfdIndT></MirCliCnfdIndT>
				<MirCliCnfdIndT></MirCliCnfdIndT>
				<MirCliCnfdIndT></MirCliCnfdIndT>
				<MirCliCnfdIndT></MirCliCnfdIndT>
				<MirCliCnfdIndT></MirCliCnfdIndT>
				<MirCliCnfdIndT></MirCliCnfdIndT>
				<MirCliCnfdIndT></MirCliCnfdIndT>
			</MirCliCnfdIndG>
			<MirCliPstlCdG>
				<MirCliPstlCdT></MirCliPstlCdT>
				<MirCliPstlCdT></MirCliPstlCdT>
				<MirCliPstlCdT></MirCliPstlCdT>
				<MirCliPstlCdT></MirCliPstlCdT>
				<MirCliPstlCdT></MirCliPstlCdT>
				<MirCliPstlCdT></MirCliPstlCdT>
				<MirCliPstlCdT></MirCliPstlCdT>
				<MirCliPstlCdT></MirCliPstlCdT>
				<MirCliPstlCdT></MirCliPstlCdT>
				<MirCliPstlCdT></MirCliPstlCdT>
			</MirCliPstlCdG>
			<MirCliTaxIdG>
				<MirCliTaxIdT></MirCliTaxIdT>
				<MirCliTaxIdT></MirCliTaxIdT>
				<MirCliTaxIdT></MirCliTaxIdT>
				<MirCliTaxIdT></MirCliTaxIdT>
				<MirCliTaxIdT></MirCliTaxIdT>
				<MirCliTaxIdT></MirCliTaxIdT>
				<MirCliTaxIdT></MirCliTaxIdT>
				<MirCliTaxIdT></MirCliTaxIdT>
				<MirCliTaxIdT></MirCliTaxIdT>
				<MirCliTaxIdT></MirCliTaxIdT>
			</MirCliTaxIdG>
			<MirUnmtchMailIndG>
				<MirUnmtchMailIndT></MirUnmtchMailIndT>
				<MirUnmtchMailIndT></MirUnmtchMailIndT>
				<MirUnmtchMailIndT></MirUnmtchMailIndT>
				<MirUnmtchMailIndT></MirUnmtchMailIndT>
				<MirUnmtchMailIndT></MirUnmtchMailIndT>
				<MirUnmtchMailIndT></MirUnmtchMailIndT>
				<MirUnmtchMailIndT></MirUnmtchMailIndT>
				<MirUnmtchMailIndT></MirUnmtchMailIndT>
				<MirUnmtchMailIndT></MirUnmtchMailIndT>
				<MirUnmtchMailIndT></MirUnmtchMailIndT>
			</MirUnmtchMailIndG>
		</ClientInquiryListData>
		<ReturnCds>
			<MirRetrnCd></MirRetrnCd>
			<LsirReturnCd></LsirReturnCd>
		</ReturnCds>
		<MirUserMsgG>
			<MirUserMsgTxtG>
				<MirUserMsgTxtT></MirUserMsgTxtT>
				<MirUserMsgTxtT></MirUserMsgTxtT>
				<MirUserMsgTxtT></MirUserMsgTxtT>
				<MirUserMsgTxtT></MirUserMsgTxtT>
				<MirUserMsgTxtT></MirUserMsgTxtT>
				<MirUserMsgTxtT></MirUserMsgTxtT>
				<MirUserMsgTxtT></MirUserMsgTxtT>
				<MirUserMsgTxtT></MirUserMsgTxtT>
				<MirUserMsgTxtT></MirUserMsgTxtT>
				<MirUserMsgTxtT></MirUserMsgTxtT>
				<MirUserMsgTxtT></MirUserMsgTxtT>
				<MirUserMsgTxtT></MirUserMsgTxtT>
				<MirUserMsgTxtT></MirUserMsgTxtT>
				<MirUserMsgTxtT></MirUserMsgTxtT>
				<MirUserMsgTxtT></MirUserMsgTxtT>
				<MirUserMsgTxtT></MirUserMsgTxtT>
				<MirUserMsgTxtT></MirUserMsgTxtT>
				<MirUserMsgTxtT></MirUserMsgTxtT>
				<MirUserMsgTxtT></MirUserMsgTxtT>
				<MirUserMsgTxtT></MirUserMsgTxtT>
				<MirUserMsgTxtT></MirUserMsgTxtT>
				<MirUserMsgTxtT></MirUserMsgTxtT>
				<MirUserMsgTxtT></MirUserMsgTxtT>
				<MirUserMsgTxtT></MirUserMsgTxtT>
				<MirUserMsgTxtT></MirUserMsgTxtT>
				<MirUserMsgTxtT></MirUserMsgTxtT>
				<MirUserMsgTxtT></MirUserMsgTxtT>
				<MirUserMsgTxtT></MirUserMsgTxtT>
				<MirUserMsgTxtT></MirUserMsgTxtT>
				<MirUserMsgTxtT></MirUserMsgTxtT>
				<MirUserMsgTxtT></MirUserMsgTxtT>
				<MirUserMsgTxtT></MirUserMsgTxtT>
				<MirUserMsgTxtT></MirUserMsgTxtT>
				<MirUserMsgTxtT></MirUserMsgTxtT>
				<MirUserMsgTxtT></MirUserMsgTxtT>
				<MirUserMsgTxtT></MirUserMsgTxtT>
				<MirUserMsgTxtT></MirUserMsgTxtT>
				<MirUserMsgTxtT></MirUserMsgTxtT>
				<MirUserMsgTxtT></MirUserMsgTxtT>
				<MirUserMsgTxtT></MirUserMsgTxtT>
				<MirUserMsgTxtT></MirUserMsgTxtT>
				<MirUserMsgTxtT></MirUserMsgTxtT>
				<MirUserMsgTxtT></MirUserMsgTxtT>
				<MirUserMsgTxtT></MirUserMsgTxtT>
				<MirUserMsgTxtT></MirUserMsgTxtT>
				<MirUserMsgTxtT></MirUserMsgTxtT>
				<MirUserMsgTxtT></MirUserMsgTxtT>
				<MirUserMsgTxtT></MirUserMsgTxtT>
				<MirUserMsgTxtT></MirUserMsgTxtT>
				<MirUserMsgTxtT></MirUserMsgTxtT>
			</MirUserMsgTxtG>
			<MirUserMsgSevrtyCdG>
				<MirUserMsgSevrtyCdT></MirUserMsgSevrtyCdT>
				<MirUserMsgSevrtyCdT></MirUserMsgSevrtyCdT>
				<MirUserMsgSevrtyCdT></MirUserMsgSevrtyCdT>
				<MirUserMsgSevrtyCdT></MirUserMsgSevrtyCdT>
				<MirUserMsgSevrtyCdT></MirUserMsgSevrtyCdT>
				<MirUserMsgSevrtyCdT></MirUserMsgSevrtyCdT>
				<MirUserMsgSevrtyCdT></MirUserMsgSevrtyCdT>
				<MirUserMsgSevrtyCdT></MirUserMsgSevrtyCdT>
				<MirUserMsgSevrtyCdT></MirUserMsgSevrtyCdT>
				<MirUserMsgSevrtyCdT></MirUserMsgSevrtyCdT>
				<MirUserMsgSevrtyCdT></MirUserMsgSevrtyCdT>
				<MirUserMsgSevrtyCdT></MirUserMsgSevrtyCdT>
				<MirUserMsgSevrtyCdT></MirUserMsgSevrtyCdT>
				<MirUserMsgSevrtyCdT></MirUserMsgSevrtyCdT>
				<MirUserMsgSevrtyCdT></MirUserMsgSevrtyCdT>
				<MirUserMsgSevrtyCdT></MirUserMsgSevrtyCdT>
				<MirUserMsgSevrtyCdT></MirUserMsgSevrtyCdT>
				<MirUserMsgSevrtyCdT></MirUserMsgSevrtyCdT>
				<MirUserMsgSevrtyCdT></MirUserMsgSevrtyCdT>
				<MirUserMsgSevrtyCdT></MirUserMsgSevrtyCdT>
				<MirUserMsgSevrtyCdT></MirUserMsgSevrtyCdT>
				<MirUserMsgSevrtyCdT></MirUserMsgSevrtyCdT>
				<MirUserMsgSevrtyCdT></MirUserMsgSevrtyCdT>
				<MirUserMsgSevrtyCdT></MirUserMsgSevrtyCdT>
				<MirUserMsgSevrtyCdT></MirUserMsgSevrtyCdT>
				<MirUserMsgSevrtyCdT></MirUserMsgSevrtyCdT>
				<MirUserMsgSevrtyCdT></MirUserMsgSevrtyCdT>
				<MirUserMsgSevrtyCdT></MirUserMsgSevrtyCdT>
				<MirUserMsgSevrtyCdT></MirUserMsgSevrtyCdT>
				<MirUserMsgSevrtyCdT></MirUserMsgSevrtyCdT>
				<MirUserMsgSevrtyCdT></MirUserMsgSevrtyCdT>
				<MirUserMsgSevrtyCdT></MirUserMsgSevrtyCdT>
				<MirUserMsgSevrtyCdT></MirUserMsgSevrtyCdT>
				<MirUserMsgSevrtyCdT></MirUserMsgSevrtyCdT>
				<MirUserMsgSevrtyCdT></MirUserMsgSevrtyCdT>
				<MirUserMsgSevrtyCdT></MirUserMsgSevrtyCdT>
				<MirUserMsgSevrtyCdT></MirUserMsgSevrtyCdT>
				<MirUserMsgSevrtyCdT></MirUserMsgSevrtyCdT>
				<MirUserMsgSevrtyCdT></MirUserMsgSevrtyCdT>
				<MirUserMsgSevrtyCdT></MirUserMsgSevrtyCdT>
				<MirUserMsgSevrtyCdT></MirUserMsgSevrtyCdT>
				<MirUserMsgSevrtyCdT></MirUserMsgSevrtyCdT>
				<MirUserMsgSevrtyCdT></MirUserMsgSevrtyCdT>
				<MirUserMsgSevrtyCdT></MirUserMsgSevrtyCdT>
				<MirUserMsgSevrtyCdT></MirUserMsgSevrtyCdT>
				<MirUserMsgSevrtyCdT></MirUserMsgSevrtyCdT>
				<MirUserMsgSevrtyCdT></MirUserMsgSevrtyCdT>
				<MirUserMsgSevrtyCdT></MirUserMsgSevrtyCdT>
				<MirUserMsgSevrtyCdT></MirUserMsgSevrtyCdT>
				<MirUserMsgSevrtyCdT></MirUserMsgSevrtyCdT>
			</MirUserMsgSevrtyCdG>
		</MirUserMsgG>
	</OLifE>
