	<OLifE>
		<ClientsIDandFormInformationListData>
			<MirCliId></MirCliId>
			<MirCliIdFormCdG>
				<MirCliIdFormCdT></MirCliIdFormCdT>
				<MirCliIdFormCdT></MirCliIdFormCdT>
				<MirCliIdFormCdT></MirCliIdFormCdT>
				<MirCliIdFormCdT></MirCliIdFormCdT>
				<MirCliIdFormCdT></MirCliIdFormCdT>
				<MirCliIdFormCdT></MirCliIdFormCdT>
				<MirCliIdFormCdT></MirCliIdFormCdT>
				<MirCliIdFormCdT></MirCliIdFormCdT>
				<MirCliIdFormCdT></MirCliIdFormCdT>
				<MirCliIdFormCdT></MirCliIdFormCdT>
			</MirCliIdFormCdG>
			<MirCliNm></MirCliNm>
			<MirCliIdRefNumG>
				<MirCliIdRefNumT></MirCliIdRefNumT>
				<MirCliIdRefNumT></MirCliIdRefNumT>
				<MirCliIdRefNumT></MirCliIdRefNumT>
				<MirCliIdRefNumT></MirCliIdRefNumT>
				<MirCliIdRefNumT></MirCliIdRefNumT>
				<MirCliIdRefNumT></MirCliIdRefNumT>
				<MirCliIdRefNumT></MirCliIdRefNumT>
				<MirCliIdRefNumT></MirCliIdRefNumT>
				<MirCliIdRefNumT></MirCliIdRefNumT>
				<MirCliIdRefNumT></MirCliIdRefNumT>
			</MirCliIdRefNumG>
			<MirCliIdXpryDtG>
				<MirCliIdXpryDtT></MirCliIdXpryDtT>
				<MirCliIdXpryDtT></MirCliIdXpryDtT>
				<MirCliIdXpryDtT></MirCliIdXpryDtT>
				<MirCliIdXpryDtT></MirCliIdXpryDtT>
				<MirCliIdXpryDtT></MirCliIdXpryDtT>
				<MirCliIdXpryDtT></MirCliIdXpryDtT>
				<MirCliIdXpryDtT></MirCliIdXpryDtT>
				<MirCliIdXpryDtT></MirCliIdXpryDtT>
				<MirCliIdXpryDtT></MirCliIdXpryDtT>
				<MirCliIdXpryDtT></MirCliIdXpryDtT>
			</MirCliIdXpryDtG>
			<MirCliIdEffDtG>
				<MirCliIdEffDtT></MirCliIdEffDtT>
				<MirCliIdEffDtT></MirCliIdEffDtT>
				<MirCliIdEffDtT></MirCliIdEffDtT>
				<MirCliIdEffDtT></MirCliIdEffDtT>
				<MirCliIdEffDtT></MirCliIdEffDtT>
				<MirCliIdEffDtT></MirCliIdEffDtT>
				<MirCliIdEffDtT></MirCliIdEffDtT>
				<MirCliIdEffDtT></MirCliIdEffDtT>
				<MirCliIdEffDtT></MirCliIdEffDtT>
				<MirCliIdEffDtT></MirCliIdEffDtT>
			</MirCliIdEffDtG>
			<MirCliIdSignDtG>
				<MirCliIdSignDtT></MirCliIdSignDtT>
				<MirCliIdSignDtT></MirCliIdSignDtT>
				<MirCliIdSignDtT></MirCliIdSignDtT>
				<MirCliIdSignDtT></MirCliIdSignDtT>
				<MirCliIdSignDtT></MirCliIdSignDtT>
				<MirCliIdSignDtT></MirCliIdSignDtT>
				<MirCliIdSignDtT></MirCliIdSignDtT>
				<MirCliIdSignDtT></MirCliIdSignDtT>
				<MirCliIdSignDtT></MirCliIdSignDtT>
				<MirCliIdSignDtT></MirCliIdSignDtT>
			</MirCliIdSignDtG>
			<MirCliIdSbmsnDtG>
				<MirCliIdSbmsnDtT></MirCliIdSbmsnDtT>
				<MirCliIdSbmsnDtT></MirCliIdSbmsnDtT>
				<MirCliIdSbmsnDtT></MirCliIdSbmsnDtT>
				<MirCliIdSbmsnDtT></MirCliIdSbmsnDtT>
				<MirCliIdSbmsnDtT></MirCliIdSbmsnDtT>
				<MirCliIdSbmsnDtT></MirCliIdSbmsnDtT>
				<MirCliIdSbmsnDtT></MirCliIdSbmsnDtT>
				<MirCliIdSbmsnDtT></MirCliIdSbmsnDtT>
				<MirCliIdSbmsnDtT></MirCliIdSbmsnDtT>
				<MirCliIdSbmsnDtT></MirCliIdSbmsnDtT>
			</MirCliIdSbmsnDtG>
			<MirCliIdStatCdG>
				<MirCliIdStatCdT></MirCliIdStatCdT>
				<MirCliIdStatCdT></MirCliIdStatCdT>
				<MirCliIdStatCdT></MirCliIdStatCdT>
				<MirCliIdStatCdT></MirCliIdStatCdT>
				<MirCliIdStatCdT></MirCliIdStatCdT>
				<MirCliIdStatCdT></MirCliIdStatCdT>
				<MirCliIdStatCdT></MirCliIdStatCdT>
				<MirCliIdStatCdT></MirCliIdStatCdT>
				<MirCliIdStatCdT></MirCliIdStatCdT>
				<MirCliIdStatCdT></MirCliIdStatCdT>
			</MirCliIdStatCdG>
		</ClientsIDandFormInformationListData>
		<ReturnCds>
			<MirRetrnCd></MirRetrnCd>
			<LsirReturnCd></LsirReturnCd>
		</ReturnCds>
		<MirUserMsgG>
			<MirUserMsgTxtG>
				<MirUserMsgTxtT></MirUserMsgTxtT>
				<MirUserMsgTxtT></MirUserMsgTxtT>
				<MirUserMsgTxtT></MirUserMsgTxtT>
				<MirUserMsgTxtT></MirUserMsgTxtT>
				<MirUserMsgTxtT></MirUserMsgTxtT>
				<MirUserMsgTxtT></MirUserMsgTxtT>
				<MirUserMsgTxtT></MirUserMsgTxtT>
				<MirUserMsgTxtT></MirUserMsgTxtT>
				<MirUserMsgTxtT></MirUserMsgTxtT>
				<MirUserMsgTxtT></MirUserMsgTxtT>
				<MirUserMsgTxtT></MirUserMsgTxtT>
				<MirUserMsgTxtT></MirUserMsgTxtT>
				<MirUserMsgTxtT></MirUserMsgTxtT>
				<MirUserMsgTxtT></MirUserMsgTxtT>
				<MirUserMsgTxtT></MirUserMsgTxtT>
				<MirUserMsgTxtT></MirUserMsgTxtT>
				<MirUserMsgTxtT></MirUserMsgTxtT>
				<MirUserMsgTxtT></MirUserMsgTxtT>
				<MirUserMsgTxtT></MirUserMsgTxtT>
				<MirUserMsgTxtT></MirUserMsgTxtT>
				<MirUserMsgTxtT></MirUserMsgTxtT>
				<MirUserMsgTxtT></MirUserMsgTxtT>
				<MirUserMsgTxtT></MirUserMsgTxtT>
				<MirUserMsgTxtT></MirUserMsgTxtT>
				<MirUserMsgTxtT></MirUserMsgTxtT>
				<MirUserMsgTxtT></MirUserMsgTxtT>
				<MirUserMsgTxtT></MirUserMsgTxtT>
				<MirUserMsgTxtT></MirUserMsgTxtT>
				<MirUserMsgTxtT></MirUserMsgTxtT>
				<MirUserMsgTxtT></MirUserMsgTxtT>
				<MirUserMsgTxtT></MirUserMsgTxtT>
				<MirUserMsgTxtT></MirUserMsgTxtT>
				<MirUserMsgTxtT></MirUserMsgTxtT>
				<MirUserMsgTxtT></MirUserMsgTxtT>
				<MirUserMsgTxtT></MirUserMsgTxtT>
				<MirUserMsgTxtT></MirUserMsgTxtT>
				<MirUserMsgTxtT></MirUserMsgTxtT>
				<MirUserMsgTxtT></MirUserMsgTxtT>
				<MirUserMsgTxtT></MirUserMsgTxtT>
				<MirUserMsgTxtT></MirUserMsgTxtT>
				<MirUserMsgTxtT></MirUserMsgTxtT>
				<MirUserMsgTxtT></MirUserMsgTxtT>
				<MirUserMsgTxtT></MirUserMsgTxtT>
				<MirUserMsgTxtT></MirUserMsgTxtT>
				<MirUserMsgTxtT></MirUserMsgTxtT>
				<MirUserMsgTxtT></MirUserMsgTxtT>
				<MirUserMsgTxtT></MirUserMsgTxtT>
				<MirUserMsgTxtT></MirUserMsgTxtT>
				<MirUserMsgTxtT></MirUserMsgTxtT>
				<MirUserMsgTxtT></MirUserMsgTxtT>
			</MirUserMsgTxtG>
			<MirUserMsgSevrtyCdG>
				<MirUserMsgSevrtyCdT></MirUserMsgSevrtyCdT>
				<MirUserMsgSevrtyCdT></MirUserMsgSevrtyCdT>
				<MirUserMsgSevrtyCdT></MirUserMsgSevrtyCdT>
				<MirUserMsgSevrtyCdT></MirUserMsgSevrtyCdT>
				<MirUserMsgSevrtyCdT></MirUserMsgSevrtyCdT>
				<MirUserMsgSevrtyCdT></MirUserMsgSevrtyCdT>
				<MirUserMsgSevrtyCdT></MirUserMsgSevrtyCdT>
				<MirUserMsgSevrtyCdT></MirUserMsgSevrtyCdT>
				<MirUserMsgSevrtyCdT></MirUserMsgSevrtyCdT>
				<MirUserMsgSevrtyCdT></MirUserMsgSevrtyCdT>
				<MirUserMsgSevrtyCdT></MirUserMsgSevrtyCdT>
				<MirUserMsgSevrtyCdT></MirUserMsgSevrtyCdT>
				<MirUserMsgSevrtyCdT></MirUserMsgSevrtyCdT>
				<MirUserMsgSevrtyCdT></MirUserMsgSevrtyCdT>
				<MirUserMsgSevrtyCdT></MirUserMsgSevrtyCdT>
				<MirUserMsgSevrtyCdT></MirUserMsgSevrtyCdT>
				<MirUserMsgSevrtyCdT></MirUserMsgSevrtyCdT>
				<MirUserMsgSevrtyCdT></MirUserMsgSevrtyCdT>
				<MirUserMsgSevrtyCdT></MirUserMsgSevrtyCdT>
				<MirUserMsgSevrtyCdT></MirUserMsgSevrtyCdT>
				<MirUserMsgSevrtyCdT></MirUserMsgSevrtyCdT>
				<MirUserMsgSevrtyCdT></MirUserMsgSevrtyCdT>
				<MirUserMsgSevrtyCdT></MirUserMsgSevrtyCdT>
				<MirUserMsgSevrtyCdT></MirUserMsgSevrtyCdT>
				<MirUserMsgSevrtyCdT></MirUserMsgSevrtyCdT>
				<MirUserMsgSevrtyCdT></MirUserMsgSevrtyCdT>
				<MirUserMsgSevrtyCdT></MirUserMsgSevrtyCdT>
				<MirUserMsgSevrtyCdT></MirUserMsgSevrtyCdT>
				<MirUserMsgSevrtyCdT></MirUserMsgSevrtyCdT>
				<MirUserMsgSevrtyCdT></MirUserMsgSevrtyCdT>
				<MirUserMsgSevrtyCdT></MirUserMsgSevrtyCdT>
				<MirUserMsgSevrtyCdT></MirUserMsgSevrtyCdT>
				<MirUserMsgSevrtyCdT></MirUserMsgSevrtyCdT>
				<MirUserMsgSevrtyCdT></MirUserMsgSevrtyCdT>
				<MirUserMsgSevrtyCdT></MirUserMsgSevrtyCdT>
				<MirUserMsgSevrtyCdT></MirUserMsgSevrtyCdT>
				<MirUserMsgSevrtyCdT></MirUserMsgSevrtyCdT>
				<MirUserMsgSevrtyCdT></MirUserMsgSevrtyCdT>
				<MirUserMsgSevrtyCdT></MirUserMsgSevrtyCdT>
				<MirUserMsgSevrtyCdT></MirUserMsgSevrtyCdT>
				<MirUserMsgSevrtyCdT></MirUserMsgSevrtyCdT>
				<MirUserMsgSevrtyCdT></MirUserMsgSevrtyCdT>
				<MirUserMsgSevrtyCdT></MirUserMsgSevrtyCdT>
				<MirUserMsgSevrtyCdT></MirUserMsgSevrtyCdT>
				<MirUserMsgSevrtyCdT></MirUserMsgSevrtyCdT>
				<MirUserMsgSevrtyCdT></MirUserMsgSevrtyCdT>
				<MirUserMsgSevrtyCdT></MirUserMsgSevrtyCdT>
				<MirUserMsgSevrtyCdT></MirUserMsgSevrtyCdT>
				<MirUserMsgSevrtyCdT></MirUserMsgSevrtyCdT>
				<MirUserMsgSevrtyCdT></MirUserMsgSevrtyCdT>
			</MirUserMsgSevrtyCdG>
		</MirUserMsgG>
	</OLifE>
