<?xml version="1.0" encoding="UTF-8"?>
<TXLife xmlns="http://ACORD.org/Standards/Life/2" xmlns:xsi="http://www.w3.org/2001/XMLSchema-instance" xmlns:xsd="http://www.w3.org/2001/XMLSchema" xsi:schemaLocation="http://ACORD.org/Standards/Life/2 ../xsd/TXLife2.9.00.xsd">
        <UserAuthRequest>
                <UserLoginName>IX14</UserLoginName>
                <UserPswd>
                        <CryptType>NONE</CryptType>
                        <Pswd>aug2017</Pswd>
                </UserPswd>
        </UserAuthRequest>
        <TXLifeRequest>
                <TransRefGUID></TransRefGUID>
                <TransType tc="ClientRiskRatingInquiry">ClientRiskRatingInquiry</TransType>
                <TransExeDate>2018-05-03</TransExeDate>
                <TransExeTime>17:44:03</TransExeTime>
                <OLifE>
		<ClientRiskRatingInquiryData>
			<MirDvPrcesStateCd></MirDvPrcesStateCd>
			<MirCommonFields>
				<MirCliId>P10073</MirCliId>
				<MirPrevUpdtUserId></MirPrevUpdtUserId>
				<MirCliRskRatEffDt></MirCliRskRatEffDt>
				<MirCliRskRatCd></MirCliRskRatCd>
				<MirRskOvridReasnTxt></MirRskOvridReasnTxt>
				<MirRskOvridNewsSrcTxt></MirRskOvridNewsSrcTxt>
			</MirCommonFields>
			<MirCliNmInfo>
				<MirCliSurNm></MirCliSurNm>
				<MirCliGivNm></MirCliGivNm>
				<MirCliMidNm></MirCliMidNm>
				<MirCliCoNm></MirCliCoNm>
				<MirDvOwnCliNm></MirDvOwnCliNm>
			</MirCliNmInfo>
		</ClientRiskRatingInquiryData>
        </OLifE>
        </TXLifeRequest>
</TXLife>
