<?xml version="1.0" encoding="UTF-8"?>
<TXLife xmlns="http://ACORD.org/Standards/Life/2" xmlns:xsi="http://www.w3.org/2001/XMLSchema-instance" xmlns:xsd="http://www.w3.org/2001/XMLSchema" xsi:schemaLocation="http://ACORD.org/Standards/Life/2 ../xsd/TXLife2.9.00.xsd">
        <UserAuthRequest>
                <UserLoginName></UserLoginName>
                <UserPswd>
                        <CryptType>NONE</CryptType>
                        <Pswd></Pswd>
                </UserPswd>
        </UserAuthRequest>
        <TXLifeRequest>
                <TransRefGUID></TransRefGUID>
                <TransType tc=""></TransType>
                <TransExeDate></TransExeDate>
                <TransExeTime></TransExeTime>
                <OLifE>
		<CoverageUpdateData>
			<MirPolId>
				<MirPolIdBase></MirPolIdBase>
				<MirPolIdSfx></MirPolIdSfx>
			</MirPolId>
			<MirCvgNum></MirCvgNum>
			<MirSystemId></MirSystemId>
			<MirAddlFyrCommRtG>
				<MirAddlFyrCommRtT></MirAddlFyrCommRtT>
				<MirAddlFyrCommRtT></MirAddlFyrCommRtT>
				<MirAddlFyrCommRtT></MirAddlFyrCommRtT>
			</MirAddlFyrCommRtG>
			<MirAgeRatReasnCd></MirAgeRatReasnCd>
			<MirAgtIdG>
				<MirAgtIdT></MirAgtIdT>
				<MirAgtIdT></MirAgtIdT>
				<MirAgtIdT></MirAgtIdT>
			</MirAgtIdG>
			<MirCliSexCdG>
				<MirCliSexCdT></MirCliSexCdT>
				<MirCliSexCdT></MirCliSexCdT>
				<MirCliSexCdT></MirCliSexCdT>
				<MirCliSexCdT></MirCliSexCdT>
				<MirCliSexCdT></MirCliSexCdT>
			</MirCliSexCdG>
			<MirCliSmkrCdG>
				<MirCliSmkrCdT></MirCliSmkrCdT>
				<MirCliSmkrCdT></MirCliSmkrCdT>
				<MirCliSmkrCdT></MirCliSmkrCdT>
				<MirCliSmkrCdT></MirCliSmkrCdT>
				<MirCliSmkrCdT></MirCliSmkrCdT>
			</MirCliSmkrCdG>
			<MirComitRtEffDt></MirComitRtEffDt>
			<MirComitRtEndDt></MirComitRtEndDt>
			<MirCommChngCdG>
				<MirCommChngCdT></MirCommChngCdT>
				<MirCommChngCdT></MirCommChngCdT>
				<MirCommChngCdT></MirCommChngCdT>
			</MirCommChngCdG>
			<MirCommRtTbacIdG>
				<MirCommRtTbacIdT></MirCommRtTbacIdT>
				<MirCommRtTbacIdT></MirCommRtTbacIdT>
				<MirCommRtTbacIdT></MirCommRtTbacIdT>
			</MirCommRtTbacIdG>
			<MirCommTrgCalcCd></MirCommTrgCalcCd>
			<MirConnPolCvgId>
				<MirConnPolId></MirConnPolId>
				<MirConnCvgNum></MirConnCvgNum>
			</MirConnPolCvgId>
			<MirCpremCalcCdG>
				<MirCpremCalcCdT></MirCpremCalcCdT>
				<MirCpremCalcCdT></MirCpremCalcCdT>
				<MirCpremCalcCdT></MirCpremCalcCdT>
			</MirCpremCalcCdG>
			<MirCvgAcctTypCd></MirCvgAcctTypCd>
			<MirCvgAdFaceAmt></MirCvgAdFaceAmt>
			<MirCvgAdMultFct></MirCvgAdMultFct>
			<MirCvgAdPremAmt></MirCvgAdPremAmt>
			<MirCvgAdXpryDt></MirCvgAdXpryDt>
			<MirCvgAgtCpremAmtG>
				<MirCvgAgtCpremAmtT></MirCvgAgtCpremAmtT>
				<MirCvgAgtCpremAmtT></MirCvgAgtCpremAmtT>
				<MirCvgAgtCpremAmtT></MirCvgAgtCpremAmtT>
			</MirCvgAgtCpremAmtG>
			<MirCvgAgtShrPctG>
				<MirCvgAgtShrPctT></MirCvgAgtShrPctT>
				<MirCvgAgtShrPctT></MirCvgAgtShrPctT>
				<MirCvgAgtShrPctT></MirCvgAgtShrPctT>
			</MirCvgAgtShrPctG>
			<MirCvgAppRecvDt></MirCvgAppRecvDt>
			<MirCvgBasicPremAmt></MirCvgBasicPremAmt>
			<MirCvgCliAdjAgeG>
				<MirCvgCliAdjAgeT></MirCvgCliAdjAgeT>
				<MirCvgCliAdjAgeT></MirCvgCliAdjAgeT>
				<MirCvgCliAdjAgeT></MirCvgCliAdjAgeT>
				<MirCvgCliAdjAgeT></MirCvgCliAdjAgeT>
				<MirCvgCliAdjAgeT></MirCvgCliAdjAgeT>
			</MirCvgCliAdjAgeG>
			<MirCvgCliIssAgeG>
				<MirCvgCliIssAgeT></MirCvgCliIssAgeT>
				<MirCvgCliIssAgeT></MirCvgCliIssAgeT>
				<MirCvgCliIssAgeT></MirCvgCliIssAgeT>
				<MirCvgCliIssAgeT></MirCvgCliIssAgeT>
				<MirCvgCliIssAgeT></MirCvgCliIssAgeT>
			</MirCvgCliIssAgeG>
			<MirCvgColaPremAmt></MirCvgColaPremAmt>
			<MirCvgCnvrXpryDt></MirCvgCnvrXpryDt>
			<MirCvgColaSelctCd></MirCvgColaSelctCd>
			<MirCvgComitPct></MirCvgComitPct>
			<MirCvgComitRtInd></MirCvgComitRtInd>
			<MirCvgCommTrgAmt></MirCvgCommTrgAmt>
			<MirCvgConnReasnCd></MirCvgConnReasnCd>
			<MirCvgCsnRecCtr></MirCvgCsnRecCtr>
			<MirCvgCstatCd></MirCvgCstatCd>
			<MirCvgEnhcTypCd></MirCvgEnhcTypCd>
			<MirCvgFaceAmt></MirCvgFaceAmt>
			<MirCvgFeDur></MirCvgFeDur>
			<MirCvgFePremAmt></MirCvgFePremAmt>
			<MirCvgFeReasnCd></MirCvgFeReasnCd>
			<MirCvgFeUpremAmt></MirCvgFeUpremAmt>
			<MirCvgGuarIntCd></MirCvgGuarIntCd>
			<MirCvgGuarIntPct></MirCvgGuarIntPct>
			<MirCvgInsTypCd></MirCvgInsTypCd>
			<MirCvgIntPayoCd></MirCvgIntPayoCd>
			<MirCvgIssEffDt></MirCvgIssEffDt>
			<MirCvgJntLifeCd></MirCvgJntLifeCd>
			<MirLivesInsrdQty></MirLivesInsrdQty>
			<MirCvgLtaPremAmt></MirCvgLtaPremAmt>
			<MirCvgLtaSelctInd></MirCvgLtaSelctInd>
			<MirCvgLtbPremAmt></MirCvgLtbPremAmt>
			<MirCvgLtbSelctInd></MirCvgLtbSelctInd>
			<MirCvgMatXpryDt></MirCvgMatXpryDt>
			<MirCvgMatXpryAge></MirCvgMatXpryAge>
			<MirCvgMatXpryDur></MirCvgMatXpryDur>
			<MirCvgMaxComitAmt></MirCvgMaxComitAmt>
			<MirCvgMeDur></MirCvgMeDur>
			<MirCvgMeFct></MirCvgMeFct>
			<MirCvgMePremAmt></MirCvgMePremAmt>
			<MirCvgMeRatCd></MirCvgMeRatCd>
			<MirCvgMeReasnCd></MirCvgMeReasnCd>
			<MirCvgMpremAmt></MirCvgMpremAmt>
			<MirCvgNotiDeptId></MirCvgNotiDeptId>
			<MirCvgNotiDt></MirCvgNotiDt>
			<MirCvgPrtDt></MirCvgPrtDt>
			<MirCvgNotiReasnCd></MirCvgNotiReasnCd>
			<MirCvgNxtCpiFct></MirCvgNxtCpiFct>
			<MirCvgNxtRenwRtCd></MirCvgNxtRenwRtCd>
			<MirCvgOrigCd></MirCvgOrigCd>
			<MirCvgOrigFaceAmt></MirCvgOrigFaceAmt>
			<MirCvgOutAllocCd></MirCvgOutAllocCd>
			<MirCvgParCd></MirCvgParCd>
			<MirCvgPfeeAmt></MirCvgPfeeAmt>
			<MirCvgPremChngDt></MirCvgPremChngDt>
			<MirCvgPrevCpiFct></MirCvgPrevCpiFct>
			<MirCvgPrevFaceAmt></MirCvgPrevFaceAmt>
			<MirCvgRestrPremInd></MirCvgRestrPremInd>
			<MirCvgRolovrDtInd></MirCvgRolovrDtInd>
			<MirCvgRtAge></MirCvgRtAge>
			<MirCvgSexCd></MirCvgSexCd>
			<MirCvgSmkrCd></MirCvgSmkrCd>
			<MirCvgSpndCstatCd></MirCvgSpndCstatCd>
			<MirCvgStbl1Cd></MirCvgStbl1Cd>
			<MirCvgStbl2Cd></MirCvgStbl2Cd>
			<MirCvgStbl3Cd></MirCvgStbl3Cd>
			<MirCvgStbl4Cd></MirCvgStbl4Cd>
			<MirCvgSumInsAmt></MirCvgSumInsAmt>
			<MirCvgUnitValuAmt></MirCvgUnitValuAmt>
			<MirCvgUwgAmt></MirCvgUwgAmt>
			<MirCvgWpInd></MirCvgWpInd>
			<MirCvgWpMultFct></MirCvgWpMultFct>
			<MirCvgWpPremAmt></MirCvgWpPremAmt>
			<MirCvgWpXpryDt></MirCvgWpXpryDt>
			<MirCvgWthdrOrdrCd></MirCvgWthdrOrdrCd>
			<MirDiaSwpThrshdAmt></MirDiaSwpThrshdAmt>
			<MirDiaSwpThrshdCd></MirDiaSwpThrshdCd>
			<MirDposTrmDyDur></MirDposTrmDyDur>
			<MirDposTrmMoDur></MirDposTrmMoDur>
			<MirDvAgtCliNmG>
				<MirDvAgtCliNmT></MirDvAgtCliNmT>
				<MirDvAgtCliNmT></MirDvAgtCliNmT>
				<MirDvAgtCliNmT></MirDvAgtCliNmT>
			</MirDvAgtCliNmG>
			<MirDvInsrdCliNm></MirDvInsrdCliNm>
			<MirFyrCommCalcCdG>
				<MirFyrCommCalcCdT></MirFyrCommCalcCdT>
				<MirFyrCommCalcCdT></MirFyrCommCalcCdT>
				<MirFyrCommCalcCdT></MirFyrCommCalcCdT>
			</MirFyrCommCalcCdG>
			<MirGirOptRemnAmt></MirGirOptRemnAmt>
			<MirGirOptRemnQty></MirGirOptRemnQty>
			<MirGirSendLtrInd></MirGirSendLtrInd>
			<MirGuarImprdIntPct></MirGuarImprdIntPct>
			<MirGuarIntEndDt></MirGuarIntEndDt>
			<MirGuarIntPeriDur></MirGuarIntPeriDur>
			<MirGuarIntStrtDt></MirGuarIntStrtDt>
			<MirIaQuotNum></MirIaQuotNum>
			<MirInsrdCliIdG>
				<MirInsrdCliIdT></MirInsrdCliIdT>
				<MirInsrdCliIdT></MirInsrdCliIdT>
				<MirInsrdCliIdT></MirInsrdCliIdT>
				<MirInsrdCliIdT></MirInsrdCliIdT>
				<MirInsrdCliIdT></MirInsrdCliIdT>
			</MirInsrdCliIdG>
			<MirDvInsrdCliNmG>
				<MirDvInsrdCliNmT></MirDvInsrdCliNmT>
				<MirDvInsrdCliNmT></MirDvInsrdCliNmT>
				<MirDvInsrdCliNmT></MirDvInsrdCliNmT>
				<MirDvInsrdCliNmT></MirDvInsrdCliNmT>
				<MirDvInsrdCliNmT></MirDvInsrdCliNmT>
			</MirDvInsrdCliNmG>
			<MirMatXpryDtInd></MirMatXpryDtInd>
			<MirMortXpnsChngDt></MirMortXpnsChngDt>
			<MirMnpmtTrgLtdAmt></MirMnpmtTrgLtdAmt>
			<MirOutAllocAmtPct></MirOutAllocAmtPct>
			<MirOvridBaseAgtIdG>
				<MirOvridBaseAgtIdT></MirOvridBaseAgtIdT>
				<MirOvridBaseAgtIdT></MirOvridBaseAgtIdT>
				<MirOvridBaseAgtIdT></MirOvridBaseAgtIdT>
			</MirOvridBaseAgtIdG>
			<MirOvridIdG>
				<MirOvridIdT></MirOvridIdT>
				<MirOvridIdT></MirOvridIdT>
				<MirOvridIdT></MirOvridIdT>
			</MirOvridIdG>
			<MirOwnOccpPremAmt></MirOwnOccpPremAmt>
			<MirOwnOccpSelctInd></MirOwnOccpSelctInd>
			<MirPdisabPremAmt></MirPdisabPremAmt>
			<MirPdisabSelctInd></MirPdisabSelctInd>
			<MirPlanId></MirPlanId>
			<MirPlanPeriPremAmt></MirPlanPeriPremAmt>
			<MirPmtLoadTrgAmt></MirPmtLoadTrgAmt>
			<MirPmtLoadTrgCd></MirPmtLoadTrgCd>
			<MirPolAppNum></MirPolAppNum>
			<MirPrevRenwRtCd></MirPrevRenwRtCd>
			<MirRedcEpPremAmt></MirRedcEpPremAmt>
			<MirRedcEpSelctInd></MirRedcEpSelctInd>
			<MirRelCvgNum></MirRelCvgNum>
			<MirRenwCommCalcCdG>
				<MirRenwCommCalcCdT></MirRenwCommCalcCdT>
				<MirRenwCommCalcCdT></MirRenwCommCalcCdT>
				<MirRenwCommCalcCdT></MirRenwCommCalcCdT>
			</MirRenwCommCalcCdG>
			<MirUltPremRtAge></MirUltPremRtAge>
			<MirUltPremRtCd></MirUltPremRtCd>
			<MirUwgAmtReasnCd></MirUwgAmtReasnCd>
			<MirCvgUwgExcl1CdG>
				<MirCvgUwgExcl1CdT></MirCvgUwgExcl1CdT>
				<MirCvgUwgExcl1CdT></MirCvgUwgExcl1CdT>
				<MirCvgUwgExcl1CdT></MirCvgUwgExcl1CdT>
			</MirCvgUwgExcl1CdG>
			<MirCvgUwgdecnCd></MirCvgUwgdecnCd>
			<MirCvgUwgdecnSubCd></MirCvgUwgdecnSubCd>
			<MirUwUserId></MirUwUserId>
			<MirAnnMtgIntPct></MirAnnMtgIntPct>
			<MirIntCmpndFreqCd></MirIntCmpndFreqCd>
			<MirCvgMtgRepayAmt></MirCvgMtgRepayAmt>
			<MirMtgRepayFreqCd></MirMtgRepayFreqCd>
			<MirPrevSumInsAmt></MirPrevSumInsAmt>
			<MirCvgEvdnCd></MirCvgEvdnCd>
			<MirCvgFePermUpremAmt></MirCvgFePermUpremAmt>
			<MirCvgRpuCalcCd></MirCvgRpuCalcCd>
		</CoverageUpdateData>
        </OLifE>
        </TXLifeRequest>
</TXLife>
