	<OLifE>
		<EntitySubstantialUSOwnerListData>
			<MirCliId></MirCliId>
			<MirSownSeqNum></MirSownSeqNum>
			<MirDvPrcesStateCd></MirDvPrcesStateCd>
			<MirDvCliNm></MirDvCliNm>
			<MirSownNm></MirSownNm>
			<MirSownAddrTxt></MirSownAddrTxt>
			<MirSownCtryCd></MirSownCtryCd>
			<MirSownTaxIdTxt></MirSownTaxIdTxt>
			<MirListFields>
				<MirSownSeqNumG>
					<MirSownSeqNumT></MirSownSeqNumT>
					<MirSownSeqNumT></MirSownSeqNumT>
					<MirSownSeqNumT></MirSownSeqNumT>
					<MirSownSeqNumT></MirSownSeqNumT>
					<MirSownSeqNumT></MirSownSeqNumT>
					<MirSownSeqNumT></MirSownSeqNumT>
					<MirSownSeqNumT></MirSownSeqNumT>
					<MirSownSeqNumT></MirSownSeqNumT>
					<MirSownSeqNumT></MirSownSeqNumT>
					<MirSownSeqNumT></MirSownSeqNumT>
					<MirSownSeqNumT></MirSownSeqNumT>
					<MirSownSeqNumT></MirSownSeqNumT>
				</MirSownSeqNumG>
				<MirSownNmG>
					<MirSownNmT></MirSownNmT>
					<MirSownNmT></MirSownNmT>
					<MirSownNmT></MirSownNmT>
					<MirSownNmT></MirSownNmT>
					<MirSownNmT></MirSownNmT>
					<MirSownNmT></MirSownNmT>
					<MirSownNmT></MirSownNmT>
					<MirSownNmT></MirSownNmT>
					<MirSownNmT></MirSownNmT>
					<MirSownNmT></MirSownNmT>
					<MirSownNmT></MirSownNmT>
					<MirSownNmT></MirSownNmT>
				</MirSownNmG>
				<MirSownAddrTxtG>
					<MirSownAddrTxtT></MirSownAddrTxtT>
					<MirSownAddrTxtT></MirSownAddrTxtT>
					<MirSownAddrTxtT></MirSownAddrTxtT>
					<MirSownAddrTxtT></MirSownAddrTxtT>
					<MirSownAddrTxtT></MirSownAddrTxtT>
					<MirSownAddrTxtT></MirSownAddrTxtT>
					<MirSownAddrTxtT></MirSownAddrTxtT>
					<MirSownAddrTxtT></MirSownAddrTxtT>
					<MirSownAddrTxtT></MirSownAddrTxtT>
					<MirSownAddrTxtT></MirSownAddrTxtT>
					<MirSownAddrTxtT></MirSownAddrTxtT>
					<MirSownAddrTxtT></MirSownAddrTxtT>
				</MirSownAddrTxtG>
				<MirSownCtryCdG>
					<MirSownCtryCdT></MirSownCtryCdT>
					<MirSownCtryCdT></MirSownCtryCdT>
					<MirSownCtryCdT></MirSownCtryCdT>
					<MirSownCtryCdT></MirSownCtryCdT>
					<MirSownCtryCdT></MirSownCtryCdT>
					<MirSownCtryCdT></MirSownCtryCdT>
					<MirSownCtryCdT></MirSownCtryCdT>
					<MirSownCtryCdT></MirSownCtryCdT>
					<MirSownCtryCdT></MirSownCtryCdT>
					<MirSownCtryCdT></MirSownCtryCdT>
					<MirSownCtryCdT></MirSownCtryCdT>
					<MirSownCtryCdT></MirSownCtryCdT>
				</MirSownCtryCdG>
				<MirSownTaxIdTxtG>
					<MirSownTaxIdTxtT></MirSownTaxIdTxtT>
					<MirSownTaxIdTxtT></MirSownTaxIdTxtT>
					<MirSownTaxIdTxtT></MirSownTaxIdTxtT>
					<MirSownTaxIdTxtT></MirSownTaxIdTxtT>
					<MirSownTaxIdTxtT></MirSownTaxIdTxtT>
					<MirSownTaxIdTxtT></MirSownTaxIdTxtT>
					<MirSownTaxIdTxtT></MirSownTaxIdTxtT>
					<MirSownTaxIdTxtT></MirSownTaxIdTxtT>
					<MirSownTaxIdTxtT></MirSownTaxIdTxtT>
					<MirSownTaxIdTxtT></MirSownTaxIdTxtT>
					<MirSownTaxIdTxtT></MirSownTaxIdTxtT>
					<MirSownTaxIdTxtT></MirSownTaxIdTxtT>
				</MirSownTaxIdTxtG>
			</MirListFields>
		</EntitySubstantialUSOwnerListData>
		<ReturnCds>
			<MirRetrnCd></MirRetrnCd>
			<LsirReturnCd></LsirReturnCd>
		</ReturnCds>
		<MirUserMsgG>
			<MirUserMsgTxtG>
				<MirUserMsgTxtT></MirUserMsgTxtT>
				<MirUserMsgTxtT></MirUserMsgTxtT>
				<MirUserMsgTxtT></MirUserMsgTxtT>
				<MirUserMsgTxtT></MirUserMsgTxtT>
				<MirUserMsgTxtT></MirUserMsgTxtT>
				<MirUserMsgTxtT></MirUserMsgTxtT>
				<MirUserMsgTxtT></MirUserMsgTxtT>
				<MirUserMsgTxtT></MirUserMsgTxtT>
				<MirUserMsgTxtT></MirUserMsgTxtT>
				<MirUserMsgTxtT></MirUserMsgTxtT>
				<MirUserMsgTxtT></MirUserMsgTxtT>
				<MirUserMsgTxtT></MirUserMsgTxtT>
				<MirUserMsgTxtT></MirUserMsgTxtT>
				<MirUserMsgTxtT></MirUserMsgTxtT>
				<MirUserMsgTxtT></MirUserMsgTxtT>
				<MirUserMsgTxtT></MirUserMsgTxtT>
				<MirUserMsgTxtT></MirUserMsgTxtT>
				<MirUserMsgTxtT></MirUserMsgTxtT>
				<MirUserMsgTxtT></MirUserMsgTxtT>
				<MirUserMsgTxtT></MirUserMsgTxtT>
				<MirUserMsgTxtT></MirUserMsgTxtT>
				<MirUserMsgTxtT></MirUserMsgTxtT>
				<MirUserMsgTxtT></MirUserMsgTxtT>
				<MirUserMsgTxtT></MirUserMsgTxtT>
				<MirUserMsgTxtT></MirUserMsgTxtT>
				<MirUserMsgTxtT></MirUserMsgTxtT>
				<MirUserMsgTxtT></MirUserMsgTxtT>
				<MirUserMsgTxtT></MirUserMsgTxtT>
				<MirUserMsgTxtT></MirUserMsgTxtT>
				<MirUserMsgTxtT></MirUserMsgTxtT>
				<MirUserMsgTxtT></MirUserMsgTxtT>
				<MirUserMsgTxtT></MirUserMsgTxtT>
				<MirUserMsgTxtT></MirUserMsgTxtT>
				<MirUserMsgTxtT></MirUserMsgTxtT>
				<MirUserMsgTxtT></MirUserMsgTxtT>
				<MirUserMsgTxtT></MirUserMsgTxtT>
				<MirUserMsgTxtT></MirUserMsgTxtT>
				<MirUserMsgTxtT></MirUserMsgTxtT>
				<MirUserMsgTxtT></MirUserMsgTxtT>
				<MirUserMsgTxtT></MirUserMsgTxtT>
				<MirUserMsgTxtT></MirUserMsgTxtT>
				<MirUserMsgTxtT></MirUserMsgTxtT>
				<MirUserMsgTxtT></MirUserMsgTxtT>
				<MirUserMsgTxtT></MirUserMsgTxtT>
				<MirUserMsgTxtT></MirUserMsgTxtT>
				<MirUserMsgTxtT></MirUserMsgTxtT>
				<MirUserMsgTxtT></MirUserMsgTxtT>
				<MirUserMsgTxtT></MirUserMsgTxtT>
				<MirUserMsgTxtT></MirUserMsgTxtT>
				<MirUserMsgTxtT></MirUserMsgTxtT>
			</MirUserMsgTxtG>
			<MirUserMsgSevrtyCdG>
				<MirUserMsgSevrtyCdT></MirUserMsgSevrtyCdT>
				<MirUserMsgSevrtyCdT></MirUserMsgSevrtyCdT>
				<MirUserMsgSevrtyCdT></MirUserMsgSevrtyCdT>
				<MirUserMsgSevrtyCdT></MirUserMsgSevrtyCdT>
				<MirUserMsgSevrtyCdT></MirUserMsgSevrtyCdT>
				<MirUserMsgSevrtyCdT></MirUserMsgSevrtyCdT>
				<MirUserMsgSevrtyCdT></MirUserMsgSevrtyCdT>
				<MirUserMsgSevrtyCdT></MirUserMsgSevrtyCdT>
				<MirUserMsgSevrtyCdT></MirUserMsgSevrtyCdT>
				<MirUserMsgSevrtyCdT></MirUserMsgSevrtyCdT>
				<MirUserMsgSevrtyCdT></MirUserMsgSevrtyCdT>
				<MirUserMsgSevrtyCdT></MirUserMsgSevrtyCdT>
				<MirUserMsgSevrtyCdT></MirUserMsgSevrtyCdT>
				<MirUserMsgSevrtyCdT></MirUserMsgSevrtyCdT>
				<MirUserMsgSevrtyCdT></MirUserMsgSevrtyCdT>
				<MirUserMsgSevrtyCdT></MirUserMsgSevrtyCdT>
				<MirUserMsgSevrtyCdT></MirUserMsgSevrtyCdT>
				<MirUserMsgSevrtyCdT></MirUserMsgSevrtyCdT>
				<MirUserMsgSevrtyCdT></MirUserMsgSevrtyCdT>
				<MirUserMsgSevrtyCdT></MirUserMsgSevrtyCdT>
				<MirUserMsgSevrtyCdT></MirUserMsgSevrtyCdT>
				<MirUserMsgSevrtyCdT></MirUserMsgSevrtyCdT>
				<MirUserMsgSevrtyCdT></MirUserMsgSevrtyCdT>
				<MirUserMsgSevrtyCdT></MirUserMsgSevrtyCdT>
				<MirUserMsgSevrtyCdT></MirUserMsgSevrtyCdT>
				<MirUserMsgSevrtyCdT></MirUserMsgSevrtyCdT>
				<MirUserMsgSevrtyCdT></MirUserMsgSevrtyCdT>
				<MirUserMsgSevrtyCdT></MirUserMsgSevrtyCdT>
				<MirUserMsgSevrtyCdT></MirUserMsgSevrtyCdT>
				<MirUserMsgSevrtyCdT></MirUserMsgSevrtyCdT>
				<MirUserMsgSevrtyCdT></MirUserMsgSevrtyCdT>
				<MirUserMsgSevrtyCdT></MirUserMsgSevrtyCdT>
				<MirUserMsgSevrtyCdT></MirUserMsgSevrtyCdT>
				<MirUserMsgSevrtyCdT></MirUserMsgSevrtyCdT>
				<MirUserMsgSevrtyCdT></MirUserMsgSevrtyCdT>
				<MirUserMsgSevrtyCdT></MirUserMsgSevrtyCdT>
				<MirUserMsgSevrtyCdT></MirUserMsgSevrtyCdT>
				<MirUserMsgSevrtyCdT></MirUserMsgSevrtyCdT>
				<MirUserMsgSevrtyCdT></MirUserMsgSevrtyCdT>
				<MirUserMsgSevrtyCdT></MirUserMsgSevrtyCdT>
				<MirUserMsgSevrtyCdT></MirUserMsgSevrtyCdT>
				<MirUserMsgSevrtyCdT></MirUserMsgSevrtyCdT>
				<MirUserMsgSevrtyCdT></MirUserMsgSevrtyCdT>
				<MirUserMsgSevrtyCdT></MirUserMsgSevrtyCdT>
				<MirUserMsgSevrtyCdT></MirUserMsgSevrtyCdT>
				<MirUserMsgSevrtyCdT></MirUserMsgSevrtyCdT>
				<MirUserMsgSevrtyCdT></MirUserMsgSevrtyCdT>
				<MirUserMsgSevrtyCdT></MirUserMsgSevrtyCdT>
				<MirUserMsgSevrtyCdT></MirUserMsgSevrtyCdT>
				<MirUserMsgSevrtyCdT></MirUserMsgSevrtyCdT>
			</MirUserMsgSevrtyCdG>
		</MirUserMsgG>
	</OLifE>
