<?xml version="1.0" encoding="UTF-8"?>
<TXLife xmlns="http://ACORD.org/Standards/Life/2" xmlns:xsi="http://www.w3.org/2001/XMLSchema-instance" xmlns:xsd="http://www.w3.org/2001/XMLSchema" xsi:schemaLocation="http://ACORD.org/Standards/Life/2 ../xsd/TXLife2.9.00.xsd">
        <UserAuthRequest>
                <UserLoginName></UserLoginName>
                <UserPswd>
                        <CryptType>NONE</CryptType>
                        <Pswd></Pswd>
                </UserPswd>
        </UserAuthRequest>
        <TXLifeRequest>
                <TransRefGUID></TransRefGUID>
                <TransType tc=""></TransType>
                <TransExeDate></TransExeDate>
                <TransExeTime></TransExeTime>
                <OLifE>
		<EntitySubstantialUSOwnerListData>
			<MirCliId></MirCliId>
			<MirSownSeqNum></MirSownSeqNum>
			<MirDvPrcesStateCd></MirDvPrcesStateCd>
			<MirDvCliNm></MirDvCliNm>
			<MirSownNm></MirSownNm>
			<MirSownAddrTxt></MirSownAddrTxt>
			<MirSownCtryCd></MirSownCtryCd>
			<MirSownTaxIdTxt></MirSownTaxIdTxt>
		</EntitySubstantialUSOwnerListData>
        </OLifE>
        </TXLifeRequest>
</TXLife>
