	<OLifE>
		<FamilyHistoryInquiryData>
			<MirCommonFields>
				<MirCliId></MirCliId>
				<MirDvInsrdCliNm></MirDvInsrdCliNm>
				<MirDvPrevUpdtDt></MirDvPrevUpdtDt>
				<MirCliRelDthAgeG>
					<MirCliRelDthAgeT></MirCliRelDthAgeT>
					<MirCliRelDthAgeT></MirCliRelDthAgeT>
					<MirCliRelDthAgeT></MirCliRelDthAgeT>
					<MirCliRelDthAgeT></MirCliRelDthAgeT>
					<MirCliRelDthAgeT></MirCliRelDthAgeT>
					<MirCliRelDthAgeT></MirCliRelDthAgeT>
					<MirCliRelDthAgeT></MirCliRelDthAgeT>
					<MirCliRelDthAgeT></MirCliRelDthAgeT>
					<MirCliRelDthAgeT></MirCliRelDthAgeT>
					<MirCliRelDthAgeT></MirCliRelDthAgeT>
					<MirCliRelDthAgeT></MirCliRelDthAgeT>
					<MirCliRelDthAgeT></MirCliRelDthAgeT>
				</MirCliRelDthAgeG>
				<MirCliRelLvngAgeG>
					<MirCliRelLvngAgeT></MirCliRelLvngAgeT>
					<MirCliRelLvngAgeT></MirCliRelLvngAgeT>
					<MirCliRelLvngAgeT></MirCliRelLvngAgeT>
					<MirCliRelLvngAgeT></MirCliRelLvngAgeT>
					<MirCliRelLvngAgeT></MirCliRelLvngAgeT>
					<MirCliRelLvngAgeT></MirCliRelLvngAgeT>
					<MirCliRelLvngAgeT></MirCliRelLvngAgeT>
					<MirCliRelLvngAgeT></MirCliRelLvngAgeT>
					<MirCliRelLvngAgeT></MirCliRelLvngAgeT>
					<MirCliRelLvngAgeT></MirCliRelLvngAgeT>
					<MirCliRelLvngAgeT></MirCliRelLvngAgeT>
					<MirCliRelLvngAgeT></MirCliRelLvngAgeT>
				</MirCliRelLvngAgeG>
				<MirDisord1DtlIndG>
					<MirDisord1DtlIndT></MirDisord1DtlIndT>
					<MirDisord1DtlIndT></MirDisord1DtlIndT>
					<MirDisord1DtlIndT></MirDisord1DtlIndT>
					<MirDisord1DtlIndT></MirDisord1DtlIndT>
					<MirDisord1DtlIndT></MirDisord1DtlIndT>
					<MirDisord1DtlIndT></MirDisord1DtlIndT>
					<MirDisord1DtlIndT></MirDisord1DtlIndT>
					<MirDisord1DtlIndT></MirDisord1DtlIndT>
					<MirDisord1DtlIndT></MirDisord1DtlIndT>
					<MirDisord1DtlIndT></MirDisord1DtlIndT>
					<MirDisord1DtlIndT></MirDisord1DtlIndT>
					<MirDisord1DtlIndT></MirDisord1DtlIndT>
				</MirDisord1DtlIndG>
				<MirDisord2DtlIndG>
					<MirDisord2DtlIndT></MirDisord2DtlIndT>
					<MirDisord2DtlIndT></MirDisord2DtlIndT>
					<MirDisord2DtlIndT></MirDisord2DtlIndT>
					<MirDisord2DtlIndT></MirDisord2DtlIndT>
					<MirDisord2DtlIndT></MirDisord2DtlIndT>
					<MirDisord2DtlIndT></MirDisord2DtlIndT>
					<MirDisord2DtlIndT></MirDisord2DtlIndT>
					<MirDisord2DtlIndT></MirDisord2DtlIndT>
					<MirDisord2DtlIndT></MirDisord2DtlIndT>
					<MirDisord2DtlIndT></MirDisord2DtlIndT>
					<MirDisord2DtlIndT></MirDisord2DtlIndT>
					<MirDisord2DtlIndT></MirDisord2DtlIndT>
				</MirDisord2DtlIndG>
				<MirHeredDisordInd></MirHeredDisordInd>
				<MirHistUnknwnInd></MirHistUnknwnInd>
				<MirHeredDisord1CdG>
					<MirHeredDisord1CdT></MirHeredDisord1CdT>
					<MirHeredDisord1CdT></MirHeredDisord1CdT>
					<MirHeredDisord1CdT></MirHeredDisord1CdT>
					<MirHeredDisord1CdT></MirHeredDisord1CdT>
					<MirHeredDisord1CdT></MirHeredDisord1CdT>
					<MirHeredDisord1CdT></MirHeredDisord1CdT>
					<MirHeredDisord1CdT></MirHeredDisord1CdT>
					<MirHeredDisord1CdT></MirHeredDisord1CdT>
					<MirHeredDisord1CdT></MirHeredDisord1CdT>
					<MirHeredDisord1CdT></MirHeredDisord1CdT>
					<MirHeredDisord1CdT></MirHeredDisord1CdT>
					<MirHeredDisord1CdT></MirHeredDisord1CdT>
				</MirHeredDisord1CdG>
				<MirHeredDisord2CdG>
					<MirHeredDisord2CdT></MirHeredDisord2CdT>
					<MirHeredDisord2CdT></MirHeredDisord2CdT>
					<MirHeredDisord2CdT></MirHeredDisord2CdT>
					<MirHeredDisord2CdT></MirHeredDisord2CdT>
					<MirHeredDisord2CdT></MirHeredDisord2CdT>
					<MirHeredDisord2CdT></MirHeredDisord2CdT>
					<MirHeredDisord2CdT></MirHeredDisord2CdT>
					<MirHeredDisord2CdT></MirHeredDisord2CdT>
					<MirHeredDisord2CdT></MirHeredDisord2CdT>
					<MirHeredDisord2CdT></MirHeredDisord2CdT>
					<MirHeredDisord2CdT></MirHeredDisord2CdT>
					<MirHeredDisord2CdT></MirHeredDisord2CdT>
				</MirHeredDisord2CdG>
				<MirCliRelDthQtyG>
					<MirCliRelDthQtyT></MirCliRelDthQtyT>
					<MirCliRelDthQtyT></MirCliRelDthQtyT>
					<MirCliRelDthQtyT></MirCliRelDthQtyT>
					<MirCliRelDthQtyT></MirCliRelDthQtyT>
					<MirCliRelDthQtyT></MirCliRelDthQtyT>
					<MirCliRelDthQtyT></MirCliRelDthQtyT>
					<MirCliRelDthQtyT></MirCliRelDthQtyT>
					<MirCliRelDthQtyT></MirCliRelDthQtyT>
					<MirCliRelDthQtyT></MirCliRelDthQtyT>
					<MirCliRelDthQtyT></MirCliRelDthQtyT>
					<MirCliRelDthQtyT></MirCliRelDthQtyT>
					<MirCliRelDthQtyT></MirCliRelDthQtyT>
				</MirCliRelDthQtyG>
				<MirCliRelLvngQtyG>
					<MirCliRelLvngQtyT></MirCliRelLvngQtyT>
					<MirCliRelLvngQtyT></MirCliRelLvngQtyT>
					<MirCliRelLvngQtyT></MirCliRelLvngQtyT>
					<MirCliRelLvngQtyT></MirCliRelLvngQtyT>
					<MirCliRelLvngQtyT></MirCliRelLvngQtyT>
					<MirCliRelLvngQtyT></MirCliRelLvngQtyT>
					<MirCliRelLvngQtyT></MirCliRelLvngQtyT>
					<MirCliRelLvngQtyT></MirCliRelLvngQtyT>
					<MirCliRelLvngQtyT></MirCliRelLvngQtyT>
					<MirCliRelLvngQtyT></MirCliRelLvngQtyT>
					<MirCliRelLvngQtyT></MirCliRelLvngQtyT>
					<MirCliRelLvngQtyT></MirCliRelLvngQtyT>
				</MirCliRelLvngQtyG>
				<MirRelHlthStateCdG>
					<MirRelHlthStateCdT></MirRelHlthStateCdT>
					<MirRelHlthStateCdT></MirRelHlthStateCdT>
					<MirRelHlthStateCdT></MirRelHlthStateCdT>
					<MirRelHlthStateCdT></MirRelHlthStateCdT>
					<MirRelHlthStateCdT></MirRelHlthStateCdT>
					<MirRelHlthStateCdT></MirRelHlthStateCdT>
					<MirRelHlthStateCdT></MirRelHlthStateCdT>
					<MirRelHlthStateCdT></MirRelHlthStateCdT>
					<MirRelHlthStateCdT></MirRelHlthStateCdT>
					<MirRelHlthStateCdT></MirRelHlthStateCdT>
					<MirRelHlthStateCdT></MirRelHlthStateCdT>
					<MirRelHlthStateCdT></MirRelHlthStateCdT>
				</MirRelHlthStateCdG>
				<MirFmlyChildQty></MirFmlyChildQty>
				<MirCliAgeOnsetG>
					<MirCliAgeOnsetT></MirCliAgeOnsetT>
					<MirCliAgeOnsetT></MirCliAgeOnsetT>
					<MirCliAgeOnsetT></MirCliAgeOnsetT>
					<MirCliAgeOnsetT></MirCliAgeOnsetT>
					<MirCliAgeOnsetT></MirCliAgeOnsetT>
					<MirCliAgeOnsetT></MirCliAgeOnsetT>
					<MirCliAgeOnsetT></MirCliAgeOnsetT>
					<MirCliAgeOnsetT></MirCliAgeOnsetT>
					<MirCliAgeOnsetT></MirCliAgeOnsetT>
					<MirCliAgeOnsetT></MirCliAgeOnsetT>
					<MirCliAgeOnsetT></MirCliAgeOnsetT>
					<MirCliAgeOnsetT></MirCliAgeOnsetT>
				</MirCliAgeOnsetG>
				<MirFmlyHistIll60Ind></MirFmlyHistIll60Ind>
			</MirCommonFields>
		</FamilyHistoryInquiryData>
		<ReturnCds>
			<MirRetrnCd></MirRetrnCd>
			<LsirReturnCd></LsirReturnCd>
		</ReturnCds>
		<MirUserMsgG>
			<MirUserMsgTxtG>
				<MirUserMsgTxtT></MirUserMsgTxtT>
				<MirUserMsgTxtT></MirUserMsgTxtT>
				<MirUserMsgTxtT></MirUserMsgTxtT>
				<MirUserMsgTxtT></MirUserMsgTxtT>
				<MirUserMsgTxtT></MirUserMsgTxtT>
				<MirUserMsgTxtT></MirUserMsgTxtT>
				<MirUserMsgTxtT></MirUserMsgTxtT>
				<MirUserMsgTxtT></MirUserMsgTxtT>
				<MirUserMsgTxtT></MirUserMsgTxtT>
				<MirUserMsgTxtT></MirUserMsgTxtT>
				<MirUserMsgTxtT></MirUserMsgTxtT>
				<MirUserMsgTxtT></MirUserMsgTxtT>
				<MirUserMsgTxtT></MirUserMsgTxtT>
				<MirUserMsgTxtT></MirUserMsgTxtT>
				<MirUserMsgTxtT></MirUserMsgTxtT>
				<MirUserMsgTxtT></MirUserMsgTxtT>
				<MirUserMsgTxtT></MirUserMsgTxtT>
				<MirUserMsgTxtT></MirUserMsgTxtT>
				<MirUserMsgTxtT></MirUserMsgTxtT>
				<MirUserMsgTxtT></MirUserMsgTxtT>
				<MirUserMsgTxtT></MirUserMsgTxtT>
				<MirUserMsgTxtT></MirUserMsgTxtT>
				<MirUserMsgTxtT></MirUserMsgTxtT>
				<MirUserMsgTxtT></MirUserMsgTxtT>
				<MirUserMsgTxtT></MirUserMsgTxtT>
				<MirUserMsgTxtT></MirUserMsgTxtT>
				<MirUserMsgTxtT></MirUserMsgTxtT>
				<MirUserMsgTxtT></MirUserMsgTxtT>
				<MirUserMsgTxtT></MirUserMsgTxtT>
				<MirUserMsgTxtT></MirUserMsgTxtT>
				<MirUserMsgTxtT></MirUserMsgTxtT>
				<MirUserMsgTxtT></MirUserMsgTxtT>
				<MirUserMsgTxtT></MirUserMsgTxtT>
				<MirUserMsgTxtT></MirUserMsgTxtT>
				<MirUserMsgTxtT></MirUserMsgTxtT>
				<MirUserMsgTxtT></MirUserMsgTxtT>
				<MirUserMsgTxtT></MirUserMsgTxtT>
				<MirUserMsgTxtT></MirUserMsgTxtT>
				<MirUserMsgTxtT></MirUserMsgTxtT>
				<MirUserMsgTxtT></MirUserMsgTxtT>
				<MirUserMsgTxtT></MirUserMsgTxtT>
				<MirUserMsgTxtT></MirUserMsgTxtT>
				<MirUserMsgTxtT></MirUserMsgTxtT>
				<MirUserMsgTxtT></MirUserMsgTxtT>
				<MirUserMsgTxtT></MirUserMsgTxtT>
				<MirUserMsgTxtT></MirUserMsgTxtT>
				<MirUserMsgTxtT></MirUserMsgTxtT>
				<MirUserMsgTxtT></MirUserMsgTxtT>
				<MirUserMsgTxtT></MirUserMsgTxtT>
				<MirUserMsgTxtT></MirUserMsgTxtT>
			</MirUserMsgTxtG>
			<MirUserMsgSevrtyCdG>
				<MirUserMsgSevrtyCdT></MirUserMsgSevrtyCdT>
				<MirUserMsgSevrtyCdT></MirUserMsgSevrtyCdT>
				<MirUserMsgSevrtyCdT></MirUserMsgSevrtyCdT>
				<MirUserMsgSevrtyCdT></MirUserMsgSevrtyCdT>
				<MirUserMsgSevrtyCdT></MirUserMsgSevrtyCdT>
				<MirUserMsgSevrtyCdT></MirUserMsgSevrtyCdT>
				<MirUserMsgSevrtyCdT></MirUserMsgSevrtyCdT>
				<MirUserMsgSevrtyCdT></MirUserMsgSevrtyCdT>
				<MirUserMsgSevrtyCdT></MirUserMsgSevrtyCdT>
				<MirUserMsgSevrtyCdT></MirUserMsgSevrtyCdT>
				<MirUserMsgSevrtyCdT></MirUserMsgSevrtyCdT>
				<MirUserMsgSevrtyCdT></MirUserMsgSevrtyCdT>
				<MirUserMsgSevrtyCdT></MirUserMsgSevrtyCdT>
				<MirUserMsgSevrtyCdT></MirUserMsgSevrtyCdT>
				<MirUserMsgSevrtyCdT></MirUserMsgSevrtyCdT>
				<MirUserMsgSevrtyCdT></MirUserMsgSevrtyCdT>
				<MirUserMsgSevrtyCdT></MirUserMsgSevrtyCdT>
				<MirUserMsgSevrtyCdT></MirUserMsgSevrtyCdT>
				<MirUserMsgSevrtyCdT></MirUserMsgSevrtyCdT>
				<MirUserMsgSevrtyCdT></MirUserMsgSevrtyCdT>
				<MirUserMsgSevrtyCdT></MirUserMsgSevrtyCdT>
				<MirUserMsgSevrtyCdT></MirUserMsgSevrtyCdT>
				<MirUserMsgSevrtyCdT></MirUserMsgSevrtyCdT>
				<MirUserMsgSevrtyCdT></MirUserMsgSevrtyCdT>
				<MirUserMsgSevrtyCdT></MirUserMsgSevrtyCdT>
				<MirUserMsgSevrtyCdT></MirUserMsgSevrtyCdT>
				<MirUserMsgSevrtyCdT></MirUserMsgSevrtyCdT>
				<MirUserMsgSevrtyCdT></MirUserMsgSevrtyCdT>
				<MirUserMsgSevrtyCdT></MirUserMsgSevrtyCdT>
				<MirUserMsgSevrtyCdT></MirUserMsgSevrtyCdT>
				<MirUserMsgSevrtyCdT></MirUserMsgSevrtyCdT>
				<MirUserMsgSevrtyCdT></MirUserMsgSevrtyCdT>
				<MirUserMsgSevrtyCdT></MirUserMsgSevrtyCdT>
				<MirUserMsgSevrtyCdT></MirUserMsgSevrtyCdT>
				<MirUserMsgSevrtyCdT></MirUserMsgSevrtyCdT>
				<MirUserMsgSevrtyCdT></MirUserMsgSevrtyCdT>
				<MirUserMsgSevrtyCdT></MirUserMsgSevrtyCdT>
				<MirUserMsgSevrtyCdT></MirUserMsgSevrtyCdT>
				<MirUserMsgSevrtyCdT></MirUserMsgSevrtyCdT>
				<MirUserMsgSevrtyCdT></MirUserMsgSevrtyCdT>
				<MirUserMsgSevrtyCdT></MirUserMsgSevrtyCdT>
				<MirUserMsgSevrtyCdT></MirUserMsgSevrtyCdT>
				<MirUserMsgSevrtyCdT></MirUserMsgSevrtyCdT>
				<MirUserMsgSevrtyCdT></MirUserMsgSevrtyCdT>
				<MirUserMsgSevrtyCdT></MirUserMsgSevrtyCdT>
				<MirUserMsgSevrtyCdT></MirUserMsgSevrtyCdT>
				<MirUserMsgSevrtyCdT></MirUserMsgSevrtyCdT>
				<MirUserMsgSevrtyCdT></MirUserMsgSevrtyCdT>
				<MirUserMsgSevrtyCdT></MirUserMsgSevrtyCdT>
				<MirUserMsgSevrtyCdT></MirUserMsgSevrtyCdT>
			</MirUserMsgSevrtyCdG>
		</MirUserMsgG>
	</OLifE>
