<?xml version="1.0" encoding="UTF-8"?>
<TXLife xmlns="http://ACORD.org/Standards/Life/2" xmlns:xsi="http://www.w3.org/2001/XMLSchema-instance" xmlns:xsd="http://www.w3.org/2001/XMLSchema" xsi:schemaLocation="http://ACORD.org/Standards/Life/2 ../xsd/TXLife2.9.00.xsd">
        <UserAuthRequest>
                <UserLoginName></UserLoginName>
                <UserPswd>
                        <CryptType>NONE</CryptType>
                        <Pswd></Pswd>
                </UserPswd>
        </UserAuthRequest>
        <TXLifeRequest>
                <TransRefGUID></TransRefGUID>
                <TransType tc=""></TransType>
                <TransExeDate></TransExeDate>
                <TransExeTime></TransExeTime>
                <OLifE>
		<FamilyHistoryUpdateData>
			<MirCommonFields>
				<MirCliId></MirCliId>
				<MirDvInsrdCliNm></MirDvInsrdCliNm>
				<MirDvPrevUpdtDt></MirDvPrevUpdtDt>
				<MirCliRelDthAgeG>
					<MirCliRelDthAgeT></MirCliRelDthAgeT>
					<MirCliRelDthAgeT></MirCliRelDthAgeT>
					<MirCliRelDthAgeT></MirCliRelDthAgeT>
					<MirCliRelDthAgeT></MirCliRelDthAgeT>
					<MirCliRelDthAgeT></MirCliRelDthAgeT>
					<MirCliRelDthAgeT></MirCliRelDthAgeT>
					<MirCliRelDthAgeT></MirCliRelDthAgeT>
					<MirCliRelDthAgeT></MirCliRelDthAgeT>
					<MirCliRelDthAgeT></MirCliRelDthAgeT>
					<MirCliRelDthAgeT></MirCliRelDthAgeT>
					<MirCliRelDthAgeT></MirCliRelDthAgeT>
					<MirCliRelDthAgeT></MirCliRelDthAgeT>
				</MirCliRelDthAgeG>
				<MirCliRelLvngAgeG>
					<MirCliRelLvngAgeT></MirCliRelLvngAgeT>
					<MirCliRelLvngAgeT></MirCliRelLvngAgeT>
					<MirCliRelLvngAgeT></MirCliRelLvngAgeT>
					<MirCliRelLvngAgeT></MirCliRelLvngAgeT>
					<MirCliRelLvngAgeT></MirCliRelLvngAgeT>
					<MirCliRelLvngAgeT></MirCliRelLvngAgeT>
					<MirCliRelLvngAgeT></MirCliRelLvngAgeT>
					<MirCliRelLvngAgeT></MirCliRelLvngAgeT>
					<MirCliRelLvngAgeT></MirCliRelLvngAgeT>
					<MirCliRelLvngAgeT></MirCliRelLvngAgeT>
					<MirCliRelLvngAgeT></MirCliRelLvngAgeT>
					<MirCliRelLvngAgeT></MirCliRelLvngAgeT>
				</MirCliRelLvngAgeG>
				<MirDisord1DtlIndG>
					<MirDisord1DtlIndT></MirDisord1DtlIndT>
					<MirDisord1DtlIndT></MirDisord1DtlIndT>
					<MirDisord1DtlIndT></MirDisord1DtlIndT>
					<MirDisord1DtlIndT></MirDisord1DtlIndT>
					<MirDisord1DtlIndT></MirDisord1DtlIndT>
					<MirDisord1DtlIndT></MirDisord1DtlIndT>
					<MirDisord1DtlIndT></MirDisord1DtlIndT>
					<MirDisord1DtlIndT></MirDisord1DtlIndT>
					<MirDisord1DtlIndT></MirDisord1DtlIndT>
					<MirDisord1DtlIndT></MirDisord1DtlIndT>
					<MirDisord1DtlIndT></MirDisord1DtlIndT>
					<MirDisord1DtlIndT></MirDisord1DtlIndT>
				</MirDisord1DtlIndG>
				<MirDisord2DtlIndG>
					<MirDisord2DtlIndT></MirDisord2DtlIndT>
					<MirDisord2DtlIndT></MirDisord2DtlIndT>
					<MirDisord2DtlIndT></MirDisord2DtlIndT>
					<MirDisord2DtlIndT></MirDisord2DtlIndT>
					<MirDisord2DtlIndT></MirDisord2DtlIndT>
					<MirDisord2DtlIndT></MirDisord2DtlIndT>
					<MirDisord2DtlIndT></MirDisord2DtlIndT>
					<MirDisord2DtlIndT></MirDisord2DtlIndT>
					<MirDisord2DtlIndT></MirDisord2DtlIndT>
					<MirDisord2DtlIndT></MirDisord2DtlIndT>
					<MirDisord2DtlIndT></MirDisord2DtlIndT>
					<MirDisord2DtlIndT></MirDisord2DtlIndT>
				</MirDisord2DtlIndG>
				<MirHeredDisordInd></MirHeredDisordInd>
				<MirHistUnknwnInd></MirHistUnknwnInd>
				<MirHeredDisord1CdG>
					<MirHeredDisord1CdT></MirHeredDisord1CdT>
					<MirHeredDisord1CdT></MirHeredDisord1CdT>
					<MirHeredDisord1CdT></MirHeredDisord1CdT>
					<MirHeredDisord1CdT></MirHeredDisord1CdT>
					<MirHeredDisord1CdT></MirHeredDisord1CdT>
					<MirHeredDisord1CdT></MirHeredDisord1CdT>
					<MirHeredDisord1CdT></MirHeredDisord1CdT>
					<MirHeredDisord1CdT></MirHeredDisord1CdT>
					<MirHeredDisord1CdT></MirHeredDisord1CdT>
					<MirHeredDisord1CdT></MirHeredDisord1CdT>
					<MirHeredDisord1CdT></MirHeredDisord1CdT>
					<MirHeredDisord1CdT></MirHeredDisord1CdT>
				</MirHeredDisord1CdG>
				<MirHeredDisord2CdG>
					<MirHeredDisord2CdT></MirHeredDisord2CdT>
					<MirHeredDisord2CdT></MirHeredDisord2CdT>
					<MirHeredDisord2CdT></MirHeredDisord2CdT>
					<MirHeredDisord2CdT></MirHeredDisord2CdT>
					<MirHeredDisord2CdT></MirHeredDisord2CdT>
					<MirHeredDisord2CdT></MirHeredDisord2CdT>
					<MirHeredDisord2CdT></MirHeredDisord2CdT>
					<MirHeredDisord2CdT></MirHeredDisord2CdT>
					<MirHeredDisord2CdT></MirHeredDisord2CdT>
					<MirHeredDisord2CdT></MirHeredDisord2CdT>
					<MirHeredDisord2CdT></MirHeredDisord2CdT>
					<MirHeredDisord2CdT></MirHeredDisord2CdT>
				</MirHeredDisord2CdG>
				<MirCliRelDthQtyG>
					<MirCliRelDthQtyT></MirCliRelDthQtyT>
					<MirCliRelDthQtyT></MirCliRelDthQtyT>
					<MirCliRelDthQtyT></MirCliRelDthQtyT>
					<MirCliRelDthQtyT></MirCliRelDthQtyT>
					<MirCliRelDthQtyT></MirCliRelDthQtyT>
					<MirCliRelDthQtyT></MirCliRelDthQtyT>
					<MirCliRelDthQtyT></MirCliRelDthQtyT>
					<MirCliRelDthQtyT></MirCliRelDthQtyT>
					<MirCliRelDthQtyT></MirCliRelDthQtyT>
					<MirCliRelDthQtyT></MirCliRelDthQtyT>
					<MirCliRelDthQtyT></MirCliRelDthQtyT>
					<MirCliRelDthQtyT></MirCliRelDthQtyT>
				</MirCliRelDthQtyG>
				<MirCliRelLvngQtyG>
					<MirCliRelLvngQtyT></MirCliRelLvngQtyT>
					<MirCliRelLvngQtyT></MirCliRelLvngQtyT>
					<MirCliRelLvngQtyT></MirCliRelLvngQtyT>
					<MirCliRelLvngQtyT></MirCliRelLvngQtyT>
					<MirCliRelLvngQtyT></MirCliRelLvngQtyT>
					<MirCliRelLvngQtyT></MirCliRelLvngQtyT>
					<MirCliRelLvngQtyT></MirCliRelLvngQtyT>
					<MirCliRelLvngQtyT></MirCliRelLvngQtyT>
					<MirCliRelLvngQtyT></MirCliRelLvngQtyT>
					<MirCliRelLvngQtyT></MirCliRelLvngQtyT>
					<MirCliRelLvngQtyT></MirCliRelLvngQtyT>
					<MirCliRelLvngQtyT></MirCliRelLvngQtyT>
				</MirCliRelLvngQtyG>
				<MirRelHlthStateCdG>
					<MirRelHlthStateCdT></MirRelHlthStateCdT>
					<MirRelHlthStateCdT></MirRelHlthStateCdT>
					<MirRelHlthStateCdT></MirRelHlthStateCdT>
					<MirRelHlthStateCdT></MirRelHlthStateCdT>
					<MirRelHlthStateCdT></MirRelHlthStateCdT>
					<MirRelHlthStateCdT></MirRelHlthStateCdT>
					<MirRelHlthStateCdT></MirRelHlthStateCdT>
					<MirRelHlthStateCdT></MirRelHlthStateCdT>
					<MirRelHlthStateCdT></MirRelHlthStateCdT>
					<MirRelHlthStateCdT></MirRelHlthStateCdT>
					<MirRelHlthStateCdT></MirRelHlthStateCdT>
					<MirRelHlthStateCdT></MirRelHlthStateCdT>
				</MirRelHlthStateCdG>
		</FamilyHistoryUpdateData>
        </OLifE>
        </TXLifeRequest>
</TXLife>
