<?xml version="1.0" encoding="UTF-8"?>
<TXLife xmlns="http://ACORD.org/Standards/Life/2" xmlns:xsi="http://www.w3.org/2001/XMLSchema-instance" xmlns:xsd="http://www.w3.org/2001/XMLSchema" xsi:schemaLocation="http://ACORD.org/Standards/Life/2 ../xsd/TXLife2.9.00.xsd">
        <UserAuthRequest>
                <UserLoginName></UserLoginName>
                <UserPswd>
                        <CryptType>NONE</CryptType>
                        <Pswd></Pswd>
                </UserPswd>
        </UserAuthRequest>
        <TXLifeRequest>
                <TransRefGUID></TransRefGUID>
                <TransType tc=""></TransType>
                <TransExeDate></TransExeDate>
                <TransExeTime></TransExeTime>
                <OLifE>
		<IncomeDeleteData>
			<MirCommonFields>
				<MirCliId></MirCliId>
				<MirDvInsrdCliNm></MirDvInsrdCliNm>
				<MirCliIncmEffDt></MirCliIncmEffDt>
			</MirCommonFields>
			<MirNotebookFields>
				<MirCliEarnIncmAmt></MirCliEarnIncmAmt>
				<MirEarnIncmModeCd></MirEarnIncmModeCd>
				<MirCliNetWrthAmt></MirCliNetWrthAmt>
				<MirCliOthrIncmAmt></MirCliOthrIncmAmt>
				<MirOthrIncmModeCd></MirOthrIncmModeCd>
				<MirEarnIncmCrcyCd></MirEarnIncmCrcyCd>
			</MirNotebookFields>
			<MirListFields>
				<MirCliIncmEffDtG>
					<MirCliIncmEffDtT></MirCliIncmEffDtT>
					<MirCliIncmEffDtT></MirCliIncmEffDtT>
					<MirCliIncmEffDtT></MirCliIncmEffDtT>
					<MirCliIncmEffDtT></MirCliIncmEffDtT>
					<MirCliIncmEffDtT></MirCliIncmEffDtT>
					<MirCliIncmEffDtT></MirCliIncmEffDtT>
					<MirCliIncmEffDtT></MirCliIncmEffDtT>
					<MirCliIncmEffDtT></MirCliIncmEffDtT>
					<MirCliIncmEffDtT></MirCliIncmEffDtT>
					<MirCliIncmEffDtT></MirCliIncmEffDtT>
					<MirCliIncmEffDtT></MirCliIncmEffDtT>
					<MirCliIncmEffDtT></MirCliIncmEffDtT>
				</MirCliIncmEffDtG>
				<MirCliEarnIncmAmtG>
					<MirCliEarnIncmAmtT></MirCliEarnIncmAmtT>
					<MirCliEarnIncmAmtT></MirCliEarnIncmAmtT>
					<MirCliEarnIncmAmtT></MirCliEarnIncmAmtT>
					<MirCliEarnIncmAmtT></MirCliEarnIncmAmtT>
					<MirCliEarnIncmAmtT></MirCliEarnIncmAmtT>
					<MirCliEarnIncmAmtT></MirCliEarnIncmAmtT>
					<MirCliEarnIncmAmtT></MirCliEarnIncmAmtT>
					<MirCliEarnIncmAmtT></MirCliEarnIncmAmtT>
					<MirCliEarnIncmAmtT></MirCliEarnIncmAmtT>
					<MirCliEarnIncmAmtT></MirCliEarnIncmAmtT>
					<MirCliEarnIncmAmtT></MirCliEarnIncmAmtT>
					<MirCliEarnIncmAmtT></MirCliEarnIncmAmtT>
				</MirCliEarnIncmAmtG>
				<MirEarnIncmModeCdG>
					<MirEarnIncmModeCdT></MirEarnIncmModeCdT>
					<MirEarnIncmModeCdT></MirEarnIncmModeCdT>
					<MirEarnIncmModeCdT></MirEarnIncmModeCdT>
					<MirEarnIncmModeCdT></MirEarnIncmModeCdT>
					<MirEarnIncmModeCdT></MirEarnIncmModeCdT>
					<MirEarnIncmModeCdT></MirEarnIncmModeCdT>
					<MirEarnIncmModeCdT></MirEarnIncmModeCdT>
					<MirEarnIncmModeCdT></MirEarnIncmModeCdT>
					<MirEarnIncmModeCdT></MirEarnIncmModeCdT>
					<MirEarnIncmModeCdT></MirEarnIncmModeCdT>
					<MirEarnIncmModeCdT></MirEarnIncmModeCdT>
					<MirEarnIncmModeCdT></MirEarnIncmModeCdT>
				</MirEarnIncmModeCdG>
				<MirCliNetWrthAmtG>
					<MirCliNetWrthAmtT></MirCliNetWrthAmtT>
					<MirCliNetWrthAmtT></MirCliNetWrthAmtT>
					<MirCliNetWrthAmtT></MirCliNetWrthAmtT>
					<MirCliNetWrthAmtT></MirCliNetWrthAmtT>
					<MirCliNetWrthAmtT></MirCliNetWrthAmtT>
					<MirCliNetWrthAmtT></MirCliNetWrthAmtT>
					<MirCliNetWrthAmtT></MirCliNetWrthAmtT>
					<MirCliNetWrthAmtT></MirCliNetWrthAmtT>
					<MirCliNetWrthAmtT></MirCliNetWrthAmtT>
					<MirCliNetWrthAmtT></MirCliNetWrthAmtT>
					<MirCliNetWrthAmtT></MirCliNetWrthAmtT>
					<MirCliNetWrthAmtT></MirCliNetWrthAmtT>
				</MirCliNetWrthAmtG>
				<MirCliOthrIncmAmtG>
					<MirCliOthrIncmAmtT></MirCliOthrIncmAmtT>
					<MirCliOthrIncmAmtT></MirCliOthrIncmAmtT>
					<MirCliOthrIncmAmtT></MirCliOthrIncmAmtT>
					<MirCliOthrIncmAmtT></MirCliOthrIncmAmtT>
					<MirCliOthrIncmAmtT></MirCliOthrIncmAmtT>
					<MirCliOthrIncmAmtT></MirCliOthrIncmAmtT>
					<MirCliOthrIncmAmtT></MirCliOthrIncmAmtT>
					<MirCliOthrIncmAmtT></MirCliOthrIncmAmtT>
					<MirCliOthrIncmAmtT></MirCliOthrIncmAmtT>
					<MirCliOthrIncmAmtT></MirCliOthrIncmAmtT>
					<MirCliOthrIncmAmtT></MirCliOthrIncmAmtT>
					<MirCliOthrIncmAmtT></MirCliOthrIncmAmtT>
				</MirCliOthrIncmAmtG>
				<MirOthrIncmModeCdG>
					<MirOthrIncmModeCdT></MirOthrIncmModeCdT>
					<MirOthrIncmModeCdT></MirOthrIncmModeCdT>
					<MirOthrIncmModeCdT></MirOthrIncmModeCdT>
					<MirOthrIncmModeCdT></MirOthrIncmModeCdT>
					<MirOthrIncmModeCdT></MirOthrIncmModeCdT>
					<MirOthrIncmModeCdT></MirOthrIncmModeCdT>
					<MirOthrIncmModeCdT></MirOthrIncmModeCdT>
					<MirOthrIncmModeCdT></MirOthrIncmModeCdT>
					<MirOthrIncmModeCdT></MirOthrIncmModeCdT>
					<MirOthrIncmModeCdT></MirOthrIncmModeCdT>
					<MirOthrIncmModeCdT></MirOthrIncmModeCdT>
					<MirOthrIncmModeCdT></MirOthrIncmModeCdT>
				</MirOthrIncmModeCdG>
				<MirEarnIncmCrcyCdG>
					<MirEarnIncmCrcyCdT></MirEarnIncmCrcyCdT>
					<MirEarnIncmCrcyCdT></MirEarnIncmCrcyCdT>
					<MirEarnIncmCrcyCdT></MirEarnIncmCrcyCdT>
					<MirEarnIncmCrcyCdT></MirEarnIncmCrcyCdT>
					<MirEarnIncmCrcyCdT></MirEarnIncmCrcyCdT>
					<MirEarnIncmCrcyCdT></MirEarnIncmCrcyCdT>
					<MirEarnIncmCrcyCdT></MirEarnIncmCrcyCdT>
					<MirEarnIncmCrcyCdT></MirEarnIncmCrcyCdT>
					<MirEarnIncmCrcyCdT></MirEarnIncmCrcyCdT>
					<MirEarnIncmCrcyCdT></MirEarnIncmCrcyCdT>
					<MirEarnIncmCrcyCdT></MirEarnIncmCrcyCdT>
					<MirEarnIncmCrcyCdT></MirEarnIncmCrcyCdT>
				</MirEarnIncmCrcyCdG>
			</MirListFields>
		</IncomeDeleteData>
        </OLifE>
        </TXLifeRequest>
</TXLife>
