	<OLifE>
		<IncomeCreateData>
			<MirCommonFields>
				<MirCliId></MirCliId>
				<MirDvInsrdCliNm></MirDvInsrdCliNm>
				<MirCliIncmEffDt></MirCliIncmEffDt>
			</MirCommonFields>
			<MirNotebookFields>
				<MirCliEarnIncmAmt></MirCliEarnIncmAmt>
				<MirEarnIncmModeCd></MirEarnIncmModeCd>
				<MirCliNetWrthAmt></MirCliNetWrthAmt>
				<MirCliOthrIncmAmt></MirCliOthrIncmAmt>
				<MirOthrIncmModeCd></MirOthrIncmModeCd>
				<MirEarnIncmCrcyCd></MirEarnIncmCrcyCd>
			</MirNotebookFields>
			<MirListFields>
				<MirCliIncmEffDtG>
					<MirCliIncmEffDtT></MirCliIncmEffDtT>
					<MirCliIncmEffDtT></MirCliIncmEffDtT>
					<MirCliIncmEffDtT></MirCliIncmEffDtT>
					<MirCliIncmEffDtT></MirCliIncmEffDtT>
					<MirCliIncmEffDtT></MirCliIncmEffDtT>
					<MirCliIncmEffDtT></MirCliIncmEffDtT>
					<MirCliIncmEffDtT></MirCliIncmEffDtT>
					<MirCliIncmEffDtT></MirCliIncmEffDtT>
					<MirCliIncmEffDtT></MirCliIncmEffDtT>
					<MirCliIncmEffDtT></MirCliIncmEffDtT>
					<MirCliIncmEffDtT></MirCliIncmEffDtT>
					<MirCliIncmEffDtT></MirCliIncmEffDtT>
				</MirCliIncmEffDtG>
				<MirCliEarnIncmAmtG>
					<MirCliEarnIncmAmtT></MirCliEarnIncmAmtT>
					<MirCliEarnIncmAmtT></MirCliEarnIncmAmtT>
					<MirCliEarnIncmAmtT></MirCliEarnIncmAmtT>
					<MirCliEarnIncmAmtT></MirCliEarnIncmAmtT>
					<MirCliEarnIncmAmtT></MirCliEarnIncmAmtT>
					<MirCliEarnIncmAmtT></MirCliEarnIncmAmtT>
					<MirCliEarnIncmAmtT></MirCliEarnIncmAmtT>
					<MirCliEarnIncmAmtT></MirCliEarnIncmAmtT>
					<MirCliEarnIncmAmtT></MirCliEarnIncmAmtT>
					<MirCliEarnIncmAmtT></MirCliEarnIncmAmtT>
					<MirCliEarnIncmAmtT></MirCliEarnIncmAmtT>
					<MirCliEarnIncmAmtT></MirCliEarnIncmAmtT>
				</MirCliEarnIncmAmtG>
				<MirEarnIncmModeCdG>
					<MirEarnIncmModeCdT></MirEarnIncmModeCdT>
					<MirEarnIncmModeCdT></MirEarnIncmModeCdT>
					<MirEarnIncmModeCdT></MirEarnIncmModeCdT>
					<MirEarnIncmModeCdT></MirEarnIncmModeCdT>
					<MirEarnIncmModeCdT></MirEarnIncmModeCdT>
					<MirEarnIncmModeCdT></MirEarnIncmModeCdT>
					<MirEarnIncmModeCdT></MirEarnIncmModeCdT>
					<MirEarnIncmModeCdT></MirEarnIncmModeCdT>
					<MirEarnIncmModeCdT></MirEarnIncmModeCdT>
					<MirEarnIncmModeCdT></MirEarnIncmModeCdT>
					<MirEarnIncmModeCdT></MirEarnIncmModeCdT>
					<MirEarnIncmModeCdT></MirEarnIncmModeCdT>
				</MirEarnIncmModeCdG>
				<MirCliNetWrthAmtG>
					<MirCliNetWrthAmtT></MirCliNetWrthAmtT>
					<MirCliNetWrthAmtT></MirCliNetWrthAmtT>
					<MirCliNetWrthAmtT></MirCliNetWrthAmtT>
					<MirCliNetWrthAmtT></MirCliNetWrthAmtT>
					<MirCliNetWrthAmtT></MirCliNetWrthAmtT>
					<MirCliNetWrthAmtT></MirCliNetWrthAmtT>
					<MirCliNetWrthAmtT></MirCliNetWrthAmtT>
					<MirCliNetWrthAmtT></MirCliNetWrthAmtT>
					<MirCliNetWrthAmtT></MirCliNetWrthAmtT>
					<MirCliNetWrthAmtT></MirCliNetWrthAmtT>
					<MirCliNetWrthAmtT></MirCliNetWrthAmtT>
					<MirCliNetWrthAmtT></MirCliNetWrthAmtT>
				</MirCliNetWrthAmtG>
				<MirCliOthrIncmAmtG>
					<MirCliOthrIncmAmtT></MirCliOthrIncmAmtT>
					<MirCliOthrIncmAmtT></MirCliOthrIncmAmtT>
					<MirCliOthrIncmAmtT></MirCliOthrIncmAmtT>
					<MirCliOthrIncmAmtT></MirCliOthrIncmAmtT>
					<MirCliOthrIncmAmtT></MirCliOthrIncmAmtT>
					<MirCliOthrIncmAmtT></MirCliOthrIncmAmtT>
					<MirCliOthrIncmAmtT></MirCliOthrIncmAmtT>
					<MirCliOthrIncmAmtT></MirCliOthrIncmAmtT>
					<MirCliOthrIncmAmtT></MirCliOthrIncmAmtT>
					<MirCliOthrIncmAmtT></MirCliOthrIncmAmtT>
					<MirCliOthrIncmAmtT></MirCliOthrIncmAmtT>
					<MirCliOthrIncmAmtT></MirCliOthrIncmAmtT>
				</MirCliOthrIncmAmtG>
				<MirOthrIncmModeCdG>
					<MirOthrIncmModeCdT></MirOthrIncmModeCdT>
					<MirOthrIncmModeCdT></MirOthrIncmModeCdT>
					<MirOthrIncmModeCdT></MirOthrIncmModeCdT>
					<MirOthrIncmModeCdT></MirOthrIncmModeCdT>
					<MirOthrIncmModeCdT></MirOthrIncmModeCdT>
					<MirOthrIncmModeCdT></MirOthrIncmModeCdT>
					<MirOthrIncmModeCdT></MirOthrIncmModeCdT>
					<MirOthrIncmModeCdT></MirOthrIncmModeCdT>
					<MirOthrIncmModeCdT></MirOthrIncmModeCdT>
					<MirOthrIncmModeCdT></MirOthrIncmModeCdT>
					<MirOthrIncmModeCdT></MirOthrIncmModeCdT>
					<MirOthrIncmModeCdT></MirOthrIncmModeCdT>
				</MirOthrIncmModeCdG>
				<MirEarnIncmCrcyCdG>
					<MirEarnIncmCrcyCdT></MirEarnIncmCrcyCdT>
					<MirEarnIncmCrcyCdT></MirEarnIncmCrcyCdT>
					<MirEarnIncmCrcyCdT></MirEarnIncmCrcyCdT>
					<MirEarnIncmCrcyCdT></MirEarnIncmCrcyCdT>
					<MirEarnIncmCrcyCdT></MirEarnIncmCrcyCdT>
					<MirEarnIncmCrcyCdT></MirEarnIncmCrcyCdT>
					<MirEarnIncmCrcyCdT></MirEarnIncmCrcyCdT>
					<MirEarnIncmCrcyCdT></MirEarnIncmCrcyCdT>
					<MirEarnIncmCrcyCdT></MirEarnIncmCrcyCdT>
					<MirEarnIncmCrcyCdT></MirEarnIncmCrcyCdT>
					<MirEarnIncmCrcyCdT></MirEarnIncmCrcyCdT>
					<MirEarnIncmCrcyCdT></MirEarnIncmCrcyCdT>
				</MirEarnIncmCrcyCdG>
			</MirListFields>
		</IncomeCreateData>
		<ReturnCds>
			<MirRetrnCd></MirRetrnCd>
			<LsirReturnCd></LsirReturnCd>
		</ReturnCds>
		<MirUserMsgG>
			<MirUserMsgTxtG>
				<MirUserMsgTxtT></MirUserMsgTxtT>
				<MirUserMsgTxtT></MirUserMsgTxtT>
				<MirUserMsgTxtT></MirUserMsgTxtT>
				<MirUserMsgTxtT></MirUserMsgTxtT>
				<MirUserMsgTxtT></MirUserMsgTxtT>
				<MirUserMsgTxtT></MirUserMsgTxtT>
				<MirUserMsgTxtT></MirUserMsgTxtT>
				<MirUserMsgTxtT></MirUserMsgTxtT>
				<MirUserMsgTxtT></MirUserMsgTxtT>
				<MirUserMsgTxtT></MirUserMsgTxtT>
				<MirUserMsgTxtT></MirUserMsgTxtT>
				<MirUserMsgTxtT></MirUserMsgTxtT>
				<MirUserMsgTxtT></MirUserMsgTxtT>
				<MirUserMsgTxtT></MirUserMsgTxtT>
				<MirUserMsgTxtT></MirUserMsgTxtT>
				<MirUserMsgTxtT></MirUserMsgTxtT>
				<MirUserMsgTxtT></MirUserMsgTxtT>
				<MirUserMsgTxtT></MirUserMsgTxtT>
				<MirUserMsgTxtT></MirUserMsgTxtT>
				<MirUserMsgTxtT></MirUserMsgTxtT>
				<MirUserMsgTxtT></MirUserMsgTxtT>
				<MirUserMsgTxtT></MirUserMsgTxtT>
				<MirUserMsgTxtT></MirUserMsgTxtT>
				<MirUserMsgTxtT></MirUserMsgTxtT>
				<MirUserMsgTxtT></MirUserMsgTxtT>
				<MirUserMsgTxtT></MirUserMsgTxtT>
				<MirUserMsgTxtT></MirUserMsgTxtT>
				<MirUserMsgTxtT></MirUserMsgTxtT>
				<MirUserMsgTxtT></MirUserMsgTxtT>
				<MirUserMsgTxtT></MirUserMsgTxtT>
				<MirUserMsgTxtT></MirUserMsgTxtT>
				<MirUserMsgTxtT></MirUserMsgTxtT>
				<MirUserMsgTxtT></MirUserMsgTxtT>
				<MirUserMsgTxtT></MirUserMsgTxtT>
				<MirUserMsgTxtT></MirUserMsgTxtT>
				<MirUserMsgTxtT></MirUserMsgTxtT>
				<MirUserMsgTxtT></MirUserMsgTxtT>
				<MirUserMsgTxtT></MirUserMsgTxtT>
				<MirUserMsgTxtT></MirUserMsgTxtT>
				<MirUserMsgTxtT></MirUserMsgTxtT>
				<MirUserMsgTxtT></MirUserMsgTxtT>
				<MirUserMsgTxtT></MirUserMsgTxtT>
				<MirUserMsgTxtT></MirUserMsgTxtT>
				<MirUserMsgTxtT></MirUserMsgTxtT>
				<MirUserMsgTxtT></MirUserMsgTxtT>
				<MirUserMsgTxtT></MirUserMsgTxtT>
				<MirUserMsgTxtT></MirUserMsgTxtT>
				<MirUserMsgTxtT></MirUserMsgTxtT>
				<MirUserMsgTxtT></MirUserMsgTxtT>
				<MirUserMsgTxtT></MirUserMsgTxtT>
			</MirUserMsgTxtG>
			<MirUserMsgSevrtyCdG>
				<MirUserMsgSevrtyCdT></MirUserMsgSevrtyCdT>
				<MirUserMsgSevrtyCdT></MirUserMsgSevrtyCdT>
				<MirUserMsgSevrtyCdT></MirUserMsgSevrtyCdT>
				<MirUserMsgSevrtyCdT></MirUserMsgSevrtyCdT>
				<MirUserMsgSevrtyCdT></MirUserMsgSevrtyCdT>
				<MirUserMsgSevrtyCdT></MirUserMsgSevrtyCdT>
				<MirUserMsgSevrtyCdT></MirUserMsgSevrtyCdT>
				<MirUserMsgSevrtyCdT></MirUserMsgSevrtyCdT>
				<MirUserMsgSevrtyCdT></MirUserMsgSevrtyCdT>
				<MirUserMsgSevrtyCdT></MirUserMsgSevrtyCdT>
				<MirUserMsgSevrtyCdT></MirUserMsgSevrtyCdT>
				<MirUserMsgSevrtyCdT></MirUserMsgSevrtyCdT>
				<MirUserMsgSevrtyCdT></MirUserMsgSevrtyCdT>
				<MirUserMsgSevrtyCdT></MirUserMsgSevrtyCdT>
				<MirUserMsgSevrtyCdT></MirUserMsgSevrtyCdT>
				<MirUserMsgSevrtyCdT></MirUserMsgSevrtyCdT>
				<MirUserMsgSevrtyCdT></MirUserMsgSevrtyCdT>
				<MirUserMsgSevrtyCdT></MirUserMsgSevrtyCdT>
				<MirUserMsgSevrtyCdT></MirUserMsgSevrtyCdT>
				<MirUserMsgSevrtyCdT></MirUserMsgSevrtyCdT>
				<MirUserMsgSevrtyCdT></MirUserMsgSevrtyCdT>
				<MirUserMsgSevrtyCdT></MirUserMsgSevrtyCdT>
				<MirUserMsgSevrtyCdT></MirUserMsgSevrtyCdT>
				<MirUserMsgSevrtyCdT></MirUserMsgSevrtyCdT>
				<MirUserMsgSevrtyCdT></MirUserMsgSevrtyCdT>
				<MirUserMsgSevrtyCdT></MirUserMsgSevrtyCdT>
				<MirUserMsgSevrtyCdT></MirUserMsgSevrtyCdT>
				<MirUserMsgSevrtyCdT></MirUserMsgSevrtyCdT>
				<MirUserMsgSevrtyCdT></MirUserMsgSevrtyCdT>
				<MirUserMsgSevrtyCdT></MirUserMsgSevrtyCdT>
				<MirUserMsgSevrtyCdT></MirUserMsgSevrtyCdT>
				<MirUserMsgSevrtyCdT></MirUserMsgSevrtyCdT>
				<MirUserMsgSevrtyCdT></MirUserMsgSevrtyCdT>
				<MirUserMsgSevrtyCdT></MirUserMsgSevrtyCdT>
				<MirUserMsgSevrtyCdT></MirUserMsgSevrtyCdT>
				<MirUserMsgSevrtyCdT></MirUserMsgSevrtyCdT>
				<MirUserMsgSevrtyCdT></MirUserMsgSevrtyCdT>
				<MirUserMsgSevrtyCdT></MirUserMsgSevrtyCdT>
				<MirUserMsgSevrtyCdT></MirUserMsgSevrtyCdT>
				<MirUserMsgSevrtyCdT></MirUserMsgSevrtyCdT>
				<MirUserMsgSevrtyCdT></MirUserMsgSevrtyCdT>
				<MirUserMsgSevrtyCdT></MirUserMsgSevrtyCdT>
				<MirUserMsgSevrtyCdT></MirUserMsgSevrtyCdT>
				<MirUserMsgSevrtyCdT></MirUserMsgSevrtyCdT>
				<MirUserMsgSevrtyCdT></MirUserMsgSevrtyCdT>
				<MirUserMsgSevrtyCdT></MirUserMsgSevrtyCdT>
				<MirUserMsgSevrtyCdT></MirUserMsgSevrtyCdT>
				<MirUserMsgSevrtyCdT></MirUserMsgSevrtyCdT>
				<MirUserMsgSevrtyCdT></MirUserMsgSevrtyCdT>
				<MirUserMsgSevrtyCdT></MirUserMsgSevrtyCdT>
			</MirUserMsgSevrtyCdG>
		</MirUserMsgG>
	</OLifE>
