	<OLifE>
		<InquiryConsolidatedInformationData>
			<MirDvFutDtTrxnTypCd></MirDvFutDtTrxnTypCd>
			<MirHiSystemDt></MirHiSystemDt>
			<MirHiDvOwnCliNm></MirHiDvOwnCliNm>
			<MirHiDvOwnCliBthDt></MirHiDvOwnCliBthDt>
			<MirHiDvInsrdCliNm></MirHiDvInsrdCliNm>
			<MirHiDvInsrdCliBthDt></MirHiDvInsrdCliBthDt>
			<MirHiPolCstatCd></MirHiPolCstatCd>
			<MirHiPlanId></MirHiPlanId>
			<MirHiPolBillTypCd></MirHiPolBillTypCd>
			<MirHiPolBillModeCd></MirHiPolBillModeCd>
			<MirHiPolTpremAmt></MirHiPolTpremAmt>
			<MirHiPolSndryAmt></MirHiPolSndryAmt>
			<MirHiPolIssEffDt></MirHiPolIssEffDt>
			<MirHiPolPrevMpremAmt></MirHiPolPrevMpremAmt>
			<MirHiPolPdToDtNum></MirHiPolPdToDtNum>
			<MirHiPolCrcyCd></MirHiPolCrcyCd>
			<MirHiOwnCliId></MirHiOwnCliId>
			<MirHiInsrdCliId></MirHiInsrdCliId>
			<MirHiPolTotBillAmt></MirHiPolTotBillAmt>
			<MirHiPolOvlExpDt></MirHiPolOvlExpDt>
			<MirHiPolOvlLeastAmt></MirHiPolOvlLeastAmt>
			<MirHiApaLeastAmt></MirHiApaLeastAmt>
			<MirHiRecalctrntInd></MirHiRecalctrntInd>
			<MirAsaDvLbillCliNm></MirAsaDvLbillCliNm>
			<MirAsaCliAddrLn1Txt></MirAsaCliAddrLn1Txt>
			<MirAsaCliAddrLn2Txt></MirAsaCliAddrLn2Txt>
			<MirAsaCliAddrLn3Txt></MirAsaCliAddrLn3Txt>
			<MirAsaCliAddrLn4Txt></MirAsaCliAddrLn4Txt>
			<MirAsaCliAddrLn5Txt></MirAsaCliAddrLn5Txt>
			<MirAsaCliAddrChngDt></MirAsaCliAddrChngDt>
			<MirCliAddrStatCd></MirCliAddrStatCd>
			<MirAsaServAgtId></MirAsaServAgtId>
			<MirAsaDvServAgtCliNm></MirAsaDvServAgtCliNm>
			<MirAsaServBrId></MirAsaServBrId>
			<MirAsaServFeeOpt></MirAsaServFeeOpt>
			<MirAsaServAgtAsignDt></MirAsaServAgtAsignDt>
			<MirAsaAgtStatCd></MirAsaAgtStatCd>
			<MirAsaServAgtEncodeDt></MirAsaServAgtEncodeDt>
			<MirAsaPrevServAgtId></MirAsaPrevServAgtId>
			<MirCdCvgAcctTypCdG>
				<MirCdCvgNumT></MirCdCvgNumT>
				<MirCdCvgNumT></MirCdCvgNumT>
				<MirCdCvgNumT></MirCdCvgNumT>
				<MirCdCvgNumT></MirCdCvgNumT>
				<MirCdCvgNumT></MirCdCvgNumT>
				<MirCdCvgNumT></MirCdCvgNumT>
				<MirCdCvgNumT></MirCdCvgNumT>
				<MirCdCvgNumT></MirCdCvgNumT>
				<MirCdCvgNumT></MirCdCvgNumT>
				<MirCdCvgNumT></MirCdCvgNumT>
				<MirCdCvgNumT></MirCdCvgNumT>
				<MirCdCvgNumT></MirCdCvgNumT>
				<MirCdCvgNumT></MirCdCvgNumT>
				<MirCdCvgNumT></MirCdCvgNumT>
				<MirCdCvgNumT></MirCdCvgNumT>
				<MirCdCvgNumT></MirCdCvgNumT>
				<MirCdCvgNumT></MirCdCvgNumT>
				<MirCdCvgNumT></MirCdCvgNumT>
				<MirCdCvgNumT></MirCdCvgNumT>
				<MirCdCvgNumT></MirCdCvgNumT>
			</MirCdCvgAcctTypCdG>
			<MirCdPlanIdG>
				<MirCdPlanIdT></MirCdPlanIdT>
				<MirCdPlanIdT></MirCdPlanIdT>
				<MirCdPlanIdT></MirCdPlanIdT>
				<MirCdPlanIdT></MirCdPlanIdT>
				<MirCdPlanIdT></MirCdPlanIdT>
				<MirCdPlanIdT></MirCdPlanIdT>
				<MirCdPlanIdT></MirCdPlanIdT>
				<MirCdPlanIdT></MirCdPlanIdT>
				<MirCdPlanIdT></MirCdPlanIdT>
				<MirCdPlanIdT></MirCdPlanIdT>
				<MirCdPlanIdT></MirCdPlanIdT>
				<MirCdPlanIdT></MirCdPlanIdT>
				<MirCdPlanIdT></MirCdPlanIdT>
				<MirCdPlanIdT></MirCdPlanIdT>
				<MirCdPlanIdT></MirCdPlanIdT>
				<MirCdPlanIdT></MirCdPlanIdT>
				<MirCdPlanIdT></MirCdPlanIdT>
				<MirCdPlanIdT></MirCdPlanIdT>
				<MirCdPlanIdT></MirCdPlanIdT>
				<MirCdPlanIdT></MirCdPlanIdT>
			</MirCdPlanIdG>
			<MirCdCvgFaceAmtG>
				<MirCdCvgFaceAmtT></MirCdCvgFaceAmtT>
				<MirCdCvgFaceAmtT></MirCdCvgFaceAmtT>
				<MirCdCvgFaceAmtT></MirCdCvgFaceAmtT>
				<MirCdCvgFaceAmtT></MirCdCvgFaceAmtT>
				<MirCdCvgFaceAmtT></MirCdCvgFaceAmtT>
				<MirCdCvgFaceAmtT></MirCdCvgFaceAmtT>
				<MirCdCvgFaceAmtT></MirCdCvgFaceAmtT>
				<MirCdCvgFaceAmtT></MirCdCvgFaceAmtT>
				<MirCdCvgFaceAmtT></MirCdCvgFaceAmtT>
				<MirCdCvgFaceAmtT></MirCdCvgFaceAmtT>
				<MirCdCvgFaceAmtT></MirCdCvgFaceAmtT>
				<MirCdCvgFaceAmtT></MirCdCvgFaceAmtT>
				<MirCdCvgFaceAmtT></MirCdCvgFaceAmtT>
				<MirCdCvgFaceAmtT></MirCdCvgFaceAmtT>
				<MirCdCvgFaceAmtT></MirCdCvgFaceAmtT>
				<MirCdCvgFaceAmtT></MirCdCvgFaceAmtT>
				<MirCdCvgFaceAmtT></MirCdCvgFaceAmtT>
				<MirCdCvgFaceAmtT></MirCdCvgFaceAmtT>
				<MirCdCvgFaceAmtT></MirCdCvgFaceAmtT>
				<MirCdCvgFaceAmtT></MirCdCvgFaceAmtT>
			</MirCdCvgFaceAmtG>
			<MirCdCvgSumInsAmtG>
				<MirCdCvgSumInsAmtT></MirCdCvgSumInsAmtT>
				<MirCdCvgSumInsAmtT></MirCdCvgSumInsAmtT>
				<MirCdCvgSumInsAmtT></MirCdCvgSumInsAmtT>
				<MirCdCvgSumInsAmtT></MirCdCvgSumInsAmtT>
				<MirCdCvgSumInsAmtT></MirCdCvgSumInsAmtT>
				<MirCdCvgSumInsAmtT></MirCdCvgSumInsAmtT>
				<MirCdCvgSumInsAmtT></MirCdCvgSumInsAmtT>
				<MirCdCvgSumInsAmtT></MirCdCvgSumInsAmtT>
				<MirCdCvgSumInsAmtT></MirCdCvgSumInsAmtT>
				<MirCdCvgSumInsAmtT></MirCdCvgSumInsAmtT>
				<MirCdCvgSumInsAmtT></MirCdCvgSumInsAmtT>
				<MirCdCvgSumInsAmtT></MirCdCvgSumInsAmtT>
				<MirCdCvgSumInsAmtT></MirCdCvgSumInsAmtT>
				<MirCdCvgSumInsAmtT></MirCdCvgSumInsAmtT>
				<MirCdCvgSumInsAmtT></MirCdCvgSumInsAmtT>
				<MirCdCvgSumInsAmtT></MirCdCvgSumInsAmtT>
				<MirCdCvgSumInsAmtT></MirCdCvgSumInsAmtT>
				<MirCdCvgSumInsAmtT></MirCdCvgSumInsAmtT>
				<MirCdCvgSumInsAmtT></MirCdCvgSumInsAmtT>
				<MirCdCvgSumInsAmtT></MirCdCvgSumInsAmtT>
			</MirCdCvgSumInsAmtG>
			<MirLgsCvgFaceAmtG>
				<MirLgsCvgFaceAmtT></MirLgsCvgFaceAmtT>
				<MirLgsCvgFaceAmtT></MirLgsCvgFaceAmtT>
				<MirLgsCvgFaceAmtT></MirLgsCvgFaceAmtT>
				<MirLgsCvgFaceAmtT></MirLgsCvgFaceAmtT>
				<MirLgsCvgFaceAmtT></MirLgsCvgFaceAmtT>
				<MirLgsCvgFaceAmtT></MirLgsCvgFaceAmtT>
				<MirLgsCvgFaceAmtT></MirLgsCvgFaceAmtT>
				<MirLgsCvgFaceAmtT></MirLgsCvgFaceAmtT>
				<MirLgsCvgFaceAmtT></MirLgsCvgFaceAmtT>
				<MirLgsCvgFaceAmtT></MirLgsCvgFaceAmtT>
				<MirLgsCvgFaceAmtT></MirLgsCvgFaceAmtT>
				<MirLgsCvgFaceAmtT></MirLgsCvgFaceAmtT>
				<MirLgsCvgFaceAmtT></MirLgsCvgFaceAmtT>
				<MirLgsCvgFaceAmtT></MirLgsCvgFaceAmtT>
				<MirLgsCvgFaceAmtT></MirLgsCvgFaceAmtT>
				<MirLgsCvgFaceAmtT></MirLgsCvgFaceAmtT>
				<MirLgsCvgFaceAmtT></MirLgsCvgFaceAmtT>
				<MirLgsCvgFaceAmtT></MirLgsCvgFaceAmtT>
				<MirLgsCvgFaceAmtT></MirLgsCvgFaceAmtT>
				<MirLgsCvgFaceAmtT></MirLgsCvgFaceAmtT>
			</MirLgsCvgFaceAmtG>
			<MirCdCvgMpremAmtG>
				<MirCdCvgMpremAmtT></MirCdCvgMpremAmtT>
				<MirCdCvgMpremAmtT></MirCdCvgMpremAmtT>
				<MirCdCvgMpremAmtT></MirCdCvgMpremAmtT>
				<MirCdCvgMpremAmtT></MirCdCvgMpremAmtT>
				<MirCdCvgMpremAmtT></MirCdCvgMpremAmtT>
				<MirCdCvgMpremAmtT></MirCdCvgMpremAmtT>
				<MirCdCvgMpremAmtT></MirCdCvgMpremAmtT>
				<MirCdCvgMpremAmtT></MirCdCvgMpremAmtT>
				<MirCdCvgMpremAmtT></MirCdCvgMpremAmtT>
				<MirCdCvgMpremAmtT></MirCdCvgMpremAmtT>
				<MirCdCvgMpremAmtT></MirCdCvgMpremAmtT>
				<MirCdCvgMpremAmtT></MirCdCvgMpremAmtT>
				<MirCdCvgMpremAmtT></MirCdCvgMpremAmtT>
				<MirCdCvgMpremAmtT></MirCdCvgMpremAmtT>
				<MirCdCvgMpremAmtT></MirCdCvgMpremAmtT>
				<MirCdCvgMpremAmtT></MirCdCvgMpremAmtT>
				<MirCdCvgMpremAmtT></MirCdCvgMpremAmtT>
				<MirCdCvgMpremAmtT></MirCdCvgMpremAmtT>
				<MirCdCvgMpremAmtT></MirCdCvgMpremAmtT>
				<MirCdCvgMpremAmtT></MirCdCvgMpremAmtT>
			</MirCdCvgMpremAmtG>
			<MirCdCvgIssEffDtG>
				<MirCdCvgIssEffDtT></MirCdCvgIssEffDtT>
				<MirCdCvgIssEffDtT></MirCdCvgIssEffDtT>
				<MirCdCvgIssEffDtT></MirCdCvgIssEffDtT>
				<MirCdCvgIssEffDtT></MirCdCvgIssEffDtT>
				<MirCdCvgIssEffDtT></MirCdCvgIssEffDtT>
				<MirCdCvgIssEffDtT></MirCdCvgIssEffDtT>
				<MirCdCvgIssEffDtT></MirCdCvgIssEffDtT>
				<MirCdCvgIssEffDtT></MirCdCvgIssEffDtT>
				<MirCdCvgIssEffDtT></MirCdCvgIssEffDtT>
				<MirCdCvgIssEffDtT></MirCdCvgIssEffDtT>
				<MirCdCvgIssEffDtT></MirCdCvgIssEffDtT>
				<MirCdCvgIssEffDtT></MirCdCvgIssEffDtT>
				<MirCdCvgIssEffDtT></MirCdCvgIssEffDtT>
				<MirCdCvgIssEffDtT></MirCdCvgIssEffDtT>
				<MirCdCvgIssEffDtT></MirCdCvgIssEffDtT>
				<MirCdCvgIssEffDtT></MirCdCvgIssEffDtT>
				<MirCdCvgIssEffDtT></MirCdCvgIssEffDtT>
				<MirCdCvgIssEffDtT></MirCdCvgIssEffDtT>
				<MirCdCvgIssEffDtT></MirCdCvgIssEffDtT>
				<MirCdCvgIssEffDtT></MirCdCvgIssEffDtT>
			</MirCdCvgIssEffDtG>
			<MirCdCvgSmkrCdG>
				<MirCdCvgSmkrCdT></MirCdCvgSmkrCdT>
				<MirCdCvgSmkrCdT></MirCdCvgSmkrCdT>
				<MirCdCvgSmkrCdT></MirCdCvgSmkrCdT>
				<MirCdCvgSmkrCdT></MirCdCvgSmkrCdT>
				<MirCdCvgSmkrCdT></MirCdCvgSmkrCdT>
				<MirCdCvgSmkrCdT></MirCdCvgSmkrCdT>
				<MirCdCvgSmkrCdT></MirCdCvgSmkrCdT>
				<MirCdCvgSmkrCdT></MirCdCvgSmkrCdT>
				<MirCdCvgSmkrCdT></MirCdCvgSmkrCdT>
				<MirCdCvgSmkrCdT></MirCdCvgSmkrCdT>
				<MirCdCvgSmkrCdT></MirCdCvgSmkrCdT>
				<MirCdCvgSmkrCdT></MirCdCvgSmkrCdT>
				<MirCdCvgSmkrCdT></MirCdCvgSmkrCdT>
				<MirCdCvgSmkrCdT></MirCdCvgSmkrCdT>
				<MirCdCvgSmkrCdT></MirCdCvgSmkrCdT>
				<MirCdCvgSmkrCdT></MirCdCvgSmkrCdT>
				<MirCdCvgSmkrCdT></MirCdCvgSmkrCdT>
				<MirCdCvgSmkrCdT></MirCdCvgSmkrCdT>
				<MirCdCvgSmkrCdT></MirCdCvgSmkrCdT>
				<MirCdCvgSmkrCdT></MirCdCvgSmkrCdT>
			</MirCdCvgSmkrCdG>
			<MirCdCvgSexCdG>
				<MirCdCvgSexCdT></MirCdCvgSexCdT>
				<MirCdCvgSexCdT></MirCdCvgSexCdT>
				<MirCdCvgSexCdT></MirCdCvgSexCdT>
				<MirCdCvgSexCdT></MirCdCvgSexCdT>
				<MirCdCvgSexCdT></MirCdCvgSexCdT>
				<MirCdCvgSexCdT></MirCdCvgSexCdT>
				<MirCdCvgSexCdT></MirCdCvgSexCdT>
				<MirCdCvgSexCdT></MirCdCvgSexCdT>
				<MirCdCvgSexCdT></MirCdCvgSexCdT>
				<MirCdCvgSexCdT></MirCdCvgSexCdT>
				<MirCdCvgSexCdT></MirCdCvgSexCdT>
				<MirCdCvgSexCdT></MirCdCvgSexCdT>
				<MirCdCvgSexCdT></MirCdCvgSexCdT>
				<MirCdCvgSexCdT></MirCdCvgSexCdT>
				<MirCdCvgSexCdT></MirCdCvgSexCdT>
				<MirCdCvgSexCdT></MirCdCvgSexCdT>
				<MirCdCvgSexCdT></MirCdCvgSexCdT>
				<MirCdCvgSexCdT></MirCdCvgSexCdT>
				<MirCdCvgSexCdT></MirCdCvgSexCdT>
				<MirCdCvgSexCdT></MirCdCvgSexCdT>
			</MirCdCvgSexCdG>
			<MirCdCvgRtAgeG>
				<MirCdCvgRtAgeT></MirCdCvgRtAgeT>
				<MirCdCvgRtAgeT></MirCdCvgRtAgeT>
				<MirCdCvgRtAgeT></MirCdCvgRtAgeT>
				<MirCdCvgRtAgeT></MirCdCvgRtAgeT>
				<MirCdCvgRtAgeT></MirCdCvgRtAgeT>
				<MirCdCvgRtAgeT></MirCdCvgRtAgeT>
				<MirCdCvgRtAgeT></MirCdCvgRtAgeT>
				<MirCdCvgRtAgeT></MirCdCvgRtAgeT>
				<MirCdCvgRtAgeT></MirCdCvgRtAgeT>
				<MirCdCvgRtAgeT></MirCdCvgRtAgeT>
				<MirCdCvgRtAgeT></MirCdCvgRtAgeT>
				<MirCdCvgRtAgeT></MirCdCvgRtAgeT>
				<MirCdCvgRtAgeT></MirCdCvgRtAgeT>
				<MirCdCvgRtAgeT></MirCdCvgRtAgeT>
				<MirCdCvgRtAgeT></MirCdCvgRtAgeT>
				<MirCdCvgRtAgeT></MirCdCvgRtAgeT>
				<MirCdCvgRtAgeT></MirCdCvgRtAgeT>
				<MirCdCvgRtAgeT></MirCdCvgRtAgeT>
				<MirCdCvgRtAgeT></MirCdCvgRtAgeT>
				<MirCdCvgRtAgeT></MirCdCvgRtAgeT>
			</MirCdCvgRtAgeG>
			<MirCdCvgParCdG>
				<MirCdCvgParCdT></MirCdCvgParCdT>
				<MirCdCvgParCdT></MirCdCvgParCdT>
				<MirCdCvgParCdT></MirCdCvgParCdT>
				<MirCdCvgParCdT></MirCdCvgParCdT>
				<MirCdCvgParCdT></MirCdCvgParCdT>
				<MirCdCvgParCdT></MirCdCvgParCdT>
				<MirCdCvgParCdT></MirCdCvgParCdT>
				<MirCdCvgParCdT></MirCdCvgParCdT>
				<MirCdCvgParCdT></MirCdCvgParCdT>
				<MirCdCvgParCdT></MirCdCvgParCdT>
				<MirCdCvgParCdT></MirCdCvgParCdT>
				<MirCdCvgParCdT></MirCdCvgParCdT>
				<MirCdCvgParCdT></MirCdCvgParCdT>
				<MirCdCvgParCdT></MirCdCvgParCdT>
				<MirCdCvgParCdT></MirCdCvgParCdT>
				<MirCdCvgParCdT></MirCdCvgParCdT>
				<MirCdCvgParCdT></MirCdCvgParCdT>
				<MirCdCvgParCdT></MirCdCvgParCdT>
				<MirCdCvgParCdT></MirCdCvgParCdT>
				<MirCdCvgParCdT></MirCdCvgParCdT>
			</MirCdCvgParCdG>
			<MirCdCvgCstatCdG>
				<MirCdCvgCstatCdT></MirCdCvgCstatCdT>
				<MirCdCvgCstatCdT></MirCdCvgCstatCdT>
				<MirCdCvgCstatCdT></MirCdCvgCstatCdT>
				<MirCdCvgCstatCdT></MirCdCvgCstatCdT>
				<MirCdCvgCstatCdT></MirCdCvgCstatCdT>
				<MirCdCvgCstatCdT></MirCdCvgCstatCdT>
				<MirCdCvgCstatCdT></MirCdCvgCstatCdT>
				<MirCdCvgCstatCdT></MirCdCvgCstatCdT>
				<MirCdCvgCstatCdT></MirCdCvgCstatCdT>
				<MirCdCvgCstatCdT></MirCdCvgCstatCdT>
				<MirCdCvgCstatCdT></MirCdCvgCstatCdT>
				<MirCdCvgCstatCdT></MirCdCvgCstatCdT>
				<MirCdCvgCstatCdT></MirCdCvgCstatCdT>
				<MirCdCvgCstatCdT></MirCdCvgCstatCdT>
				<MirCdCvgCstatCdT></MirCdCvgCstatCdT>
				<MirCdCvgCstatCdT></MirCdCvgCstatCdT>
				<MirCdCvgCstatCdT></MirCdCvgCstatCdT>
				<MirCdCvgCstatCdT></MirCdCvgCstatCdT>
				<MirCdCvgCstatCdT></MirCdCvgCstatCdT>
				<MirCdCvgCstatCdT></MirCdCvgCstatCdT>
			</MirCdCvgCstatCdG>
			<MirCdCvgMatXpryDtG>
				<MirCdCvgMatXpryDtT></MirCdCvgMatXpryDtT>
				<MirCdCvgMatXpryDtT></MirCdCvgMatXpryDtT>
				<MirCdCvgMatXpryDtT></MirCdCvgMatXpryDtT>
				<MirCdCvgMatXpryDtT></MirCdCvgMatXpryDtT>
				<MirCdCvgMatXpryDtT></MirCdCvgMatXpryDtT>
				<MirCdCvgMatXpryDtT></MirCdCvgMatXpryDtT>
				<MirCdCvgMatXpryDtT></MirCdCvgMatXpryDtT>
				<MirCdCvgMatXpryDtT></MirCdCvgMatXpryDtT>
				<MirCdCvgMatXpryDtT></MirCdCvgMatXpryDtT>
				<MirCdCvgMatXpryDtT></MirCdCvgMatXpryDtT>
				<MirCdCvgMatXpryDtT></MirCdCvgMatXpryDtT>
				<MirCdCvgMatXpryDtT></MirCdCvgMatXpryDtT>
				<MirCdCvgMatXpryDtT></MirCdCvgMatXpryDtT>
				<MirCdCvgMatXpryDtT></MirCdCvgMatXpryDtT>
				<MirCdCvgMatXpryDtT></MirCdCvgMatXpryDtT>
				<MirCdCvgMatXpryDtT></MirCdCvgMatXpryDtT>
				<MirCdCvgMatXpryDtT></MirCdCvgMatXpryDtT>
				<MirCdCvgMatXpryDtT></MirCdCvgMatXpryDtT>
				<MirCdCvgMatXpryDtT></MirCdCvgMatXpryDtT>
				<MirCdCvgMatXpryDtT></MirCdCvgMatXpryDtT>
			</MirCdCvgMatXpryDtG>
			<MirCdCvgPlanTypG>
				<MirCdCvgPlanTypT></MirCdCvgPlanTypT>
				<MirCdCvgPlanTypT></MirCdCvgPlanTypT>
				<MirCdCvgPlanTypT></MirCdCvgPlanTypT>
				<MirCdCvgPlanTypT></MirCdCvgPlanTypT>
				<MirCdCvgPlanTypT></MirCdCvgPlanTypT>
				<MirCdCvgPlanTypT></MirCdCvgPlanTypT>
				<MirCdCvgPlanTypT></MirCdCvgPlanTypT>
				<MirCdCvgPlanTypT></MirCdCvgPlanTypT>
				<MirCdCvgPlanTypT></MirCdCvgPlanTypT>
				<MirCdCvgPlanTypT></MirCdCvgPlanTypT>
				<MirCdCvgPlanTypT></MirCdCvgPlanTypT>
				<MirCdCvgPlanTypT></MirCdCvgPlanTypT>
				<MirCdCvgPlanTypT></MirCdCvgPlanTypT>
				<MirCdCvgPlanTypT></MirCdCvgPlanTypT>
				<MirCdCvgPlanTypT></MirCdCvgPlanTypT>
				<MirCdCvgPlanTypT></MirCdCvgPlanTypT>
				<MirCdCvgPlanTypT></MirCdCvgPlanTypT>
				<MirCdCvgPlanTypT></MirCdCvgPlanTypT>
				<MirCdCvgPlanTypT></MirCdCvgPlanTypT>
				<MirCdCvgPlanTypT></MirCdCvgPlanTypT>
			</MirCdCvgPlanTypG>
			<MirCdCiRedcFaceAmtG>
				<MirCdCiRedcFaceAmtT></MirCdCiRedcFaceAmtT>
				<MirCdCiRedcFaceAmtT></MirCdCiRedcFaceAmtT>
				<MirCdCiRedcFaceAmtT></MirCdCiRedcFaceAmtT>
				<MirCdCiRedcFaceAmtT></MirCdCiRedcFaceAmtT>
				<MirCdCiRedcFaceAmtT></MirCdCiRedcFaceAmtT>
				<MirCdCiRedcFaceAmtT></MirCdCiRedcFaceAmtT>
				<MirCdCiRedcFaceAmtT></MirCdCiRedcFaceAmtT>
				<MirCdCiRedcFaceAmtT></MirCdCiRedcFaceAmtT>
				<MirCdCiRedcFaceAmtT></MirCdCiRedcFaceAmtT>
				<MirCdCiRedcFaceAmtT></MirCdCiRedcFaceAmtT>
				<MirCdCiRedcFaceAmtT></MirCdCiRedcFaceAmtT>
				<MirCdCiRedcFaceAmtT></MirCdCiRedcFaceAmtT>
				<MirCdCiRedcFaceAmtT></MirCdCiRedcFaceAmtT>
				<MirCdCiRedcFaceAmtT></MirCdCiRedcFaceAmtT>
				<MirCdCiRedcFaceAmtT></MirCdCiRedcFaceAmtT>
				<MirCdCiRedcFaceAmtT></MirCdCiRedcFaceAmtT>
				<MirCdCiRedcFaceAmtT></MirCdCiRedcFaceAmtT>
				<MirCdCiRedcFaceAmtT></MirCdCiRedcFaceAmtT>
				<MirCdCiRedcFaceAmtT></MirCdCiRedcFaceAmtT>
				<MirCdCiRedcFaceAmtT></MirCdCiRedcFaceAmtT>
			</MirCdCiRedcFaceAmtG>
			<MirRtCvgNumG>
				<MirRtCvgNumT></MirRtCvgNumT>
				<MirRtCvgNumT></MirRtCvgNumT>
				<MirRtCvgNumT></MirRtCvgNumT>
				<MirRtCvgNumT></MirRtCvgNumT>
				<MirRtCvgNumT></MirRtCvgNumT>
				<MirRtCvgNumT></MirRtCvgNumT>
				<MirRtCvgNumT></MirRtCvgNumT>
				<MirRtCvgNumT></MirRtCvgNumT>
				<MirRtCvgNumT></MirRtCvgNumT>
				<MirRtCvgNumT></MirRtCvgNumT>
				<MirRtCvgNumT></MirRtCvgNumT>
				<MirRtCvgNumT></MirRtCvgNumT>
				<MirRtCvgNumT></MirRtCvgNumT>
				<MirRtCvgNumT></MirRtCvgNumT>
				<MirRtCvgNumT></MirRtCvgNumT>
				<MirRtCvgNumT></MirRtCvgNumT>
				<MirRtCvgNumT></MirRtCvgNumT>
				<MirRtCvgNumT></MirRtCvgNumT>
				<MirRtCvgNumT></MirRtCvgNumT>
				<MirRtCvgNumT></MirRtCvgNumT>
			</MirRtCvgNumG>
			<MirRtCvgFePremAmtG>
				<MirRtCvgFePremAmtT></MirRtCvgFePremAmtT>
				<MirRtCvgFePremAmtT></MirRtCvgFePremAmtT>
				<MirRtCvgFePremAmtT></MirRtCvgFePremAmtT>
				<MirRtCvgFePremAmtT></MirRtCvgFePremAmtT>
				<MirRtCvgFePremAmtT></MirRtCvgFePremAmtT>
				<MirRtCvgFePremAmtT></MirRtCvgFePremAmtT>
				<MirRtCvgFePremAmtT></MirRtCvgFePremAmtT>
				<MirRtCvgFePremAmtT></MirRtCvgFePremAmtT>
				<MirRtCvgFePremAmtT></MirRtCvgFePremAmtT>
				<MirRtCvgFePremAmtT></MirRtCvgFePremAmtT>
				<MirRtCvgFePremAmtT></MirRtCvgFePremAmtT>
				<MirRtCvgFePremAmtT></MirRtCvgFePremAmtT>
				<MirRtCvgFePremAmtT></MirRtCvgFePremAmtT>
				<MirRtCvgFePremAmtT></MirRtCvgFePremAmtT>
				<MirRtCvgFePremAmtT></MirRtCvgFePremAmtT>
				<MirRtCvgFePremAmtT></MirRtCvgFePremAmtT>
				<MirRtCvgFePremAmtT></MirRtCvgFePremAmtT>
				<MirRtCvgFePremAmtT></MirRtCvgFePremAmtT>
				<MirRtCvgFePremAmtT></MirRtCvgFePremAmtT>
				<MirRtCvgFePremAmtT></MirRtCvgFePremAmtT>
			</MirRtCvgFePremAmtG>
			<MirRtCvgMePremAmtG>
				<MirRtCvgMePremAmtT></MirRtCvgMePremAmtT>
				<MirRtCvgMePremAmtT></MirRtCvgMePremAmtT>
				<MirRtCvgMePremAmtT></MirRtCvgMePremAmtT>
				<MirRtCvgMePremAmtT></MirRtCvgMePremAmtT>
				<MirRtCvgMePremAmtT></MirRtCvgMePremAmtT>
				<MirRtCvgMePremAmtT></MirRtCvgMePremAmtT>
				<MirRtCvgMePremAmtT></MirRtCvgMePremAmtT>
				<MirRtCvgMePremAmtT></MirRtCvgMePremAmtT>
				<MirRtCvgMePremAmtT></MirRtCvgMePremAmtT>
				<MirRtCvgMePremAmtT></MirRtCvgMePremAmtT>
				<MirRtCvgMePremAmtT></MirRtCvgMePremAmtT>
				<MirRtCvgMePremAmtT></MirRtCvgMePremAmtT>
				<MirRtCvgMePremAmtT></MirRtCvgMePremAmtT>
				<MirRtCvgMePremAmtT></MirRtCvgMePremAmtT>
				<MirRtCvgMePremAmtT></MirRtCvgMePremAmtT>
				<MirRtCvgMePremAmtT></MirRtCvgMePremAmtT>
				<MirRtCvgMePremAmtT></MirRtCvgMePremAmtT>
				<MirRtCvgMePremAmtT></MirRtCvgMePremAmtT>
				<MirRtCvgMePremAmtT></MirRtCvgMePremAmtT>
				<MirRtCvgMePremAmtT></MirRtCvgMePremAmtT>
			</MirRtCvgMePremAmtG>
			<MirRtCvgFeUpremG>
				<MirRtCvgFeUpremAmtT></MirRtCvgFeUpremAmtT>
				<MirRtCvgFeUpremAmtT></MirRtCvgFeUpremAmtT>
				<MirRtCvgFeUpremAmtT></MirRtCvgFeUpremAmtT>
				<MirRtCvgFeUpremAmtT></MirRtCvgFeUpremAmtT>
				<MirRtCvgFeUpremAmtT></MirRtCvgFeUpremAmtT>
				<MirRtCvgFeUpremAmtT></MirRtCvgFeUpremAmtT>
				<MirRtCvgFeUpremAmtT></MirRtCvgFeUpremAmtT>
				<MirRtCvgFeUpremAmtT></MirRtCvgFeUpremAmtT>
				<MirRtCvgFeUpremAmtT></MirRtCvgFeUpremAmtT>
				<MirRtCvgFeUpremAmtT></MirRtCvgFeUpremAmtT>
				<MirRtCvgFeUpremAmtT></MirRtCvgFeUpremAmtT>
				<MirRtCvgFeUpremAmtT></MirRtCvgFeUpremAmtT>
				<MirRtCvgFeUpremAmtT></MirRtCvgFeUpremAmtT>
				<MirRtCvgFeUpremAmtT></MirRtCvgFeUpremAmtT>
				<MirRtCvgFeUpremAmtT></MirRtCvgFeUpremAmtT>
				<MirRtCvgFeUpremAmtT></MirRtCvgFeUpremAmtT>
				<MirRtCvgFeUpremAmtT></MirRtCvgFeUpremAmtT>
				<MirRtCvgFeUpremAmtT></MirRtCvgFeUpremAmtT>
				<MirRtCvgFeUpremAmtT></MirRtCvgFeUpremAmtT>
				<MirRtCvgFeUpremAmtT></MirRtCvgFeUpremAmtT>
			</MirRtCvgFeUpremG>
			<MirRtCvgFeDurG>
				<MirRtCvgFeDurT></MirRtCvgFeDurT>
				<MirRtCvgFeDurT></MirRtCvgFeDurT>
				<MirRtCvgFeDurT></MirRtCvgFeDurT>
				<MirRtCvgFeDurT></MirRtCvgFeDurT>
				<MirRtCvgFeDurT></MirRtCvgFeDurT>
				<MirRtCvgFeDurT></MirRtCvgFeDurT>
				<MirRtCvgFeDurT></MirRtCvgFeDurT>
				<MirRtCvgFeDurT></MirRtCvgFeDurT>
				<MirRtCvgFeDurT></MirRtCvgFeDurT>
				<MirRtCvgFeDurT></MirRtCvgFeDurT>
				<MirRtCvgFeDurT></MirRtCvgFeDurT>
				<MirRtCvgFeDurT></MirRtCvgFeDurT>
				<MirRtCvgFeDurT></MirRtCvgFeDurT>
				<MirRtCvgFeDurT></MirRtCvgFeDurT>
				<MirRtCvgFeDurT></MirRtCvgFeDurT>
				<MirRtCvgFeDurT></MirRtCvgFeDurT>
				<MirRtCvgFeDurT></MirRtCvgFeDurT>
				<MirRtCvgFeDurT></MirRtCvgFeDurT>
				<MirRtCvgFeDurT></MirRtCvgFeDurT>
				<MirRtCvgFeDurT></MirRtCvgFeDurT>
			</MirRtCvgFeDurG>
			<MirRtCvgFePermUpremAmtG>
				<MirRtCvgFePermUpremAmtT></MirRtCvgFePermUpremAmtT>
				<MirRtCvgFePermUpremAmtT></MirRtCvgFePermUpremAmtT>
				<MirRtCvgFePermUpremAmtT></MirRtCvgFePermUpremAmtT>
				<MirRtCvgFePermUpremAmtT></MirRtCvgFePermUpremAmtT>
				<MirRtCvgFePermUpremAmtT></MirRtCvgFePermUpremAmtT>
				<MirRtCvgFePermUpremAmtT></MirRtCvgFePermUpremAmtT>
				<MirRtCvgFePermUpremAmtT></MirRtCvgFePermUpremAmtT>
				<MirRtCvgFePermUpremAmtT></MirRtCvgFePermUpremAmtT>
				<MirRtCvgFePermUpremAmtT></MirRtCvgFePermUpremAmtT>
				<MirRtCvgFePermUpremAmtT></MirRtCvgFePermUpremAmtT>
				<MirRtCvgFePermUpremAmtT></MirRtCvgFePermUpremAmtT>
				<MirRtCvgFePermUpremAmtT></MirRtCvgFePermUpremAmtT>
				<MirRtCvgFePermUpremAmtT></MirRtCvgFePermUpremAmtT>
				<MirRtCvgFePermUpremAmtT></MirRtCvgFePermUpremAmtT>
				<MirRtCvgFePermUpremAmtT></MirRtCvgFePermUpremAmtT>
				<MirRtCvgFePermUpremAmtT></MirRtCvgFePermUpremAmtT>
				<MirRtCvgFePermUpremAmtT></MirRtCvgFePermUpremAmtT>
				<MirRtCvgFePermUpremAmtT></MirRtCvgFePermUpremAmtT>
				<MirRtCvgFePermUpremAmtT></MirRtCvgFePermUpremAmtT>
				<MirRtCvgFePermUpremAmtT></MirRtCvgFePermUpremAmtT>
			</MirRtCvgFePermUpremAmtG>
			<MirRtCvgMeFctG>
				<MirRtCvgMeFctT></MirRtCvgMeFctT>
				<MirRtCvgMeFctT></MirRtCvgMeFctT>
				<MirRtCvgMeFctT></MirRtCvgMeFctT>
				<MirRtCvgMeFctT></MirRtCvgMeFctT>
				<MirRtCvgMeFctT></MirRtCvgMeFctT>
				<MirRtCvgMeFctT></MirRtCvgMeFctT>
				<MirRtCvgMeFctT></MirRtCvgMeFctT>
				<MirRtCvgMeFctT></MirRtCvgMeFctT>
				<MirRtCvgMeFctT></MirRtCvgMeFctT>
				<MirRtCvgMeFctT></MirRtCvgMeFctT>
				<MirRtCvgMeFctT></MirRtCvgMeFctT>
				<MirRtCvgMeFctT></MirRtCvgMeFctT>
				<MirRtCvgMeFctT></MirRtCvgMeFctT>
				<MirRtCvgMeFctT></MirRtCvgMeFctT>
				<MirRtCvgMeFctT></MirRtCvgMeFctT>
				<MirRtCvgMeFctT></MirRtCvgMeFctT>
				<MirRtCvgMeFctT></MirRtCvgMeFctT>
				<MirRtCvgMeFctT></MirRtCvgMeFctT>
				<MirRtCvgMeFctT></MirRtCvgMeFctT>
				<MirRtCvgMeFctT></MirRtCvgMeFctT>
			</MirRtCvgMeFctG>
			<MirRtCvgMeDurG>
				<MirRtCvgMeDurT></MirRtCvgMeDurT>
				<MirRtCvgMeDurT></MirRtCvgMeDurT>
				<MirRtCvgMeDurT></MirRtCvgMeDurT>
				<MirRtCvgMeDurT></MirRtCvgMeDurT>
				<MirRtCvgMeDurT></MirRtCvgMeDurT>
				<MirRtCvgMeDurT></MirRtCvgMeDurT>
				<MirRtCvgMeDurT></MirRtCvgMeDurT>
				<MirRtCvgMeDurT></MirRtCvgMeDurT>
				<MirRtCvgMeDurT></MirRtCvgMeDurT>
				<MirRtCvgMeDurT></MirRtCvgMeDurT>
				<MirRtCvgMeDurT></MirRtCvgMeDurT>
				<MirRtCvgMeDurT></MirRtCvgMeDurT>
				<MirRtCvgMeDurT></MirRtCvgMeDurT>
				<MirRtCvgMeDurT></MirRtCvgMeDurT>
				<MirRtCvgMeDurT></MirRtCvgMeDurT>
				<MirRtCvgMeDurT></MirRtCvgMeDurT>
				<MirRtCvgMeDurT></MirRtCvgMeDurT>
				<MirRtCvgMeDurT></MirRtCvgMeDurT>
				<MirRtCvgMeDurT></MirRtCvgMeDurT>
				<MirRtCvgMeDurT></MirRtCvgMeDurT>
			</MirRtCvgMeDurG>
			<MirRtCvgMePctG>
				<MirRtCvgMePctT></MirRtCvgMePctT>
				<MirRtCvgMePctT></MirRtCvgMePctT>
				<MirRtCvgMePctT></MirRtCvgMePctT>
				<MirRtCvgMePctT></MirRtCvgMePctT>
				<MirRtCvgMePctT></MirRtCvgMePctT>
				<MirRtCvgMePctT></MirRtCvgMePctT>
				<MirRtCvgMePctT></MirRtCvgMePctT>
				<MirRtCvgMePctT></MirRtCvgMePctT>
				<MirRtCvgMePctT></MirRtCvgMePctT>
				<MirRtCvgMePctT></MirRtCvgMePctT>
				<MirRtCvgMePctT></MirRtCvgMePctT>
				<MirRtCvgMePctT></MirRtCvgMePctT>
				<MirRtCvgMePctT></MirRtCvgMePctT>
				<MirRtCvgMePctT></MirRtCvgMePctT>
				<MirRtCvgMePctT></MirRtCvgMePctT>
				<MirRtCvgMePctT></MirRtCvgMePctT>
				<MirRtCvgMePctT></MirRtCvgMePctT>
				<MirRtCvgMePctT></MirRtCvgMePctT>
				<MirRtCvgMePctT></MirRtCvgMePctT>
				<MirRtCvgMePctT></MirRtCvgMePctT>
			</MirRtCvgMePctG>
			<MirRtCvgFeReasnCdG>
				<MirRtCvgFeReasnCdT></MirRtCvgFeReasnCdT>
				<MirRtCvgFeReasnCdT></MirRtCvgFeReasnCdT>
				<MirRtCvgFeReasnCdT></MirRtCvgFeReasnCdT>
				<MirRtCvgFeReasnCdT></MirRtCvgFeReasnCdT>
				<MirRtCvgFeReasnCdT></MirRtCvgFeReasnCdT>
				<MirRtCvgFeReasnCdT></MirRtCvgFeReasnCdT>
				<MirRtCvgFeReasnCdT></MirRtCvgFeReasnCdT>
				<MirRtCvgFeReasnCdT></MirRtCvgFeReasnCdT>
				<MirRtCvgFeReasnCdT></MirRtCvgFeReasnCdT>
				<MirRtCvgFeReasnCdT></MirRtCvgFeReasnCdT>
				<MirRtCvgFeReasnCdT></MirRtCvgFeReasnCdT>
				<MirRtCvgFeReasnCdT></MirRtCvgFeReasnCdT>
				<MirRtCvgFeReasnCdT></MirRtCvgFeReasnCdT>
				<MirRtCvgFeReasnCdT></MirRtCvgFeReasnCdT>
				<MirRtCvgFeReasnCdT></MirRtCvgFeReasnCdT>
				<MirRtCvgFeReasnCdT></MirRtCvgFeReasnCdT>
				<MirRtCvgFeReasnCdT></MirRtCvgFeReasnCdT>
				<MirRtCvgFeReasnCdT></MirRtCvgFeReasnCdT>
				<MirRtCvgFeReasnCdT></MirRtCvgFeReasnCdT>
				<MirRtCvgFeReasnCdT></MirRtCvgFeReasnCdT>
			</MirRtCvgFeReasnCdG>
			<MirRtCvgMeReasnCdG>
				<MirRtCvgMeReasnCdT></MirRtCvgMeReasnCdT>
				<MirRtCvgMeReasnCdT></MirRtCvgMeReasnCdT>
				<MirRtCvgMeReasnCdT></MirRtCvgMeReasnCdT>
				<MirRtCvgMeReasnCdT></MirRtCvgMeReasnCdT>
				<MirRtCvgMeReasnCdT></MirRtCvgMeReasnCdT>
				<MirRtCvgMeReasnCdT></MirRtCvgMeReasnCdT>
				<MirRtCvgMeReasnCdT></MirRtCvgMeReasnCdT>
				<MirRtCvgMeReasnCdT></MirRtCvgMeReasnCdT>
				<MirRtCvgMeReasnCdT></MirRtCvgMeReasnCdT>
				<MirRtCvgMeReasnCdT></MirRtCvgMeReasnCdT>
				<MirRtCvgMeReasnCdT></MirRtCvgMeReasnCdT>
				<MirRtCvgMeReasnCdT></MirRtCvgMeReasnCdT>
				<MirRtCvgMeReasnCdT></MirRtCvgMeReasnCdT>
				<MirRtCvgMeReasnCdT></MirRtCvgMeReasnCdT>
				<MirRtCvgMeReasnCdT></MirRtCvgMeReasnCdT>
				<MirRtCvgMeReasnCdT></MirRtCvgMeReasnCdT>
				<MirRtCvgMeReasnCdT></MirRtCvgMeReasnCdT>
				<MirRtCvgMeReasnCdT></MirRtCvgMeReasnCdT>
				<MirRtCvgMeReasnCdT></MirRtCvgMeReasnCdT>
				<MirRtCvgMeReasnCdT></MirRtCvgMeReasnCdT>
			</MirRtCvgMeReasnCdG>
			<MirRtCvgRtAgeG>
				<MirRtCvgRtAgeT></MirRtCvgRtAgeT>
				<MirRtCvgRtAgeT></MirRtCvgRtAgeT>
				<MirRtCvgRtAgeT></MirRtCvgRtAgeT>
				<MirRtCvgRtAgeT></MirRtCvgRtAgeT>
				<MirRtCvgRtAgeT></MirRtCvgRtAgeT>
				<MirRtCvgRtAgeT></MirRtCvgRtAgeT>
				<MirRtCvgRtAgeT></MirRtCvgRtAgeT>
				<MirRtCvgRtAgeT></MirRtCvgRtAgeT>
				<MirRtCvgRtAgeT></MirRtCvgRtAgeT>
				<MirRtCvgRtAgeT></MirRtCvgRtAgeT>
				<MirRtCvgRtAgeT></MirRtCvgRtAgeT>
				<MirRtCvgRtAgeT></MirRtCvgRtAgeT>
				<MirRtCvgRtAgeT></MirRtCvgRtAgeT>
				<MirRtCvgRtAgeT></MirRtCvgRtAgeT>
				<MirRtCvgRtAgeT></MirRtCvgRtAgeT>
				<MirRtCvgRtAgeT></MirRtCvgRtAgeT>
				<MirRtCvgRtAgeT></MirRtCvgRtAgeT>
				<MirRtCvgRtAgeT></MirRtCvgRtAgeT>
				<MirRtCvgRtAgeT></MirRtCvgRtAgeT>
				<MirRtCvgRtAgeT></MirRtCvgRtAgeT>
			</MirRtCvgRtAgeG>
			<MirRtCvgMeRatCdG>
				<MirRtCvgMeRatCdT></MirRtCvgMeRatCdT>
				<MirRtCvgMeRatCdT></MirRtCvgMeRatCdT>
				<MirRtCvgMeRatCdT></MirRtCvgMeRatCdT>
				<MirRtCvgMeRatCdT></MirRtCvgMeRatCdT>
				<MirRtCvgMeRatCdT></MirRtCvgMeRatCdT>
				<MirRtCvgMeRatCdT></MirRtCvgMeRatCdT>
				<MirRtCvgMeRatCdT></MirRtCvgMeRatCdT>
				<MirRtCvgMeRatCdT></MirRtCvgMeRatCdT>
				<MirRtCvgMeRatCdT></MirRtCvgMeRatCdT>
				<MirRtCvgMeRatCdT></MirRtCvgMeRatCdT>
				<MirRtCvgMeRatCdT></MirRtCvgMeRatCdT>
				<MirRtCvgMeRatCdT></MirRtCvgMeRatCdT>
				<MirRtCvgMeRatCdT></MirRtCvgMeRatCdT>
				<MirRtCvgMeRatCdT></MirRtCvgMeRatCdT>
				<MirRtCvgMeRatCdT></MirRtCvgMeRatCdT>
				<MirRtCvgMeRatCdT></MirRtCvgMeRatCdT>
				<MirRtCvgMeRatCdT></MirRtCvgMeRatCdT>
				<MirRtCvgMeRatCdT></MirRtCvgMeRatCdT>
				<MirRtCvgMeRatCdT></MirRtCvgMeRatCdT>
				<MirRtCvgMeRatCdT></MirRtCvgMeRatCdT>
			</MirRtCvgMeRatCdG>
			<MirPvDvMaxLoanAmt></MirPvDvMaxLoanAmt>
			<MirPvDvPolCsvAmt></MirPvDvPolCsvAmt>
			<MirPvDvLoanAmt></MirPvDvLoanAmt>
			<MirPvDvMcvCsvAmt></MirPvDvMcvCsvAmt>
			<MirPvLoanIntPct></MirPvLoanIntPct>
			<MirPvPolDivOptCd></MirPvPolDivOptCd>
			<MirPvDvPrevDivYrQty></MirPvDvPrevDivYrQty>
			<MirPvDivDclrDurAmt></MirPvDivDclrDurAmt>
			<MirPvPolDodAcumAmt></MirPvPolDodAcumAmt>
			<MirPvPolDodIntRt></MirPvPolDodIntRt>
			<MirPvDvAnnvPyrQty></MirPvDvAnnvPyrQty>
			<MirPvPuaLtdFaceAmt></MirPvPuaLtdFaceAmt>
			<MirPvPuaYtdFaceAmt></MirPvPuaYtdFaceAmt>
			<MirAfdPolAeFndAmt></MirAfdPolAeFndAmt>
			<MirAfdPolAeFndIntAmt></MirAfdPolAeFndIntAmt>
			<MirAfdCvgOrigPlanId></MirAfdCvgOrigPlanId>
			<MirAfdPolAeLstWthdrDt></MirAfdPolAeLstWthdrDt>
			<MirAfdPolAeLstWthdrAmt></MirAfdPolAeLstWthdrAmt>
			<MirAfdDvLoanBal></MirAfdDvLoanBal>
			<MirAfdCdiPayoOptCd></MirAfdCdiPayoOptCd>
			<MirOpiPolNfoCd></MirOpiPolNfoCd>
			<MirOpiPolReinsCd></MirOpiPolReinsCd>
			<MirOpiPolComntTxt></MirOpiPolComntTxt>
			<MirOpiPolReinsFaceAmt></MirOpiPolReinsFaceAmt>
			<MirOpiPolReinsAdbFaceAmt></MirOpiPolReinsAdbFaceAmt>
			<MirOpiPolReinsSndryAmt></MirOpiPolReinsSndryAmt>
			<MirOpiPolUlShrtAmt></MirOpiPolUlShrtAmt>
			<MirOpiUlLapsNotiAmt></MirOpiUlLapsNotiAmt>
			<MirOpiUlLapsStrtDt></MirOpiUlLapsStrtDt>
			<MirOpiCoiReinAmt></MirOpiCoiReinAmt>
			<MirOpiPolAppReinstDt></MirOpiPolAppReinstDt>
			<MirOpiAgtIdG>
				<MirOpiAgtIdT></MirOpiAgtIdT>
				<MirOpiAgtIdT></MirOpiAgtIdT>
				<MirOpiAgtIdT></MirOpiAgtIdT>
			</MirOpiAgtIdG>
			<MirOpiDvAgtCliNmG>
				<MirOpiDvAgtCliNmT></MirOpiDvAgtCliNmT>
				<MirOpiDvAgtCliNmT></MirOpiDvAgtCliNmT>
				<MirOpiDvAgtCliNmT></MirOpiDvAgtCliNmT>
			</MirOpiDvAgtCliNmG>
			<MirOpiBrIdG>
				<MirOpiBrIdT></MirOpiBrIdT>
				<MirOpiBrIdT></MirOpiBrIdT>
				<MirOpiBrIdT></MirOpiBrIdT>
			</MirOpiBrIdG>
			<MirOpiAgtStatCdG>
				<MirOpiAgtStatCdT></MirOpiAgtStatCdT>
				<MirOpiAgtStatCdT></MirOpiAgtStatCdT>
				<MirOpiAgtStatCdT></MirOpiAgtStatCdT>
			</MirOpiAgtStatCdG>
			<MirOpiPolAgtShrPctG>
				<MirOpiPolAgtShrPctT></MirOpiPolAgtShrPctT>
				<MirOpiPolAgtShrPctT></MirOpiPolAgtShrPctT>
				<MirOpiPolAgtShrPctT></MirOpiPolAgtShrPctT>
			</MirOpiPolAgtShrPctG>
			<MirOpiBrIdG>
				<MirOpiBrIdCdOnlyT></MirOpiBrIdCdOnlyT>
				<MirOpiBrIdCdOnlyT></MirOpiBrIdCdOnlyT>
				<MirOpiBrIdCdOnlyT></MirOpiBrIdCdOnlyT>
			</MirOpiBrIdG>
			<MirOpiPolAppRecvDt></MirOpiPolAppRecvDt>
			<MirOpiPolAppSignDt></MirOpiPolAppSignDt>
			<MirPdPolPremSuspAmt></MirPdPolPremSuspAmt>
			<MirPdPolMiscSuspAmt></MirPdPolMiscSuspAmt>
			<MirPdPolOsDisbAmt></MirPdPolOsDisbAmt>
			<MirPdPolOsDisbDt></MirPdPolOsDisbDt>
			<MirPdPolMiscSuspDt></MirPdPolMiscSuspDt>
			<MirPdPolPdfSuspAmt></MirPdPolPdfSuspAmt>
			<MirPdPolPdfSuspDt></MirPdPolPdfSuspDt>
			<MirPdPolPremSuspDt></MirPdPolPremSuspDt>
			<MirObiDvPayrCliId></MirObiDvPayrCliId>
			<MirObiDvPayrCliNm></MirObiDvPayrCliNm>
			<MirObiDvPayrSubCd></MirObiDvPayrSubCd>
			<MirObiDvPayrAddrCd></MirObiDvPayrAddrCd>
			<MirObiDvLbillCliId></MirObiDvLbillCliId>
			<MirObiDvLbillCliNm></MirObiDvLbillCliNm>
			<MirObiDvLbillSubCd></MirObiDvLbillSubCd>
			<MirObiDvLbillAddrCd></MirObiDvLbillAddrCd>
			<MirObiPolRbillCd></MirObiPolRbillCd>
			<MirObiRbillDeptId></MirObiRbillDeptId>
			<MirObiRbillUserId></MirObiRbillUserId>
			<MirObiRbillEndDt></MirObiRbillEndDt>
			<MirObiRbillMisc1Cd></MirObiRbillMisc1Cd>
			<MirObiRbillMisc2Cd></MirObiRbillMisc2Cd>
			<MirBiCvgNumG>
				<MirBiCvgNumT></MirBiCvgNumT>
				<MirBiCvgNumT></MirBiCvgNumT>
				<MirBiCvgNumT></MirBiCvgNumT>
				<MirBiCvgNumT></MirBiCvgNumT>
				<MirBiCvgNumT></MirBiCvgNumT>
				<MirBiCvgNumT></MirBiCvgNumT>
				<MirBiCvgNumT></MirBiCvgNumT>
				<MirBiCvgNumT></MirBiCvgNumT>
				<MirBiCvgNumT></MirBiCvgNumT>
				<MirBiCvgNumT></MirBiCvgNumT>
				<MirBiCvgNumT></MirBiCvgNumT>
				<MirBiCvgNumT></MirBiCvgNumT>
				<MirBiCvgNumT></MirBiCvgNumT>
				<MirBiCvgNumT></MirBiCvgNumT>
				<MirBiCvgNumT></MirBiCvgNumT>
				<MirBiCvgNumT></MirBiCvgNumT>
				<MirBiCvgNumT></MirBiCvgNumT>
				<MirBiCvgNumT></MirBiCvgNumT>
				<MirBiCvgNumT></MirBiCvgNumT>
				<MirBiCvgNumT></MirBiCvgNumT>
				<MirBiCvgNumT></MirBiCvgNumT>
				<MirBiCvgNumT></MirBiCvgNumT>
				<MirBiCvgNumT></MirBiCvgNumT>
				<MirBiCvgNumT></MirBiCvgNumT>
				<MirBiCvgNumT></MirBiCvgNumT>
				<MirBiCvgNumT></MirBiCvgNumT>
				<MirBiCvgNumT></MirBiCvgNumT>
				<MirBiCvgNumT></MirBiCvgNumT>
				<MirBiCvgNumT></MirBiCvgNumT>
				<MirBiCvgNumT></MirBiCvgNumT>
				<MirBiCvgNumT></MirBiCvgNumT>
				<MirBiCvgNumT></MirBiCvgNumT>
				<MirBiCvgNumT></MirBiCvgNumT>
				<MirBiCvgNumT></MirBiCvgNumT>
				<MirBiCvgNumT></MirBiCvgNumT>
				<MirBiCvgNumT></MirBiCvgNumT>
				<MirBiCvgNumT></MirBiCvgNumT>
				<MirBiCvgNumT></MirBiCvgNumT>
				<MirBiCvgNumT></MirBiCvgNumT>
				<MirBiCvgNumT></MirBiCvgNumT>
				<MirBiCvgNumT></MirBiCvgNumT>
				<MirBiCvgNumT></MirBiCvgNumT>
				<MirBiCvgNumT></MirBiCvgNumT>
				<MirBiCvgNumT></MirBiCvgNumT>
				<MirBiCvgNumT></MirBiCvgNumT>
				<MirBiCvgNumT></MirBiCvgNumT>
				<MirBiCvgNumT></MirBiCvgNumT>
				<MirBiCvgNumT></MirBiCvgNumT>
			</MirBiCvgNumG>
			<MirBiSeqNumG>
				<MirBiSeqNumT></MirBiSeqNumT>
				<MirBiSeqNumT></MirBiSeqNumT>
				<MirBiSeqNumT></MirBiSeqNumT>
				<MirBiSeqNumT></MirBiSeqNumT>
				<MirBiSeqNumT></MirBiSeqNumT>
				<MirBiSeqNumT></MirBiSeqNumT>
				<MirBiSeqNumT></MirBiSeqNumT>
				<MirBiSeqNumT></MirBiSeqNumT>
				<MirBiSeqNumT></MirBiSeqNumT>
				<MirBiSeqNumT></MirBiSeqNumT>
				<MirBiSeqNumT></MirBiSeqNumT>
				<MirBiSeqNumT></MirBiSeqNumT>
				<MirBiSeqNumT></MirBiSeqNumT>
				<MirBiSeqNumT></MirBiSeqNumT>
				<MirBiSeqNumT></MirBiSeqNumT>
				<MirBiSeqNumT></MirBiSeqNumT>
				<MirBiSeqNumT></MirBiSeqNumT>
				<MirBiSeqNumT></MirBiSeqNumT>
				<MirBiSeqNumT></MirBiSeqNumT>
				<MirBiSeqNumT></MirBiSeqNumT>
				<MirBiSeqNumT></MirBiSeqNumT>
				<MirBiSeqNumT></MirBiSeqNumT>
				<MirBiSeqNumT></MirBiSeqNumT>
				<MirBiSeqNumT></MirBiSeqNumT>
				<MirBiSeqNumT></MirBiSeqNumT>
				<MirBiSeqNumT></MirBiSeqNumT>
				<MirBiSeqNumT></MirBiSeqNumT>
				<MirBiSeqNumT></MirBiSeqNumT>
				<MirBiSeqNumT></MirBiSeqNumT>
				<MirBiSeqNumT></MirBiSeqNumT>
				<MirBiSeqNumT></MirBiSeqNumT>
				<MirBiSeqNumT></MirBiSeqNumT>
				<MirBiSeqNumT></MirBiSeqNumT>
				<MirBiSeqNumT></MirBiSeqNumT>
				<MirBiSeqNumT></MirBiSeqNumT>
				<MirBiSeqNumT></MirBiSeqNumT>
				<MirBiSeqNumT></MirBiSeqNumT>
				<MirBiSeqNumT></MirBiSeqNumT>
				<MirBiSeqNumT></MirBiSeqNumT>
				<MirBiSeqNumT></MirBiSeqNumT>
				<MirBiSeqNumT></MirBiSeqNumT>
				<MirBiSeqNumT></MirBiSeqNumT>
				<MirBiSeqNumT></MirBiSeqNumT>
				<MirBiSeqNumT></MirBiSeqNumT>
				<MirBiSeqNumT></MirBiSeqNumT>
				<MirBiSeqNumT></MirBiSeqNumT>
				<MirBiSeqNumT></MirBiSeqNumT>
				<MirBiSeqNumT></MirBiSeqNumT>
			</MirBiSeqNumG>
			<MirBiBnfyPrcedsG>
				<MirBiBnfyPrcedsT></MirBiBnfyPrcedsT>
				<MirBiBnfyPrcedsT></MirBiBnfyPrcedsT>
				<MirBiBnfyPrcedsT></MirBiBnfyPrcedsT>
				<MirBiBnfyPrcedsT></MirBiBnfyPrcedsT>
				<MirBiBnfyPrcedsT></MirBiBnfyPrcedsT>
				<MirBiBnfyPrcedsT></MirBiBnfyPrcedsT>
				<MirBiBnfyPrcedsT></MirBiBnfyPrcedsT>
				<MirBiBnfyPrcedsT></MirBiBnfyPrcedsT>
				<MirBiBnfyPrcedsT></MirBiBnfyPrcedsT>
				<MirBiBnfyPrcedsT></MirBiBnfyPrcedsT>
				<MirBiBnfyPrcedsT></MirBiBnfyPrcedsT>
				<MirBiBnfyPrcedsT></MirBiBnfyPrcedsT>
				<MirBiBnfyPrcedsT></MirBiBnfyPrcedsT>
				<MirBiBnfyPrcedsT></MirBiBnfyPrcedsT>
				<MirBiBnfyPrcedsT></MirBiBnfyPrcedsT>
				<MirBiBnfyPrcedsT></MirBiBnfyPrcedsT>
				<MirBiBnfyPrcedsT></MirBiBnfyPrcedsT>
				<MirBiBnfyPrcedsT></MirBiBnfyPrcedsT>
				<MirBiBnfyPrcedsT></MirBiBnfyPrcedsT>
				<MirBiBnfyPrcedsT></MirBiBnfyPrcedsT>
				<MirBiBnfyPrcedsT></MirBiBnfyPrcedsT>
				<MirBiBnfyPrcedsT></MirBiBnfyPrcedsT>
				<MirBiBnfyPrcedsT></MirBiBnfyPrcedsT>
				<MirBiBnfyPrcedsT></MirBiBnfyPrcedsT>
				<MirBiBnfyPrcedsT></MirBiBnfyPrcedsT>
				<MirBiBnfyPrcedsT></MirBiBnfyPrcedsT>
				<MirBiBnfyPrcedsT></MirBiBnfyPrcedsT>
				<MirBiBnfyPrcedsT></MirBiBnfyPrcedsT>
				<MirBiBnfyPrcedsT></MirBiBnfyPrcedsT>
				<MirBiBnfyPrcedsT></MirBiBnfyPrcedsT>
				<MirBiBnfyPrcedsT></MirBiBnfyPrcedsT>
				<MirBiBnfyPrcedsT></MirBiBnfyPrcedsT>
				<MirBiBnfyPrcedsT></MirBiBnfyPrcedsT>
				<MirBiBnfyPrcedsT></MirBiBnfyPrcedsT>
				<MirBiBnfyPrcedsT></MirBiBnfyPrcedsT>
				<MirBiBnfyPrcedsT></MirBiBnfyPrcedsT>
				<MirBiBnfyPrcedsT></MirBiBnfyPrcedsT>
				<MirBiBnfyPrcedsT></MirBiBnfyPrcedsT>
				<MirBiBnfyPrcedsT></MirBiBnfyPrcedsT>
				<MirBiBnfyPrcedsT></MirBiBnfyPrcedsT>
				<MirBiBnfyPrcedsT></MirBiBnfyPrcedsT>
				<MirBiBnfyPrcedsT></MirBiBnfyPrcedsT>
				<MirBiBnfyPrcedsT></MirBiBnfyPrcedsT>
				<MirBiBnfyPrcedsT></MirBiBnfyPrcedsT>
				<MirBiBnfyPrcedsT></MirBiBnfyPrcedsT>
				<MirBiBnfyPrcedsT></MirBiBnfyPrcedsT>
				<MirBiBnfyPrcedsT></MirBiBnfyPrcedsT>
				<MirBiBnfyPrcedsT></MirBiBnfyPrcedsT>
			</MirBiBnfyPrcedsG>
			<MirBiBnfyDesgntCdG>
				<MirBiBnfyDesgntT></MirBiBnfyDesgntT>
				<MirBiBnfyDesgntT></MirBiBnfyDesgntT>
				<MirBiBnfyDesgntT></MirBiBnfyDesgntT>
				<MirBiBnfyDesgntT></MirBiBnfyDesgntT>
				<MirBiBnfyDesgntT></MirBiBnfyDesgntT>
				<MirBiBnfyDesgntT></MirBiBnfyDesgntT>
				<MirBiBnfyDesgntT></MirBiBnfyDesgntT>
				<MirBiBnfyDesgntT></MirBiBnfyDesgntT>
				<MirBiBnfyDesgntT></MirBiBnfyDesgntT>
				<MirBiBnfyDesgntT></MirBiBnfyDesgntT>
				<MirBiBnfyDesgntT></MirBiBnfyDesgntT>
				<MirBiBnfyDesgntT></MirBiBnfyDesgntT>
				<MirBiBnfyDesgntT></MirBiBnfyDesgntT>
				<MirBiBnfyDesgntT></MirBiBnfyDesgntT>
				<MirBiBnfyDesgntT></MirBiBnfyDesgntT>
				<MirBiBnfyDesgntT></MirBiBnfyDesgntT>
				<MirBiBnfyDesgntT></MirBiBnfyDesgntT>
				<MirBiBnfyDesgntT></MirBiBnfyDesgntT>
				<MirBiBnfyDesgntT></MirBiBnfyDesgntT>
				<MirBiBnfyDesgntT></MirBiBnfyDesgntT>
				<MirBiBnfyDesgntT></MirBiBnfyDesgntT>
				<MirBiBnfyDesgntT></MirBiBnfyDesgntT>
				<MirBiBnfyDesgntT></MirBiBnfyDesgntT>
				<MirBiBnfyDesgntT></MirBiBnfyDesgntT>
				<MirBiBnfyDesgntT></MirBiBnfyDesgntT>
				<MirBiBnfyDesgntT></MirBiBnfyDesgntT>
				<MirBiBnfyDesgntT></MirBiBnfyDesgntT>
				<MirBiBnfyDesgntT></MirBiBnfyDesgntT>
				<MirBiBnfyDesgntT></MirBiBnfyDesgntT>
				<MirBiBnfyDesgntT></MirBiBnfyDesgntT>
				<MirBiBnfyDesgntT></MirBiBnfyDesgntT>
				<MirBiBnfyDesgntT></MirBiBnfyDesgntT>
				<MirBiBnfyDesgntT></MirBiBnfyDesgntT>
				<MirBiBnfyDesgntT></MirBiBnfyDesgntT>
				<MirBiBnfyDesgntT></MirBiBnfyDesgntT>
				<MirBiBnfyDesgntT></MirBiBnfyDesgntT>
				<MirBiBnfyDesgntT></MirBiBnfyDesgntT>
				<MirBiBnfyDesgntT></MirBiBnfyDesgntT>
				<MirBiBnfyDesgntT></MirBiBnfyDesgntT>
				<MirBiBnfyDesgntT></MirBiBnfyDesgntT>
				<MirBiBnfyDesgntT></MirBiBnfyDesgntT>
				<MirBiBnfyDesgntT></MirBiBnfyDesgntT>
				<MirBiBnfyDesgntT></MirBiBnfyDesgntT>
				<MirBiBnfyDesgntT></MirBiBnfyDesgntT>
				<MirBiBnfyDesgntT></MirBiBnfyDesgntT>
				<MirBiBnfyDesgntT></MirBiBnfyDesgntT>
				<MirBiBnfyDesgntT></MirBiBnfyDesgntT>
				<MirBiBnfyDesgntT></MirBiBnfyDesgntT>
			</MirBiBnfyDesgntCdG>
			<MirBiBnfyNmeG>
				<MirBiBnfyNmeT></MirBiBnfyNmeT>
				<MirBiBnfyNmeT></MirBiBnfyNmeT>
				<MirBiBnfyNmeT></MirBiBnfyNmeT>
				<MirBiBnfyNmeT></MirBiBnfyNmeT>
				<MirBiBnfyNmeT></MirBiBnfyNmeT>
				<MirBiBnfyNmeT></MirBiBnfyNmeT>
				<MirBiBnfyNmeT></MirBiBnfyNmeT>
				<MirBiBnfyNmeT></MirBiBnfyNmeT>
				<MirBiBnfyNmeT></MirBiBnfyNmeT>
				<MirBiBnfyNmeT></MirBiBnfyNmeT>
				<MirBiBnfyNmeT></MirBiBnfyNmeT>
				<MirBiBnfyNmeT></MirBiBnfyNmeT>
				<MirBiBnfyNmeT></MirBiBnfyNmeT>
				<MirBiBnfyNmeT></MirBiBnfyNmeT>
				<MirBiBnfyNmeT></MirBiBnfyNmeT>
				<MirBiBnfyNmeT></MirBiBnfyNmeT>
				<MirBiBnfyNmeT></MirBiBnfyNmeT>
				<MirBiBnfyNmeT></MirBiBnfyNmeT>
				<MirBiBnfyNmeT></MirBiBnfyNmeT>
				<MirBiBnfyNmeT></MirBiBnfyNmeT>
				<MirBiBnfyNmeT></MirBiBnfyNmeT>
				<MirBiBnfyNmeT></MirBiBnfyNmeT>
				<MirBiBnfyNmeT></MirBiBnfyNmeT>
				<MirBiBnfyNmeT></MirBiBnfyNmeT>
				<MirBiBnfyNmeT></MirBiBnfyNmeT>
				<MirBiBnfyNmeT></MirBiBnfyNmeT>
				<MirBiBnfyNmeT></MirBiBnfyNmeT>
				<MirBiBnfyNmeT></MirBiBnfyNmeT>
				<MirBiBnfyNmeT></MirBiBnfyNmeT>
				<MirBiBnfyNmeT></MirBiBnfyNmeT>
				<MirBiBnfyNmeT></MirBiBnfyNmeT>
				<MirBiBnfyNmeT></MirBiBnfyNmeT>
				<MirBiBnfyNmeT></MirBiBnfyNmeT>
				<MirBiBnfyNmeT></MirBiBnfyNmeT>
				<MirBiBnfyNmeT></MirBiBnfyNmeT>
				<MirBiBnfyNmeT></MirBiBnfyNmeT>
				<MirBiBnfyNmeT></MirBiBnfyNmeT>
				<MirBiBnfyNmeT></MirBiBnfyNmeT>
				<MirBiBnfyNmeT></MirBiBnfyNmeT>
				<MirBiBnfyNmeT></MirBiBnfyNmeT>
				<MirBiBnfyNmeT></MirBiBnfyNmeT>
				<MirBiBnfyNmeT></MirBiBnfyNmeT>
				<MirBiBnfyNmeT></MirBiBnfyNmeT>
				<MirBiBnfyNmeT></MirBiBnfyNmeT>
				<MirBiBnfyNmeT></MirBiBnfyNmeT>
				<MirBiBnfyNmeT></MirBiBnfyNmeT>
				<MirBiBnfyNmeT></MirBiBnfyNmeT>
				<MirBiBnfyNmeT></MirBiBnfyNmeT>
			</MirBiBnfyNmeG>
			<MirBiBnfyBrthdtG>
				<MirBiBnfyBrthdtT></MirBiBnfyBrthdtT>
				<MirBiBnfyBrthdtT></MirBiBnfyBrthdtT>
				<MirBiBnfyBrthdtT></MirBiBnfyBrthdtT>
				<MirBiBnfyBrthdtT></MirBiBnfyBrthdtT>
				<MirBiBnfyBrthdtT></MirBiBnfyBrthdtT>
				<MirBiBnfyBrthdtT></MirBiBnfyBrthdtT>
				<MirBiBnfyBrthdtT></MirBiBnfyBrthdtT>
				<MirBiBnfyBrthdtT></MirBiBnfyBrthdtT>
				<MirBiBnfyBrthdtT></MirBiBnfyBrthdtT>
				<MirBiBnfyBrthdtT></MirBiBnfyBrthdtT>
				<MirBiBnfyBrthdtT></MirBiBnfyBrthdtT>
				<MirBiBnfyBrthdtT></MirBiBnfyBrthdtT>
				<MirBiBnfyBrthdtT></MirBiBnfyBrthdtT>
				<MirBiBnfyBrthdtT></MirBiBnfyBrthdtT>
				<MirBiBnfyBrthdtT></MirBiBnfyBrthdtT>
				<MirBiBnfyBrthdtT></MirBiBnfyBrthdtT>
				<MirBiBnfyBrthdtT></MirBiBnfyBrthdtT>
				<MirBiBnfyBrthdtT></MirBiBnfyBrthdtT>
				<MirBiBnfyBrthdtT></MirBiBnfyBrthdtT>
				<MirBiBnfyBrthdtT></MirBiBnfyBrthdtT>
				<MirBiBnfyBrthdtT></MirBiBnfyBrthdtT>
				<MirBiBnfyBrthdtT></MirBiBnfyBrthdtT>
				<MirBiBnfyBrthdtT></MirBiBnfyBrthdtT>
				<MirBiBnfyBrthdtT></MirBiBnfyBrthdtT>
				<MirBiBnfyBrthdtT></MirBiBnfyBrthdtT>
				<MirBiBnfyBrthdtT></MirBiBnfyBrthdtT>
				<MirBiBnfyBrthdtT></MirBiBnfyBrthdtT>
				<MirBiBnfyBrthdtT></MirBiBnfyBrthdtT>
				<MirBiBnfyBrthdtT></MirBiBnfyBrthdtT>
				<MirBiBnfyBrthdtT></MirBiBnfyBrthdtT>
				<MirBiBnfyBrthdtT></MirBiBnfyBrthdtT>
				<MirBiBnfyBrthdtT></MirBiBnfyBrthdtT>
				<MirBiBnfyBrthdtT></MirBiBnfyBrthdtT>
				<MirBiBnfyBrthdtT></MirBiBnfyBrthdtT>
				<MirBiBnfyBrthdtT></MirBiBnfyBrthdtT>
				<MirBiBnfyBrthdtT></MirBiBnfyBrthdtT>
				<MirBiBnfyBrthdtT></MirBiBnfyBrthdtT>
				<MirBiBnfyBrthdtT></MirBiBnfyBrthdtT>
				<MirBiBnfyBrthdtT></MirBiBnfyBrthdtT>
				<MirBiBnfyBrthdtT></MirBiBnfyBrthdtT>
				<MirBiBnfyBrthdtT></MirBiBnfyBrthdtT>
				<MirBiBnfyBrthdtT></MirBiBnfyBrthdtT>
				<MirBiBnfyBrthdtT></MirBiBnfyBrthdtT>
				<MirBiBnfyBrthdtT></MirBiBnfyBrthdtT>
				<MirBiBnfyBrthdtT></MirBiBnfyBrthdtT>
				<MirBiBnfyBrthdtT></MirBiBnfyBrthdtT>
				<MirBiBnfyBrthdtT></MirBiBnfyBrthdtT>
				<MirBiBnfyBrthdtT></MirBiBnfyBrthdtT>
			</MirBiBnfyBrthdtG>
			<MirBiBnfyRelinsG>
				<MirBiBnfyRelinsT></MirBiBnfyRelinsT>
				<MirBiBnfyRelinsT></MirBiBnfyRelinsT>
				<MirBiBnfyRelinsT></MirBiBnfyRelinsT>
				<MirBiBnfyRelinsT></MirBiBnfyRelinsT>
				<MirBiBnfyRelinsT></MirBiBnfyRelinsT>
				<MirBiBnfyRelinsT></MirBiBnfyRelinsT>
				<MirBiBnfyRelinsT></MirBiBnfyRelinsT>
				<MirBiBnfyRelinsT></MirBiBnfyRelinsT>
				<MirBiBnfyRelinsT></MirBiBnfyRelinsT>
				<MirBiBnfyRelinsT></MirBiBnfyRelinsT>
				<MirBiBnfyRelinsT></MirBiBnfyRelinsT>
				<MirBiBnfyRelinsT></MirBiBnfyRelinsT>
				<MirBiBnfyRelinsT></MirBiBnfyRelinsT>
				<MirBiBnfyRelinsT></MirBiBnfyRelinsT>
				<MirBiBnfyRelinsT></MirBiBnfyRelinsT>
				<MirBiBnfyRelinsT></MirBiBnfyRelinsT>
				<MirBiBnfyRelinsT></MirBiBnfyRelinsT>
				<MirBiBnfyRelinsT></MirBiBnfyRelinsT>
				<MirBiBnfyRelinsT></MirBiBnfyRelinsT>
				<MirBiBnfyRelinsT></MirBiBnfyRelinsT>
				<MirBiBnfyRelinsT></MirBiBnfyRelinsT>
				<MirBiBnfyRelinsT></MirBiBnfyRelinsT>
				<MirBiBnfyRelinsT></MirBiBnfyRelinsT>
				<MirBiBnfyRelinsT></MirBiBnfyRelinsT>
				<MirBiBnfyRelinsT></MirBiBnfyRelinsT>
				<MirBiBnfyRelinsT></MirBiBnfyRelinsT>
				<MirBiBnfyRelinsT></MirBiBnfyRelinsT>
				<MirBiBnfyRelinsT></MirBiBnfyRelinsT>
				<MirBiBnfyRelinsT></MirBiBnfyRelinsT>
				<MirBiBnfyRelinsT></MirBiBnfyRelinsT>
				<MirBiBnfyRelinsT></MirBiBnfyRelinsT>
				<MirBiBnfyRelinsT></MirBiBnfyRelinsT>
				<MirBiBnfyRelinsT></MirBiBnfyRelinsT>
				<MirBiBnfyRelinsT></MirBiBnfyRelinsT>
				<MirBiBnfyRelinsT></MirBiBnfyRelinsT>
				<MirBiBnfyRelinsT></MirBiBnfyRelinsT>
				<MirBiBnfyRelinsT></MirBiBnfyRelinsT>
				<MirBiBnfyRelinsT></MirBiBnfyRelinsT>
				<MirBiBnfyRelinsT></MirBiBnfyRelinsT>
				<MirBiBnfyRelinsT></MirBiBnfyRelinsT>
				<MirBiBnfyRelinsT></MirBiBnfyRelinsT>
				<MirBiBnfyRelinsT></MirBiBnfyRelinsT>
				<MirBiBnfyRelinsT></MirBiBnfyRelinsT>
				<MirBiBnfyRelinsT></MirBiBnfyRelinsT>
				<MirBiBnfyRelinsT></MirBiBnfyRelinsT>
				<MirBiBnfyRelinsT></MirBiBnfyRelinsT>
				<MirBiBnfyRelinsT></MirBiBnfyRelinsT>
				<MirBiBnfyRelinsT></MirBiBnfyRelinsT>
			</MirBiBnfyRelinsG>
			<MirBiBnfyTypG>
				<MirBiBnfyTypT></MirBiBnfyTypT>
				<MirBiBnfyTypT></MirBiBnfyTypT>
				<MirBiBnfyTypT></MirBiBnfyTypT>
				<MirBiBnfyTypT></MirBiBnfyTypT>
				<MirBiBnfyTypT></MirBiBnfyTypT>
				<MirBiBnfyTypT></MirBiBnfyTypT>
				<MirBiBnfyTypT></MirBiBnfyTypT>
				<MirBiBnfyTypT></MirBiBnfyTypT>
				<MirBiBnfyTypT></MirBiBnfyTypT>
				<MirBiBnfyTypT></MirBiBnfyTypT>
				<MirBiBnfyTypT></MirBiBnfyTypT>
				<MirBiBnfyTypT></MirBiBnfyTypT>
				<MirBiBnfyTypT></MirBiBnfyTypT>
				<MirBiBnfyTypT></MirBiBnfyTypT>
				<MirBiBnfyTypT></MirBiBnfyTypT>
				<MirBiBnfyTypT></MirBiBnfyTypT>
				<MirBiBnfyTypT></MirBiBnfyTypT>
				<MirBiBnfyTypT></MirBiBnfyTypT>
				<MirBiBnfyTypT></MirBiBnfyTypT>
				<MirBiBnfyTypT></MirBiBnfyTypT>
				<MirBiBnfyTypT></MirBiBnfyTypT>
				<MirBiBnfyTypT></MirBiBnfyTypT>
				<MirBiBnfyTypT></MirBiBnfyTypT>
				<MirBiBnfyTypT></MirBiBnfyTypT>
				<MirBiBnfyTypT></MirBiBnfyTypT>
				<MirBiBnfyTypT></MirBiBnfyTypT>
				<MirBiBnfyTypT></MirBiBnfyTypT>
				<MirBiBnfyTypT></MirBiBnfyTypT>
				<MirBiBnfyTypT></MirBiBnfyTypT>
				<MirBiBnfyTypT></MirBiBnfyTypT>
				<MirBiBnfyTypT></MirBiBnfyTypT>
				<MirBiBnfyTypT></MirBiBnfyTypT>
				<MirBiBnfyTypT></MirBiBnfyTypT>
				<MirBiBnfyTypT></MirBiBnfyTypT>
				<MirBiBnfyTypT></MirBiBnfyTypT>
				<MirBiBnfyTypT></MirBiBnfyTypT>
				<MirBiBnfyTypT></MirBiBnfyTypT>
				<MirBiBnfyTypT></MirBiBnfyTypT>
				<MirBiBnfyTypT></MirBiBnfyTypT>
				<MirBiBnfyTypT></MirBiBnfyTypT>
				<MirBiBnfyTypT></MirBiBnfyTypT>
				<MirBiBnfyTypT></MirBiBnfyTypT>
				<MirBiBnfyTypT></MirBiBnfyTypT>
				<MirBiBnfyTypT></MirBiBnfyTypT>
				<MirBiBnfyTypT></MirBiBnfyTypT>
				<MirBiBnfyTypT></MirBiBnfyTypT>
				<MirBiBnfyTypT></MirBiBnfyTypT>
				<MirBiBnfyTypT></MirBiBnfyTypT>
			</MirBiBnfyTypG>
			<MirBiBnfyPrcdsPctG>
				<MirBiBnfyPrcdsPctT></MirBiBnfyPrcdsPctT>
				<MirBiBnfyPrcdsPctT></MirBiBnfyPrcdsPctT>
				<MirBiBnfyPrcdsPctT></MirBiBnfyPrcdsPctT>
				<MirBiBnfyPrcdsPctT></MirBiBnfyPrcdsPctT>
				<MirBiBnfyPrcdsPctT></MirBiBnfyPrcdsPctT>
				<MirBiBnfyPrcdsPctT></MirBiBnfyPrcdsPctT>
				<MirBiBnfyPrcdsPctT></MirBiBnfyPrcdsPctT>
				<MirBiBnfyPrcdsPctT></MirBiBnfyPrcdsPctT>
				<MirBiBnfyPrcdsPctT></MirBiBnfyPrcdsPctT>
				<MirBiBnfyPrcdsPctT></MirBiBnfyPrcdsPctT>
				<MirBiBnfyPrcdsPctT></MirBiBnfyPrcdsPctT>
				<MirBiBnfyPrcdsPctT></MirBiBnfyPrcdsPctT>
				<MirBiBnfyPrcdsPctT></MirBiBnfyPrcdsPctT>
				<MirBiBnfyPrcdsPctT></MirBiBnfyPrcdsPctT>
				<MirBiBnfyPrcdsPctT></MirBiBnfyPrcdsPctT>
				<MirBiBnfyPrcdsPctT></MirBiBnfyPrcdsPctT>
				<MirBiBnfyPrcdsPctT></MirBiBnfyPrcdsPctT>
				<MirBiBnfyPrcdsPctT></MirBiBnfyPrcdsPctT>
				<MirBiBnfyPrcdsPctT></MirBiBnfyPrcdsPctT>
				<MirBiBnfyPrcdsPctT></MirBiBnfyPrcdsPctT>
				<MirBiBnfyPrcdsPctT></MirBiBnfyPrcdsPctT>
				<MirBiBnfyPrcdsPctT></MirBiBnfyPrcdsPctT>
				<MirBiBnfyPrcdsPctT></MirBiBnfyPrcdsPctT>
				<MirBiBnfyPrcdsPctT></MirBiBnfyPrcdsPctT>
				<MirBiBnfyPrcdsPctT></MirBiBnfyPrcdsPctT>
				<MirBiBnfyPrcdsPctT></MirBiBnfyPrcdsPctT>
				<MirBiBnfyPrcdsPctT></MirBiBnfyPrcdsPctT>
				<MirBiBnfyPrcdsPctT></MirBiBnfyPrcdsPctT>
				<MirBiBnfyPrcdsPctT></MirBiBnfyPrcdsPctT>
				<MirBiBnfyPrcdsPctT></MirBiBnfyPrcdsPctT>
				<MirBiBnfyPrcdsPctT></MirBiBnfyPrcdsPctT>
				<MirBiBnfyPrcdsPctT></MirBiBnfyPrcdsPctT>
				<MirBiBnfyPrcdsPctT></MirBiBnfyPrcdsPctT>
				<MirBiBnfyPrcdsPctT></MirBiBnfyPrcdsPctT>
				<MirBiBnfyPrcdsPctT></MirBiBnfyPrcdsPctT>
				<MirBiBnfyPrcdsPctT></MirBiBnfyPrcdsPctT>
				<MirBiBnfyPrcdsPctT></MirBiBnfyPrcdsPctT>
				<MirBiBnfyPrcdsPctT></MirBiBnfyPrcdsPctT>
				<MirBiBnfyPrcdsPctT></MirBiBnfyPrcdsPctT>
				<MirBiBnfyPrcdsPctT></MirBiBnfyPrcdsPctT>
				<MirBiBnfyPrcdsPctT></MirBiBnfyPrcdsPctT>
				<MirBiBnfyPrcdsPctT></MirBiBnfyPrcdsPctT>
				<MirBiBnfyPrcdsPctT></MirBiBnfyPrcdsPctT>
				<MirBiBnfyPrcdsPctT></MirBiBnfyPrcdsPctT>
				<MirBiBnfyPrcdsPctT></MirBiBnfyPrcdsPctT>
				<MirBiBnfyPrcdsPctT></MirBiBnfyPrcdsPctT>
				<MirBiBnfyPrcdsPctT></MirBiBnfyPrcdsPctT>
				<MirBiBnfyPrcdsPctT></MirBiBnfyPrcdsPctT>
			</MirBiBnfyPrcdsPctG>
			<MirBiBnfyInstr></MirBiBnfyInstr>
			<MirBiTrsteeNme></MirBiTrsteeNme>
			<MirBiLstUpdtDt></MirBiLstUpdtDt>
			<MirBiLstUpdtUserid></MirBiLstUpdtUserid>
			<MirPvDvValuPuaAmt></MirPvDvValuPuaAmt>
			<MirPvDvLoanRepayAmt></MirPvDvLoanRepayAmt>
			<MirPvDvLoanDscntFct></MirPvDvLoanDscntFct>
			<MirPvDvPolBaseCvAmt></MirPvDvPolBaseCvAmt>
			<MirObiPrevPdToDtNum></MirObiPrevPdToDtNum>
			<MirHiPolMpremAmt></MirHiPolMpremAmt>
			<MirCdPolCvgRecCtr></MirCdPolCvgRecCtr>
			<MirCdCvgXhbtIssDt></MirCdCvgXhbtIssDt>
			<MirCdCvgMatXpryDt></MirCdCvgMatXpryDt>
			<MirCdConnPolId></MirCdConnPolId>
			<MirCdCvgSumInsAmt></MirCdCvgSumInsAmt>
			<MirAsaAgtCntrctStrtDt></MirAsaAgtCntrctStrtDt>
			<MirCdAplClrAmt></MirCdAplClrAmt>
			<MirCdLoanClr1Amt></MirCdLoanClr1Amt>
			<MirPdPolPdfChrgAmt></MirPdPolPdfChrgAmt>
			<MirDv1PolCsvAmt></MirDv1PolCsvAmt>
			<MirPolPdfSuspAmt></MirPolPdfSuspAmt>
			<MirPolInsTypCd></MirPolInsTypCd>
			<MirOwnCliGvNm></MirOwnCliGvNm>
			<MirOwnCliSurNm></MirOwnCliSurNm>
			<MirOwnCliMidInitNm></MirOwnCliMidInitNm>
			<MirInsCliGvNm></MirInsCliGvNm>
			<MirInsCliSurNm></MirInsCliSurNm>
			<MirInsCliMidInitNm></MirInsCliMidInitNm>
			<MirCliCityNmTxt></MirCliCityNmTxt>
			<MirCliCrntLocCd></MirCliCrntLocCd>
			<MirCliCtryCd></MirCliCtryCd>
			<MirCliPstlCd></MirCliPstlCd>
			<MirPoOptCd></MirPoOptCd>
			<MirPoStatCd></MirPoStatCd>
			<MirPoEffDt></MirPoEffDt>
			<MirDvMaxWthdrwDodAmt></MirDvMaxWthdrwDodAmt>
			<MirDvMaxWthdrwPuaFaAmt></MirDvMaxWthdrwPuaFaAmt>
			<MirDvMaxWthdrwPuaCvAmt></MirDvMaxWthdrwPuaCvAmt>
			<MirDvPremRfndAmt></MirDvPremRfndAmt>
			<MirPrevLtdDodAmt></MirPrevLtdDodAmt>
			<MirPrevLtdPuaAmt></MirPrevLtdPuaAmt>
			<MirPolPdfAmt></MirPolPdfAmt>
			<MirPolPdfAvbAmt></MirPolPdfAvbAmt>
			<MirPolPdfIntAmt></MirPolPdfIntAmt>
			<MirPolPdfIntRt></MirPolPdfIntRt>
			<MirPolEnoticeInd></MirPolEnoticeInd>
			<MirAppWthdrQty></MirAppWthdrQty>
			<MirAptIcmCd></MirAptIcmCd>
			<MirAppTypCd></MirAppTypCd>
			<MirPolMatOptCd></MirPolMatOptCd>
			<MirPolTbarLtdAmt></MirPolTbarLtdAmt>
			<MirPolGrsTrstLtdAmt></MirPolGrsTrstLtdAmt>
			<MirPolNetTrstLtdAmt></MirPolNetTrstLtdAmt>
			<MirNavRtEffDt></MirNavRtEffDt>
			<MirNavRt></MirNavRt>
			<MirDvGrsTrstEqtyAmt></MirDvGrsTrstEqtyAmt>
			<MirDvNetTrstEqtyAmt></MirDvNetTrstEqtyAmt>
			<MirPolSmsInd></MirPolSmsInd>
			<MirSpclPdupBonOptCd></MirSpclPdupBonOptCd>
			<MirYrPrevDclr></MirYrPrevDclr>
			<MirPolSbDt>
				<MirPolSbDtYyyy></MirPolSbDtYyyy>
				<MirPolSbDtMm></MirPolSbDtMm>
				<MirPolSbDtDd></MirPolSbDtDd>
			</MirPolSbDt>
			<MirPrevLtdSbUndcAmt></MirPrevLtdSbUndcAmt>
			<MirSbUndcDurAmt></MirSbUndcDurAmt>
			<MirPolSbdUndcAcumAmt></MirPolSbdUndcAcumAmt>
			<MirPolSbUndcIntRt></MirPolSbUndcIntRt>
			<MirPolSbDclrIntRt></MirPolSbDclrIntRt>
			<MirPrevLtdSbDclrAmt></MirPrevLtdSbDclrAmt>
			<MirMaxSbdDclrWthdrAmt></MirMaxSbdDclrWthdrAmt>
			<MirPolSbdDclrAcumAmt></MirPolSbdDclrAcumAmt>
			<MirDvHiCliNm></MirDvHiCliNm>
			<MirDvHiCliId></MirDvHiCliId>
			<MirDvCliGvNm></MirDvCliGvNm>
			<MirDvCliSurNm></MirDvCliSurNm>
			<MirDvCliMidInitNm></MirDvCliMidInitNm>
			<MirPolSmsOrNotifInd></MirPolSmsOrNotifInd>
			<MirPrefMlLocCd></MirPrefMlLocCd>
			<MirPrefMlLocNm></MirPrefMlLocNm>
			<MirAgtBnkCd></MirAgtBnkCd>
			<MirAgtBnkNmTxt></MirAgtBnkNmTxt>
			<MirClmAttAgeNum></MirClmAttAgeNum>
			<MirClmAttAgeNumN></MirClmAttAgeNumN>
			<MirCiClmStatCd></MirCiClmStatCd>
			<MirPolEorNotifInd></MirPolEorNotifInd>
			<MirInsrdCliAtainAge></MirInsrdCliAtainAge>
			<MirNarEvdnInd></MirNarEvdnInd>
			<MirNarEffDt></MirNarEffDt>
			<MirNarFormInd></MirNarFormInd>
			<MirNarRecvDt></MirNarRecvDt>
			<MirNarAprovDt></MirNarAprovDt>
			<MirNarAprovReasnCd></MirNarAprovReasnCd>
			<MirAprovUserId></MirAprovUserId>
			<MirNarDclnDt></MirNarDclnDt>
			<MirDclnReasnCd></MirDclnReasnCd>
			<MirDclnUserId></MirDclnUserId>
			<MirNarUwAmt></MirNarUwAmt>
			<MirNarRunUwAmt></MirNarRunUwAmt>
			<MirCliTotNarAmt></MirCliTotNarAmt>
			<MirNarTopUpAmt></MirNarTopUpAmt>
			<MirNarThrshdAmt></MirNarThrshdAmt>
			<MirMaxRemTopupAmt></MirMaxRemTopupAmt>
			<MirTotExcsPremAmt></MirTotExcsPremAmt>
			<MirTotSurrAmt></MirTotSurrAmt>
			<MirPdAutoWthdrInd></MirPdAutoWthdrInd>
			<MirPolAutoWthdrDtls>
				<MirAutoWthdrInd></MirAutoWthdrInd>
				<MirAutoWthdrTermRsn></MirAutoWthdrTermRsn>
				<MirAutoWthdrEffDt></MirAutoWthdrEffDt>
				<MirNextWthdrDt></MirNextWthdrDt>
				<MirAutoWthdrAmt></MirAutoWthdrAmt>
				<MirAutoWthdrPct></MirAutoWthdrPct>
				<MirAutoWthdrDur></MirAutoWthdrDur>
				<MirAutoWthdrDurN></MirAutoWthdrDurN>
				<MirRemnWthdrDur></MirRemnWthdrDur>
				<MirRemnWthdrDurN></MirRemnWthdrDurN>
				<MirAutoWthdrEndDt></MirAutoWthdrEndDt>
				<MirPrevWthdrAmt></MirPrevWthdrAmt>
				<MirPrevWthdrDt></MirPrevWthdrDt>
				<MirFaAutoWthdrAmt></MirFaAutoWthdrAmt>
			</MirPolAutoWthdrDtls>
			<MirCdCiOneTimeSpclAmtG>
				<MirCdCiOneTimeSpclAmtT></MirCdCiOneTimeSpclAmtT>
				<MirCdCiOneTimeSpclAmtT></MirCdCiOneTimeSpclAmtT>
				<MirCdCiOneTimeSpclAmtT></MirCdCiOneTimeSpclAmtT>
				<MirCdCiOneTimeSpclAmtT></MirCdCiOneTimeSpclAmtT>
				<MirCdCiOneTimeSpclAmtT></MirCdCiOneTimeSpclAmtT>
				<MirCdCiOneTimeSpclAmtT></MirCdCiOneTimeSpclAmtT>
				<MirCdCiOneTimeSpclAmtT></MirCdCiOneTimeSpclAmtT>
				<MirCdCiOneTimeSpclAmtT></MirCdCiOneTimeSpclAmtT>
				<MirCdCiOneTimeSpclAmtT></MirCdCiOneTimeSpclAmtT>
				<MirCdCiOneTimeSpclAmtT></MirCdCiOneTimeSpclAmtT>
				<MirCdCiOneTimeSpclAmtT></MirCdCiOneTimeSpclAmtT>
				<MirCdCiOneTimeSpclAmtT></MirCdCiOneTimeSpclAmtT>
				<MirCdCiOneTimeSpclAmtT></MirCdCiOneTimeSpclAmtT>
				<MirCdCiOneTimeSpclAmtT></MirCdCiOneTimeSpclAmtT>
				<MirCdCiOneTimeSpclAmtT></MirCdCiOneTimeSpclAmtT>
				<MirCdCiOneTimeSpclAmtT></MirCdCiOneTimeSpclAmtT>
				<MirCdCiOneTimeSpclAmtT></MirCdCiOneTimeSpclAmtT>
				<MirCdCiOneTimeSpclAmtT></MirCdCiOneTimeSpclAmtT>
				<MirCdCiOneTimeSpclAmtT></MirCdCiOneTimeSpclAmtT>
				<MirCdCiOneTimeSpclAmtT></MirCdCiOneTimeSpclAmtT>
			</MirCdCiOneTimeSpclAmtG>
			<MirSunSnrgyInd></MirSunSnrgyInd>
			<MirPolCntrctTypCd></MirPolCntrctTypCd>
			<MirIpdLastIncmPmtAmt></MirIpdLastIncmPmtAmt>
			<MirIpdLastIncmPmtDt></MirIpdLastIncmPmtDt>
			<MirDvAsignCliNm></MirDvAsignCliNm>
			<MirPolCliAsignDt></MirPolCliAsignDt>
		</InquiryConsolidatedInformationData>
		<ReturnCds>
			<MirRetrnCd></MirRetrnCd>
			<LsirReturnCd></LsirReturnCd>
		</ReturnCds>
		<MirUserMsgG>
			<MirUserMsgTxtG>
				<MirUserMsgTxtT></MirUserMsgTxtT>
				<MirUserMsgTxtT></MirUserMsgTxtT>
				<MirUserMsgTxtT></MirUserMsgTxtT>
				<MirUserMsgTxtT></MirUserMsgTxtT>
				<MirUserMsgTxtT></MirUserMsgTxtT>
				<MirUserMsgTxtT></MirUserMsgTxtT>
				<MirUserMsgTxtT></MirUserMsgTxtT>
				<MirUserMsgTxtT></MirUserMsgTxtT>
				<MirUserMsgTxtT></MirUserMsgTxtT>
				<MirUserMsgTxtT></MirUserMsgTxtT>
				<MirUserMsgTxtT></MirUserMsgTxtT>
				<MirUserMsgTxtT></MirUserMsgTxtT>
				<MirUserMsgTxtT></MirUserMsgTxtT>
				<MirUserMsgTxtT></MirUserMsgTxtT>
				<MirUserMsgTxtT></MirUserMsgTxtT>
				<MirUserMsgTxtT></MirUserMsgTxtT>
				<MirUserMsgTxtT></MirUserMsgTxtT>
				<MirUserMsgTxtT></MirUserMsgTxtT>
				<MirUserMsgTxtT></MirUserMsgTxtT>
				<MirUserMsgTxtT></MirUserMsgTxtT>
				<MirUserMsgTxtT></MirUserMsgTxtT>
				<MirUserMsgTxtT></MirUserMsgTxtT>
				<MirUserMsgTxtT></MirUserMsgTxtT>
				<MirUserMsgTxtT></MirUserMsgTxtT>
				<MirUserMsgTxtT></MirUserMsgTxtT>
				<MirUserMsgTxtT></MirUserMsgTxtT>
				<MirUserMsgTxtT></MirUserMsgTxtT>
				<MirUserMsgTxtT></MirUserMsgTxtT>
				<MirUserMsgTxtT></MirUserMsgTxtT>
				<MirUserMsgTxtT></MirUserMsgTxtT>
				<MirUserMsgTxtT></MirUserMsgTxtT>
				<MirUserMsgTxtT></MirUserMsgTxtT>
				<MirUserMsgTxtT></MirUserMsgTxtT>
				<MirUserMsgTxtT></MirUserMsgTxtT>
				<MirUserMsgTxtT></MirUserMsgTxtT>
				<MirUserMsgTxtT></MirUserMsgTxtT>
				<MirUserMsgTxtT></MirUserMsgTxtT>
				<MirUserMsgTxtT></MirUserMsgTxtT>
				<MirUserMsgTxtT></MirUserMsgTxtT>
				<MirUserMsgTxtT></MirUserMsgTxtT>
				<MirUserMsgTxtT></MirUserMsgTxtT>
				<MirUserMsgTxtT></MirUserMsgTxtT>
				<MirUserMsgTxtT></MirUserMsgTxtT>
				<MirUserMsgTxtT></MirUserMsgTxtT>
				<MirUserMsgTxtT></MirUserMsgTxtT>
				<MirUserMsgTxtT></MirUserMsgTxtT>
				<MirUserMsgTxtT></MirUserMsgTxtT>
				<MirUserMsgTxtT></MirUserMsgTxtT>
				<MirUserMsgTxtT></MirUserMsgTxtT>
				<MirUserMsgTxtT></MirUserMsgTxtT>
			</MirUserMsgTxtG>
			<MirUserMsgSevrtyCdG>
				<MirUserMsgSevrtyCdT></MirUserMsgSevrtyCdT>
				<MirUserMsgSevrtyCdT></MirUserMsgSevrtyCdT>
				<MirUserMsgSevrtyCdT></MirUserMsgSevrtyCdT>
				<MirUserMsgSevrtyCdT></MirUserMsgSevrtyCdT>
				<MirUserMsgSevrtyCdT></MirUserMsgSevrtyCdT>
				<MirUserMsgSevrtyCdT></MirUserMsgSevrtyCdT>
				<MirUserMsgSevrtyCdT></MirUserMsgSevrtyCdT>
				<MirUserMsgSevrtyCdT></MirUserMsgSevrtyCdT>
				<MirUserMsgSevrtyCdT></MirUserMsgSevrtyCdT>
				<MirUserMsgSevrtyCdT></MirUserMsgSevrtyCdT>
				<MirUserMsgSevrtyCdT></MirUserMsgSevrtyCdT>
				<MirUserMsgSevrtyCdT></MirUserMsgSevrtyCdT>
				<MirUserMsgSevrtyCdT></MirUserMsgSevrtyCdT>
				<MirUserMsgSevrtyCdT></MirUserMsgSevrtyCdT>
				<MirUserMsgSevrtyCdT></MirUserMsgSevrtyCdT>
				<MirUserMsgSevrtyCdT></MirUserMsgSevrtyCdT>
				<MirUserMsgSevrtyCdT></MirUserMsgSevrtyCdT>
				<MirUserMsgSevrtyCdT></MirUserMsgSevrtyCdT>
				<MirUserMsgSevrtyCdT></MirUserMsgSevrtyCdT>
				<MirUserMsgSevrtyCdT></MirUserMsgSevrtyCdT>
				<MirUserMsgSevrtyCdT></MirUserMsgSevrtyCdT>
				<MirUserMsgSevrtyCdT></MirUserMsgSevrtyCdT>
				<MirUserMsgSevrtyCdT></MirUserMsgSevrtyCdT>
				<MirUserMsgSevrtyCdT></MirUserMsgSevrtyCdT>
				<MirUserMsgSevrtyCdT></MirUserMsgSevrtyCdT>
				<MirUserMsgSevrtyCdT></MirUserMsgSevrtyCdT>
				<MirUserMsgSevrtyCdT></MirUserMsgSevrtyCdT>
				<MirUserMsgSevrtyCdT></MirUserMsgSevrtyCdT>
				<MirUserMsgSevrtyCdT></MirUserMsgSevrtyCdT>
				<MirUserMsgSevrtyCdT></MirUserMsgSevrtyCdT>
				<MirUserMsgSevrtyCdT></MirUserMsgSevrtyCdT>
				<MirUserMsgSevrtyCdT></MirUserMsgSevrtyCdT>
				<MirUserMsgSevrtyCdT></MirUserMsgSevrtyCdT>
				<MirUserMsgSevrtyCdT></MirUserMsgSevrtyCdT>
				<MirUserMsgSevrtyCdT></MirUserMsgSevrtyCdT>
				<MirUserMsgSevrtyCdT></MirUserMsgSevrtyCdT>
				<MirUserMsgSevrtyCdT></MirUserMsgSevrtyCdT>
				<MirUserMsgSevrtyCdT></MirUserMsgSevrtyCdT>
				<MirUserMsgSevrtyCdT></MirUserMsgSevrtyCdT>
				<MirUserMsgSevrtyCdT></MirUserMsgSevrtyCdT>
				<MirUserMsgSevrtyCdT></MirUserMsgSevrtyCdT>
				<MirUserMsgSevrtyCdT></MirUserMsgSevrtyCdT>
				<MirUserMsgSevrtyCdT></MirUserMsgSevrtyCdT>
				<MirUserMsgSevrtyCdT></MirUserMsgSevrtyCdT>
				<MirUserMsgSevrtyCdT></MirUserMsgSevrtyCdT>
				<MirUserMsgSevrtyCdT></MirUserMsgSevrtyCdT>
				<MirUserMsgSevrtyCdT></MirUserMsgSevrtyCdT>
				<MirUserMsgSevrtyCdT></MirUserMsgSevrtyCdT>
				<MirUserMsgSevrtyCdT></MirUserMsgSevrtyCdT>
				<MirUserMsgSevrtyCdT></MirUserMsgSevrtyCdT>
			</MirUserMsgSevrtyCdG>
		</MirUserMsgG>
	</OLifE>
