	<OLifE>
		<OtherInsuranceUpdateData>
			<MirCommonFields>
				<MirCliId></MirCliId>
				<MirDvInsrdCliNm></MirDvInsrdCliNm>
				<MirDvPrevUpdtDt></MirDvPrevUpdtDt>
				<MirOinsInfcPendInd></MirOinsInfcPendInd>
				<MirCliSpousInsAmt></MirCliSpousInsAmt>
				<MirSpousInsCrcyCd></MirSpousInsCrcyCd>
				<MirCliInsRefusInd></MirCliInsRefusInd>
				<MirTempLifeQ1Txt></MirTempLifeQ1Txt>
				<MirCliInsRefusYr></MirCliInsRefusYr>
				<MirAdbamG>
					<MirCliOinsAdbAmtT></MirCliOinsAdbAmtT>
					<MirCliOinsAdbAmtT></MirCliOinsAdbAmtT>
					<MirCliOinsAdbAmtT></MirCliOinsAdbAmtT>
					<MirCliOinsAdbAmtT></MirCliOinsAdbAmtT>
					<MirCliOinsAdbAmtT></MirCliOinsAdbAmtT>
					<MirCliOinsAdbAmtT></MirCliOinsAdbAmtT>
					<MirCliOinsAdbAmtT></MirCliOinsAdbAmtT>
					<MirCliOinsAdbAmtT></MirCliOinsAdbAmtT>
					<MirCliOinsAdbAmtT></MirCliOinsAdbAmtT>
					<MirCliOinsAdbAmtT></MirCliOinsAdbAmtT>
					<MirCliOinsAdbAmtT></MirCliOinsAdbAmtT>
					<MirCliOinsAdbAmtT></MirCliOinsAdbAmtT>
				</MirAdbamG>
				<MirItypeG>
					<MirOinsInsTypCdT></MirOinsInsTypCdT>
					<MirOinsInsTypCdT></MirOinsInsTypCdT>
					<MirOinsInsTypCdT></MirOinsInsTypCdT>
					<MirOinsInsTypCdT></MirOinsInsTypCdT>
					<MirOinsInsTypCdT></MirOinsInsTypCdT>
					<MirOinsInsTypCdT></MirOinsInsTypCdT>
					<MirOinsInsTypCdT></MirOinsInsTypCdT>
					<MirOinsInsTypCdT></MirOinsInsTypCdT>
					<MirOinsInsTypCdT></MirOinsInsTypCdT>
					<MirOinsInsTypCdT></MirOinsInsTypCdT>
					<MirOinsInsTypCdT></MirOinsInsTypCdT>
					<MirOinsInsTypCdT></MirOinsInsTypCdT>
				</MirItypeG>
				<MirOipcoG>
					<MirCliOinsCoNmT></MirCliOinsCoNmT>
					<MirCliOinsCoNmT></MirCliOinsCoNmT>
					<MirCliOinsCoNmT></MirCliOinsCoNmT>
					<MirCliOinsCoNmT></MirCliOinsCoNmT>
					<MirCliOinsCoNmT></MirCliOinsCoNmT>
					<MirCliOinsCoNmT></MirCliOinsCoNmT>
					<MirCliOinsCoNmT></MirCliOinsCoNmT>
					<MirCliOinsCoNmT></MirCliOinsCoNmT>
					<MirCliOinsCoNmT></MirCliOinsCoNmT>
					<MirCliOinsCoNmT></MirCliOinsCoNmT>
					<MirCliOinsCoNmT></MirCliOinsCoNmT>
					<MirCliOinsCoNmT></MirCliOinsCoNmT>
				</MirOipcoG>
				<MirOitcoG>
					<MirOinsThisCoIndT></MirOinsThisCoIndT>
					<MirOinsThisCoIndT></MirOinsThisCoIndT>
					<MirOinsThisCoIndT></MirOinsThisCoIndT>
					<MirOinsThisCoIndT></MirOinsThisCoIndT>
					<MirOinsThisCoIndT></MirOinsThisCoIndT>
					<MirOinsThisCoIndT></MirOinsThisCoIndT>
					<MirOinsThisCoIndT></MirOinsThisCoIndT>
					<MirOinsThisCoIndT></MirOinsThisCoIndT>
					<MirOinsThisCoIndT></MirOinsThisCoIndT>
					<MirOinsThisCoIndT></MirOinsThisCoIndT>
					<MirOinsThisCoIndT></MirOinsThisCoIndT>
					<MirOinsThisCoIndT></MirOinsThisCoIndT>
				</MirOitcoG>
				<MirOthbpG>
					<MirOinsBusPersCdT></MirOinsBusPersCdT>
					<MirOinsBusPersCdT></MirOinsBusPersCdT>
					<MirOinsBusPersCdT></MirOinsBusPersCdT>
					<MirOinsBusPersCdT></MirOinsBusPersCdT>
					<MirOinsBusPersCdT></MirOinsBusPersCdT>
					<MirOinsBusPersCdT></MirOinsBusPersCdT>
					<MirOinsBusPersCdT></MirOinsBusPersCdT>
					<MirOinsBusPersCdT></MirOinsBusPersCdT>
					<MirOinsBusPersCdT></MirOinsBusPersCdT>
					<MirOinsBusPersCdT></MirOinsBusPersCdT>
					<MirOinsBusPersCdT></MirOinsBusPersCdT>
					<MirOinsBusPersCdT></MirOinsBusPersCdT>
				</MirOthbpG>
				<MirOthipG>
					<MirOinsInfcPendCdT></MirOinsInfcPendCdT>
					<MirOinsInfcPendCdT></MirOinsInfcPendCdT>
					<MirOinsInfcPendCdT></MirOinsInfcPendCdT>
					<MirOinsInfcPendCdT></MirOinsInfcPendCdT>
					<MirOinsInfcPendCdT></MirOinsInfcPendCdT>
					<MirOinsInfcPendCdT></MirOinsInfcPendCdT>
					<MirOinsInfcPendCdT></MirOinsInfcPendCdT>
					<MirOinsInfcPendCdT></MirOinsInfcPendCdT>
					<MirOinsInfcPendCdT></MirOinsInfcPendCdT>
					<MirOinsInfcPendCdT></MirOinsInfcPendCdT>
					<MirOinsInfcPendCdT></MirOinsInfcPendCdT>
					<MirOinsInfcPendCdT></MirOinsInfcPendCdT>
				</MirOthipG>
				<MirTotiaG>
					<MirCliOinsTotAmtT></MirCliOinsTotAmtT>
					<MirCliOinsTotAmtT></MirCliOinsTotAmtT>
					<MirCliOinsTotAmtT></MirCliOinsTotAmtT>
					<MirCliOinsTotAmtT></MirCliOinsTotAmtT>
					<MirCliOinsTotAmtT></MirCliOinsTotAmtT>
					<MirCliOinsTotAmtT></MirCliOinsTotAmtT>
					<MirCliOinsTotAmtT></MirCliOinsTotAmtT>
					<MirCliOinsTotAmtT></MirCliOinsTotAmtT>
					<MirCliOinsTotAmtT></MirCliOinsTotAmtT>
					<MirCliOinsTotAmtT></MirCliOinsTotAmtT>
					<MirCliOinsTotAmtT></MirCliOinsTotAmtT>
					<MirCliOinsTotAmtT></MirCliOinsTotAmtT>
				</MirTotiaG>
				<MirWdindG>
					<MirOinsWpInfcIndT></MirOinsWpInfcIndT>
					<MirOinsWpInfcIndT></MirOinsWpInfcIndT>
					<MirOinsWpInfcIndT></MirOinsWpInfcIndT>
					<MirOinsWpInfcIndT></MirOinsWpInfcIndT>
					<MirOinsWpInfcIndT></MirOinsWpInfcIndT>
					<MirOinsWpInfcIndT></MirOinsWpInfcIndT>
					<MirOinsWpInfcIndT></MirOinsWpInfcIndT>
					<MirOinsWpInfcIndT></MirOinsWpInfcIndT>
					<MirOinsWpInfcIndT></MirOinsWpInfcIndT>
					<MirOinsWpInfcIndT></MirOinsWpInfcIndT>
					<MirOinsWpInfcIndT></MirOinsWpInfcIndT>
					<MirOinsWpInfcIndT></MirOinsWpInfcIndT>
				</MirWdindG>
				<MirYrissG>
					<MirCliOinsIssYrT></MirCliOinsIssYrT>
					<MirCliOinsIssYrT></MirCliOinsIssYrT>
					<MirCliOinsIssYrT></MirCliOinsIssYrT>
					<MirCliOinsIssYrT></MirCliOinsIssYrT>
					<MirCliOinsIssYrT></MirCliOinsIssYrT>
					<MirCliOinsIssYrT></MirCliOinsIssYrT>
					<MirCliOinsIssYrT></MirCliOinsIssYrT>
					<MirCliOinsIssYrT></MirCliOinsIssYrT>
					<MirCliOinsIssYrT></MirCliOinsIssYrT>
					<MirCliOinsIssYrT></MirCliOinsIssYrT>
					<MirCliOinsIssYrT></MirCliOinsIssYrT>
					<MirCliOinsIssYrT></MirCliOinsIssYrT>
				</MirYrissG>
				<MirRefcoG>
					<MirInsRefusCo1NmT></MirInsRefusCo1NmT>
					<MirInsRefusCo1NmT></MirInsRefusCo1NmT>
				</MirRefcoG>
				<MirReftcG>
					<MirCliRefusCo1IndT></MirCliRefusCo1IndT>
					<MirCliRefusCo1IndT></MirCliRefusCo1IndT>
				</MirReftcG>
				<MirRrsnG>
					<MirRefusReasn1TxtT></MirRefusReasn1TxtT>
					<MirRefusReasn1TxtT></MirRefusReasn1TxtT>
				</MirRrsnG>
				<MirCliOinsApdAmtG>
					<MirCliOinsApdAmtT></MirCliOinsApdAmtT>
					<MirCliOinsApdAmtT></MirCliOinsApdAmtT>
					<MirCliOinsApdAmtT></MirCliOinsApdAmtT>
					<MirCliOinsApdAmtT></MirCliOinsApdAmtT>
					<MirCliOinsApdAmtT></MirCliOinsApdAmtT>
					<MirCliOinsApdAmtT></MirCliOinsApdAmtT>
					<MirCliOinsApdAmtT></MirCliOinsApdAmtT>
					<MirCliOinsApdAmtT></MirCliOinsApdAmtT>
					<MirCliOinsApdAmtT></MirCliOinsApdAmtT>
					<MirCliOinsApdAmtT></MirCliOinsApdAmtT>
					<MirCliOinsApdAmtT></MirCliOinsApdAmtT>
					<MirCliOinsApdAmtT></MirCliOinsApdAmtT>
				</MirCliOinsApdAmtG>
				<MirCliOinsCcrAmtG>
					<MirCliOinsCcrAmtT></MirCliOinsCcrAmtT>
					<MirCliOinsCcrAmtT></MirCliOinsCcrAmtT>
					<MirCliOinsCcrAmtT></MirCliOinsCcrAmtT>
					<MirCliOinsCcrAmtT></MirCliOinsCcrAmtT>
					<MirCliOinsCcrAmtT></MirCliOinsCcrAmtT>
					<MirCliOinsCcrAmtT></MirCliOinsCcrAmtT>
					<MirCliOinsCcrAmtT></MirCliOinsCcrAmtT>
					<MirCliOinsCcrAmtT></MirCliOinsCcrAmtT>
					<MirCliOinsCcrAmtT></MirCliOinsCcrAmtT>
					<MirCliOinsCcrAmtT></MirCliOinsCcrAmtT>
					<MirCliOinsCcrAmtT></MirCliOinsCcrAmtT>
					<MirCliOinsCcrAmtT></MirCliOinsCcrAmtT>
				</MirCliOinsCcrAmtG>
				<MirCliOinsCrcyCdG>
					<MirCliOinsCrcyCdT></MirCliOinsCrcyCdT>
					<MirCliOinsCrcyCdT></MirCliOinsCrcyCdT>
					<MirCliOinsCrcyCdT></MirCliOinsCrcyCdT>
					<MirCliOinsCrcyCdT></MirCliOinsCrcyCdT>
					<MirCliOinsCrcyCdT></MirCliOinsCrcyCdT>
					<MirCliOinsCrcyCdT></MirCliOinsCrcyCdT>
					<MirCliOinsCrcyCdT></MirCliOinsCrcyCdT>
					<MirCliOinsCrcyCdT></MirCliOinsCrcyCdT>
					<MirCliOinsCrcyCdT></MirCliOinsCrcyCdT>
					<MirCliOinsCrcyCdT></MirCliOinsCrcyCdT>
					<MirCliOinsCrcyCdT></MirCliOinsCrcyCdT>
					<MirCliOinsCrcyCdT></MirCliOinsCrcyCdT>
				</MirCliOinsCrcyCdG>
				<MirCliOinsIssDtG>
					<MirCliOinsIssDtT></MirCliOinsIssDtT>
					<MirCliOinsIssDtT></MirCliOinsIssDtT>
					<MirCliOinsIssDtT></MirCliOinsIssDtT>
					<MirCliOinsIssDtT></MirCliOinsIssDtT>
					<MirCliOinsIssDtT></MirCliOinsIssDtT>
					<MirCliOinsIssDtT></MirCliOinsIssDtT>
					<MirCliOinsIssDtT></MirCliOinsIssDtT>
					<MirCliOinsIssDtT></MirCliOinsIssDtT>
					<MirCliOinsIssDtT></MirCliOinsIssDtT>
					<MirCliOinsIssDtT></MirCliOinsIssDtT>
					<MirCliOinsIssDtT></MirCliOinsIssDtT>
					<MirCliOinsIssDtT></MirCliOinsIssDtT>
				</MirCliOinsIssDtG>
			</MirCommonFields>
		</OtherInsuranceUpdateData>
		<ReturnCds>
			<MirRetrnCd></MirRetrnCd>
			<LsirReturnCd></LsirReturnCd>
		</ReturnCds>
		<MirUserMsgG>
			<MirUserMsgTxtG>
				<MirUserMsgTxtT></MirUserMsgTxtT>
				<MirUserMsgTxtT></MirUserMsgTxtT>
				<MirUserMsgTxtT></MirUserMsgTxtT>
				<MirUserMsgTxtT></MirUserMsgTxtT>
				<MirUserMsgTxtT></MirUserMsgTxtT>
				<MirUserMsgTxtT></MirUserMsgTxtT>
				<MirUserMsgTxtT></MirUserMsgTxtT>
				<MirUserMsgTxtT></MirUserMsgTxtT>
				<MirUserMsgTxtT></MirUserMsgTxtT>
				<MirUserMsgTxtT></MirUserMsgTxtT>
				<MirUserMsgTxtT></MirUserMsgTxtT>
				<MirUserMsgTxtT></MirUserMsgTxtT>
				<MirUserMsgTxtT></MirUserMsgTxtT>
				<MirUserMsgTxtT></MirUserMsgTxtT>
				<MirUserMsgTxtT></MirUserMsgTxtT>
				<MirUserMsgTxtT></MirUserMsgTxtT>
				<MirUserMsgTxtT></MirUserMsgTxtT>
				<MirUserMsgTxtT></MirUserMsgTxtT>
				<MirUserMsgTxtT></MirUserMsgTxtT>
				<MirUserMsgTxtT></MirUserMsgTxtT>
				<MirUserMsgTxtT></MirUserMsgTxtT>
				<MirUserMsgTxtT></MirUserMsgTxtT>
				<MirUserMsgTxtT></MirUserMsgTxtT>
				<MirUserMsgTxtT></MirUserMsgTxtT>
				<MirUserMsgTxtT></MirUserMsgTxtT>
				<MirUserMsgTxtT></MirUserMsgTxtT>
				<MirUserMsgTxtT></MirUserMsgTxtT>
				<MirUserMsgTxtT></MirUserMsgTxtT>
				<MirUserMsgTxtT></MirUserMsgTxtT>
				<MirUserMsgTxtT></MirUserMsgTxtT>
				<MirUserMsgTxtT></MirUserMsgTxtT>
				<MirUserMsgTxtT></MirUserMsgTxtT>
				<MirUserMsgTxtT></MirUserMsgTxtT>
				<MirUserMsgTxtT></MirUserMsgTxtT>
				<MirUserMsgTxtT></MirUserMsgTxtT>
				<MirUserMsgTxtT></MirUserMsgTxtT>
				<MirUserMsgTxtT></MirUserMsgTxtT>
				<MirUserMsgTxtT></MirUserMsgTxtT>
				<MirUserMsgTxtT></MirUserMsgTxtT>
				<MirUserMsgTxtT></MirUserMsgTxtT>
				<MirUserMsgTxtT></MirUserMsgTxtT>
				<MirUserMsgTxtT></MirUserMsgTxtT>
				<MirUserMsgTxtT></MirUserMsgTxtT>
				<MirUserMsgTxtT></MirUserMsgTxtT>
				<MirUserMsgTxtT></MirUserMsgTxtT>
				<MirUserMsgTxtT></MirUserMsgTxtT>
				<MirUserMsgTxtT></MirUserMsgTxtT>
				<MirUserMsgTxtT></MirUserMsgTxtT>
				<MirUserMsgTxtT></MirUserMsgTxtT>
				<MirUserMsgTxtT></MirUserMsgTxtT>
			</MirUserMsgTxtG>
			<MirUserMsgSevrtyCdG>
				<MirUserMsgSevrtyCdT></MirUserMsgSevrtyCdT>
				<MirUserMsgSevrtyCdT></MirUserMsgSevrtyCdT>
				<MirUserMsgSevrtyCdT></MirUserMsgSevrtyCdT>
				<MirUserMsgSevrtyCdT></MirUserMsgSevrtyCdT>
				<MirUserMsgSevrtyCdT></MirUserMsgSevrtyCdT>
				<MirUserMsgSevrtyCdT></MirUserMsgSevrtyCdT>
				<MirUserMsgSevrtyCdT></MirUserMsgSevrtyCdT>
				<MirUserMsgSevrtyCdT></MirUserMsgSevrtyCdT>
				<MirUserMsgSevrtyCdT></MirUserMsgSevrtyCdT>
				<MirUserMsgSevrtyCdT></MirUserMsgSevrtyCdT>
				<MirUserMsgSevrtyCdT></MirUserMsgSevrtyCdT>
				<MirUserMsgSevrtyCdT></MirUserMsgSevrtyCdT>
				<MirUserMsgSevrtyCdT></MirUserMsgSevrtyCdT>
				<MirUserMsgSevrtyCdT></MirUserMsgSevrtyCdT>
				<MirUserMsgSevrtyCdT></MirUserMsgSevrtyCdT>
				<MirUserMsgSevrtyCdT></MirUserMsgSevrtyCdT>
				<MirUserMsgSevrtyCdT></MirUserMsgSevrtyCdT>
				<MirUserMsgSevrtyCdT></MirUserMsgSevrtyCdT>
				<MirUserMsgSevrtyCdT></MirUserMsgSevrtyCdT>
				<MirUserMsgSevrtyCdT></MirUserMsgSevrtyCdT>
				<MirUserMsgSevrtyCdT></MirUserMsgSevrtyCdT>
				<MirUserMsgSevrtyCdT></MirUserMsgSevrtyCdT>
				<MirUserMsgSevrtyCdT></MirUserMsgSevrtyCdT>
				<MirUserMsgSevrtyCdT></MirUserMsgSevrtyCdT>
				<MirUserMsgSevrtyCdT></MirUserMsgSevrtyCdT>
				<MirUserMsgSevrtyCdT></MirUserMsgSevrtyCdT>
				<MirUserMsgSevrtyCdT></MirUserMsgSevrtyCdT>
				<MirUserMsgSevrtyCdT></MirUserMsgSevrtyCdT>
				<MirUserMsgSevrtyCdT></MirUserMsgSevrtyCdT>
				<MirUserMsgSevrtyCdT></MirUserMsgSevrtyCdT>
				<MirUserMsgSevrtyCdT></MirUserMsgSevrtyCdT>
				<MirUserMsgSevrtyCdT></MirUserMsgSevrtyCdT>
				<MirUserMsgSevrtyCdT></MirUserMsgSevrtyCdT>
				<MirUserMsgSevrtyCdT></MirUserMsgSevrtyCdT>
				<MirUserMsgSevrtyCdT></MirUserMsgSevrtyCdT>
				<MirUserMsgSevrtyCdT></MirUserMsgSevrtyCdT>
				<MirUserMsgSevrtyCdT></MirUserMsgSevrtyCdT>
				<MirUserMsgSevrtyCdT></MirUserMsgSevrtyCdT>
				<MirUserMsgSevrtyCdT></MirUserMsgSevrtyCdT>
				<MirUserMsgSevrtyCdT></MirUserMsgSevrtyCdT>
				<MirUserMsgSevrtyCdT></MirUserMsgSevrtyCdT>
				<MirUserMsgSevrtyCdT></MirUserMsgSevrtyCdT>
				<MirUserMsgSevrtyCdT></MirUserMsgSevrtyCdT>
				<MirUserMsgSevrtyCdT></MirUserMsgSevrtyCdT>
				<MirUserMsgSevrtyCdT></MirUserMsgSevrtyCdT>
				<MirUserMsgSevrtyCdT></MirUserMsgSevrtyCdT>
				<MirUserMsgSevrtyCdT></MirUserMsgSevrtyCdT>
				<MirUserMsgSevrtyCdT></MirUserMsgSevrtyCdT>
				<MirUserMsgSevrtyCdT></MirUserMsgSevrtyCdT>
				<MirUserMsgSevrtyCdT></MirUserMsgSevrtyCdT>
			</MirUserMsgSevrtyCdG>
		</MirUserMsgG>
	</OLifE>
