	<OLifE>
		<PhysicianPersonalInfoInquiryData>
			<MirCommonFields>
				<MirCliId></MirCliId>
				<MirDvInsrdCliNm></MirDvInsrdCliNm>
				<MirDvPrevUpdtDt></MirDvPrevUpdtDt>
				<MirCliSexCd></MirCliSexCd>
				<MirPregCmplicInd></MirPregCmplicInd>
				<MirCliPregCnfmtDt></MirCliPregCnfmtDt>
				<MirWgtGainLosCd></MirWgtGainLosCd>
				<MirDvCliCmHt></MirDvCliCmHt>
				<MirDvCliFtHt></MirDvCliFtHt>
				<MirDvCliInchHt></MirDvCliInchHt>
				<MirDisordDiagnsTxt></MirDisordDiagnsTxt>
				<MirCliMedctnGivTxt></MirCliMedctnGivTxt>
				<MirDoctorCityNmTxt></MirDoctorCityNmTxt>
				<MirCliDoctorNm></MirCliDoctorNm>
				<MirCliDoctorProvCd></MirCliDoctorProvCd>
				<MirCliPregInd></MirCliPregInd>
				<MirReguDoctorInd></MirReguDoctorInd>
				<MirPrevVstRsltTxt></MirPrevVstRsltTxt>
				<MirReasnWgtChngTxt></MirReasnWgtChngTxt>
				<MirTrtmntRecvTxt></MirTrtmntRecvTxt>
				<MirDoctorPrevVstDt></MirDoctorPrevVstDt>
				<MirPrevVstReasnCd></MirPrevVstReasnCd>
				<MirDvCliWgtChngKgQty></MirDvCliWgtChngKgQty>
				<MirDvCliWgtChngLbQty></MirDvCliWgtChngLbQty>
				<MirDvCliKgWgt></MirDvCliKgWgt>
				<MirDvCliLbWgt></MirDvCliLbWgt>
				<MirCliWgtChngInd></MirCliWgtChngInd>
				<MirCliPregTxt></MirCliPregTxt>
				<MirCliPregMoQty></MirCliPregMoQty>
				<MirCliGynePblmInd></MirCliGynePblmInd>
				<MirDvBthWgtKgQty></MirDvBthWgtKgQty>
				<MirDvBthWgtLbQty></MirDvBthWgtLbQty>
				<MirHgtwgtOffTblInd></MirHgtwgtOffTblInd>
				<MirCliGynProbTxt></MirCliGynProbTxt>
			</MirCommonFields>
		</PhysicianPersonalInfoInquiryData>
		<ReturnCds>
			<MirRetrnCd></MirRetrnCd>
			<LsirReturnCd></LsirReturnCd>
		</ReturnCds>
		<MirUserMsgG>
			<MirUserMsgTxtG>
				<MirUserMsgTxtT></MirUserMsgTxtT>
				<MirUserMsgTxtT></MirUserMsgTxtT>
				<MirUserMsgTxtT></MirUserMsgTxtT>
				<MirUserMsgTxtT></MirUserMsgTxtT>
				<MirUserMsgTxtT></MirUserMsgTxtT>
				<MirUserMsgTxtT></MirUserMsgTxtT>
				<MirUserMsgTxtT></MirUserMsgTxtT>
				<MirUserMsgTxtT></MirUserMsgTxtT>
				<MirUserMsgTxtT></MirUserMsgTxtT>
				<MirUserMsgTxtT></MirUserMsgTxtT>
				<MirUserMsgTxtT></MirUserMsgTxtT>
				<MirUserMsgTxtT></MirUserMsgTxtT>
				<MirUserMsgTxtT></MirUserMsgTxtT>
				<MirUserMsgTxtT></MirUserMsgTxtT>
				<MirUserMsgTxtT></MirUserMsgTxtT>
				<MirUserMsgTxtT></MirUserMsgTxtT>
				<MirUserMsgTxtT></MirUserMsgTxtT>
				<MirUserMsgTxtT></MirUserMsgTxtT>
				<MirUserMsgTxtT></MirUserMsgTxtT>
				<MirUserMsgTxtT></MirUserMsgTxtT>
				<MirUserMsgTxtT></MirUserMsgTxtT>
				<MirUserMsgTxtT></MirUserMsgTxtT>
				<MirUserMsgTxtT></MirUserMsgTxtT>
				<MirUserMsgTxtT></MirUserMsgTxtT>
				<MirUserMsgTxtT></MirUserMsgTxtT>
				<MirUserMsgTxtT></MirUserMsgTxtT>
				<MirUserMsgTxtT></MirUserMsgTxtT>
				<MirUserMsgTxtT></MirUserMsgTxtT>
				<MirUserMsgTxtT></MirUserMsgTxtT>
				<MirUserMsgTxtT></MirUserMsgTxtT>
				<MirUserMsgTxtT></MirUserMsgTxtT>
				<MirUserMsgTxtT></MirUserMsgTxtT>
				<MirUserMsgTxtT></MirUserMsgTxtT>
				<MirUserMsgTxtT></MirUserMsgTxtT>
				<MirUserMsgTxtT></MirUserMsgTxtT>
				<MirUserMsgTxtT></MirUserMsgTxtT>
				<MirUserMsgTxtT></MirUserMsgTxtT>
				<MirUserMsgTxtT></MirUserMsgTxtT>
				<MirUserMsgTxtT></MirUserMsgTxtT>
				<MirUserMsgTxtT></MirUserMsgTxtT>
				<MirUserMsgTxtT></MirUserMsgTxtT>
				<MirUserMsgTxtT></MirUserMsgTxtT>
				<MirUserMsgTxtT></MirUserMsgTxtT>
				<MirUserMsgTxtT></MirUserMsgTxtT>
				<MirUserMsgTxtT></MirUserMsgTxtT>
				<MirUserMsgTxtT></MirUserMsgTxtT>
				<MirUserMsgTxtT></MirUserMsgTxtT>
				<MirUserMsgTxtT></MirUserMsgTxtT>
				<MirUserMsgTxtT></MirUserMsgTxtT>
				<MirUserMsgTxtT></MirUserMsgTxtT>
			</MirUserMsgTxtG>
			<MirUserMsgSevrtyCdG>
				<MirUserMsgSevrtyCdT></MirUserMsgSevrtyCdT>
				<MirUserMsgSevrtyCdT></MirUserMsgSevrtyCdT>
				<MirUserMsgSevrtyCdT></MirUserMsgSevrtyCdT>
				<MirUserMsgSevrtyCdT></MirUserMsgSevrtyCdT>
				<MirUserMsgSevrtyCdT></MirUserMsgSevrtyCdT>
				<MirUserMsgSevrtyCdT></MirUserMsgSevrtyCdT>
				<MirUserMsgSevrtyCdT></MirUserMsgSevrtyCdT>
				<MirUserMsgSevrtyCdT></MirUserMsgSevrtyCdT>
				<MirUserMsgSevrtyCdT></MirUserMsgSevrtyCdT>
				<MirUserMsgSevrtyCdT></MirUserMsgSevrtyCdT>
				<MirUserMsgSevrtyCdT></MirUserMsgSevrtyCdT>
				<MirUserMsgSevrtyCdT></MirUserMsgSevrtyCdT>
				<MirUserMsgSevrtyCdT></MirUserMsgSevrtyCdT>
				<MirUserMsgSevrtyCdT></MirUserMsgSevrtyCdT>
				<MirUserMsgSevrtyCdT></MirUserMsgSevrtyCdT>
				<MirUserMsgSevrtyCdT></MirUserMsgSevrtyCdT>
				<MirUserMsgSevrtyCdT></MirUserMsgSevrtyCdT>
				<MirUserMsgSevrtyCdT></MirUserMsgSevrtyCdT>
				<MirUserMsgSevrtyCdT></MirUserMsgSevrtyCdT>
				<MirUserMsgSevrtyCdT></MirUserMsgSevrtyCdT>
				<MirUserMsgSevrtyCdT></MirUserMsgSevrtyCdT>
				<MirUserMsgSevrtyCdT></MirUserMsgSevrtyCdT>
				<MirUserMsgSevrtyCdT></MirUserMsgSevrtyCdT>
				<MirUserMsgSevrtyCdT></MirUserMsgSevrtyCdT>
				<MirUserMsgSevrtyCdT></MirUserMsgSevrtyCdT>
				<MirUserMsgSevrtyCdT></MirUserMsgSevrtyCdT>
				<MirUserMsgSevrtyCdT></MirUserMsgSevrtyCdT>
				<MirUserMsgSevrtyCdT></MirUserMsgSevrtyCdT>
				<MirUserMsgSevrtyCdT></MirUserMsgSevrtyCdT>
				<MirUserMsgSevrtyCdT></MirUserMsgSevrtyCdT>
				<MirUserMsgSevrtyCdT></MirUserMsgSevrtyCdT>
				<MirUserMsgSevrtyCdT></MirUserMsgSevrtyCdT>
				<MirUserMsgSevrtyCdT></MirUserMsgSevrtyCdT>
				<MirUserMsgSevrtyCdT></MirUserMsgSevrtyCdT>
				<MirUserMsgSevrtyCdT></MirUserMsgSevrtyCdT>
				<MirUserMsgSevrtyCdT></MirUserMsgSevrtyCdT>
				<MirUserMsgSevrtyCdT></MirUserMsgSevrtyCdT>
				<MirUserMsgSevrtyCdT></MirUserMsgSevrtyCdT>
				<MirUserMsgSevrtyCdT></MirUserMsgSevrtyCdT>
				<MirUserMsgSevrtyCdT></MirUserMsgSevrtyCdT>
				<MirUserMsgSevrtyCdT></MirUserMsgSevrtyCdT>
				<MirUserMsgSevrtyCdT></MirUserMsgSevrtyCdT>
				<MirUserMsgSevrtyCdT></MirUserMsgSevrtyCdT>
				<MirUserMsgSevrtyCdT></MirUserMsgSevrtyCdT>
				<MirUserMsgSevrtyCdT></MirUserMsgSevrtyCdT>
				<MirUserMsgSevrtyCdT></MirUserMsgSevrtyCdT>
				<MirUserMsgSevrtyCdT></MirUserMsgSevrtyCdT>
				<MirUserMsgSevrtyCdT></MirUserMsgSevrtyCdT>
				<MirUserMsgSevrtyCdT></MirUserMsgSevrtyCdT>
				<MirUserMsgSevrtyCdT></MirUserMsgSevrtyCdT>
			</MirUserMsgSevrtyCdG>
		</MirUserMsgG>
	</OLifE>
