	<OLifE>
		<PolicyInquiryAllDetailsData>
			<MirDvFutDtTrxnTypCd></MirDvFutDtTrxnTypCd>
			<MirAcruCalcTimeCd></MirAcruCalcTimeCd>
			<MirAnpayo1DestCd></MirAnpayo1DestCd>
			<MirAnpayo2DestCd></MirAnpayo2DestCd>
			<MirAnpayo1MthdCd></MirAnpayo1MthdCd>
			<MirAnpayo2MthdCd></MirAnpayo2MthdCd>
			<MirAppFormTypId></MirAppFormTypId>
			<MirAutoPremPmtInd></MirAutoPremPmtInd>
			<MirBillLeadTimeDur></MirBillLeadTimeDur>
			<MirBillRmndReasnCd></MirBillRmndReasnCd>
			<MirCliCrntLocCd></MirCliCrntLocCd>
			<MirCliIdG>
				<MirCliIdT></MirCliIdT>
				<MirCliIdT></MirCliIdT>
				<MirCliIdT></MirCliIdT>
				<MirCliIdT></MirCliIdT>
				<MirCliIdT></MirCliIdT>
			</MirCliIdG>
			<MirDvOwnSubCdG>
				<MirDvOwnSubCdT></MirDvOwnSubCdT>
				<MirDvOwnSubCdT></MirDvOwnSubCdT>
				<MirDvOwnSubCdT></MirDvOwnSubCdT>
				<MirDvOwnSubCdT></MirDvOwnSubCdT>
				<MirDvOwnSubCdT></MirDvOwnSubCdT>
			</MirDvOwnSubCdG>
			<MirPolCliInsrdCdG>
				<MirPolCliInsrdCdT></MirPolCliInsrdCdT>
				<MirPolCliInsrdCdT></MirPolCliInsrdCdT>
				<MirPolCliInsrdCdT></MirPolCliInsrdCdT>
				<MirPolCliInsrdCdT></MirPolCliInsrdCdT>
				<MirPolCliInsrdCdT></MirPolCliInsrdCdT>
			</MirPolCliInsrdCdG>
			<MirCliAddrTypCdG>
				<MirCliAddrTypCdT></MirCliAddrTypCdT>
				<MirCliAddrTypCdT></MirCliAddrTypCdT>
				<MirCliAddrTypCdT></MirCliAddrTypCdT>
				<MirCliAddrTypCdT></MirCliAddrTypCdT>
				<MirCliAddrTypCdT></MirCliAddrTypCdT>
			</MirCliAddrTypCdG>
			<MirDvOwnCliNmG>
				<MirDvOwnCliNmT></MirDvOwnCliNmT>
				<MirDvOwnCliNmT></MirDvOwnCliNmT>
				<MirDvOwnCliNmT></MirDvOwnCliNmT>
				<MirDvOwnCliNmT></MirDvOwnCliNmT>
				<MirDvOwnCliNmT></MirDvOwnCliNmT>
			</MirDvOwnCliNmG>
			<MirCliBthDtG>
				<MirCliBthDtT></MirCliBthDtT>
				<MirCliBthDtT></MirCliBthDtT>
				<MirCliBthDtT></MirCliBthDtT>
				<MirCliBthDtT></MirCliBthDtT>
				<MirCliBthDtT></MirCliBthDtT>
			</MirCliBthDtG>
			<MirCliTaxIdG>
				<MirCliTaxIdT></MirCliTaxIdT>
				<MirCliTaxIdT></MirCliTaxIdT>
				<MirCliTaxIdT></MirCliTaxIdT>
				<MirCliTaxIdT></MirCliTaxIdT>
				<MirCliTaxIdT></MirCliTaxIdT>
			</MirCliTaxIdG>
			<MirDvAsignCliIdG>
				<MirDvAsignCliIdT></MirDvAsignCliIdT>
				<MirDvAsignCliIdT></MirDvAsignCliIdT>
				<MirDvAsignCliIdT></MirDvAsignCliIdT>
				<MirDvAsignCliIdT></MirDvAsignCliIdT>
				<MirDvAsignCliIdT></MirDvAsignCliIdT>
			</MirDvAsignCliIdG>
			<MirDvAsignSubCdG>
				<MirDvAsignSubCdT></MirDvAsignSubCdT>
				<MirDvAsignSubCdT></MirDvAsignSubCdT>
				<MirDvAsignSubCdT></MirDvAsignSubCdT>
				<MirDvAsignSubCdT></MirDvAsignSubCdT>
				<MirDvAsignSubCdT></MirDvAsignSubCdT>
			</MirDvAsignSubCdG>
			<MirDvAsignAddrCdG>
				<MirDvAsignAddrCdT></MirDvAsignAddrCdT>
				<MirDvAsignAddrCdT></MirDvAsignAddrCdT>
				<MirDvAsignAddrCdT></MirDvAsignAddrCdT>
				<MirDvAsignAddrCdT></MirDvAsignAddrCdT>
				<MirDvAsignAddrCdT></MirDvAsignAddrCdT>
			</MirDvAsignAddrCdG>
			<MirPolCliAsignDtG>
				<MirPolCliAsignDtT></MirPolCliAsignDtT>
				<MirPolCliAsignDtT></MirPolCliAsignDtT>
				<MirPolCliAsignDtT></MirPolCliAsignDtT>
				<MirPolCliAsignDtT></MirPolCliAsignDtT>
				<MirPolCliAsignDtT></MirPolCliAsignDtT>
			</MirPolCliAsignDtG>
			<MirDvAsignCliNmG>
				<MirDvAsignCliNmT></MirDvAsignCliNmT>
				<MirDvAsignCliNmT></MirDvAsignCliNmT>
				<MirDvAsignCliNmT></MirDvAsignCliNmT>
				<MirDvAsignCliNmT></MirDvAsignCliNmT>
				<MirDvAsignCliNmT></MirDvAsignCliNmT>
			</MirDvAsignCliNmG>
			<MirDvAnutntCliIdG>
				<MirDvAnutntCliIdT></MirDvAnutntCliIdT>
				<MirDvAnutntCliIdT></MirDvAnutntCliIdT>
				<MirDvAnutntCliIdT></MirDvAnutntCliIdT>
				<MirDvAnutntCliIdT></MirDvAnutntCliIdT>
				<MirDvAnutntCliIdT></MirDvAnutntCliIdT>
			</MirDvAnutntCliIdG>
			<MirDvAnutntSubCdG>
				<MirDvAnutntSubCdT></MirDvAnutntSubCdT>
				<MirDvAnutntSubCdT></MirDvAnutntSubCdT>
				<MirDvAnutntSubCdT></MirDvAnutntSubCdT>
				<MirDvAnutntSubCdT></MirDvAnutntSubCdT>
				<MirDvAnutntSubCdT></MirDvAnutntSubCdT>
			</MirDvAnutntSubCdG>
			<MirDvAnutntAddrCdG>
				<MirDvAnutntAddrCdT></MirDvAnutntAddrCdT>
				<MirDvAnutntAddrCdT></MirDvAnutntAddrCdT>
				<MirDvAnutntAddrCdT></MirDvAnutntAddrCdT>
				<MirDvAnutntAddrCdT></MirDvAnutntAddrCdT>
				<MirDvAnutntAddrCdT></MirDvAnutntAddrCdT>
			</MirDvAnutntAddrCdG>
			<MirDvAnutntCliNmG>
				<MirDvAnutntCliNmT></MirDvAnutntCliNmT>
				<MirDvAnutntCliNmT></MirDvAnutntCliNmT>
				<MirDvAnutntCliNmT></MirDvAnutntCliNmT>
				<MirDvAnutntCliNmT></MirDvAnutntCliNmT>
				<MirDvAnutntCliNmT></MirDvAnutntCliNmT>
			</MirDvAnutntCliNmG>
			<MirDvIpartyCliIdG>
				<MirDvIpartyCliIdT></MirDvIpartyCliIdT>
				<MirDvIpartyCliIdT></MirDvIpartyCliIdT>
				<MirDvIpartyCliIdT></MirDvIpartyCliIdT>
				<MirDvIpartyCliIdT></MirDvIpartyCliIdT>
				<MirDvIpartyCliIdT></MirDvIpartyCliIdT>
			</MirDvIpartyCliIdG>
			<MirDvIpartySubCdG>
				<MirDvIpartySubCdT></MirDvIpartySubCdT>
				<MirDvIpartySubCdT></MirDvIpartySubCdT>
				<MirDvIpartySubCdT></MirDvIpartySubCdT>
				<MirDvIpartySubCdT></MirDvIpartySubCdT>
				<MirDvIpartySubCdT></MirDvIpartySubCdT>
			</MirDvIpartySubCdG>
			<MirDvIpartyAddrCdG>
				<MirDvIpartyAddrCdT></MirDvIpartyAddrCdT>
				<MirDvIpartyAddrCdT></MirDvIpartyAddrCdT>
				<MirDvIpartyAddrCdT></MirDvIpartyAddrCdT>
				<MirDvIpartyAddrCdT></MirDvIpartyAddrCdT>
				<MirDvIpartyAddrCdT></MirDvIpartyAddrCdT>
			</MirDvIpartyAddrCdG>
			<MirDvIpartyCliNmG>
				<MirDvIpartyCliNmT></MirDvIpartyCliNmT>
				<MirDvIpartyCliNmT></MirDvIpartyCliNmT>
				<MirDvIpartyCliNmT></MirDvIpartyCliNmT>
				<MirDvIpartyCliNmT></MirDvIpartyCliNmT>
				<MirDvIpartyCliNmT></MirDvIpartyCliNmT>
			</MirDvIpartyCliNmG>
			<MirDvTrstCliIdG>
				<MirDvTrstCliIdT></MirDvTrstCliIdT>
				<MirDvTrstCliIdT></MirDvTrstCliIdT>
				<MirDvTrstCliIdT></MirDvTrstCliIdT>
				<MirDvTrstCliIdT></MirDvTrstCliIdT>
				<MirDvTrstCliIdT></MirDvTrstCliIdT>
			</MirDvTrstCliIdG>
			<MirDvTrstSubCdG>
				<MirDvTrstSubCdT></MirDvTrstSubCdT>
				<MirDvTrstSubCdT></MirDvTrstSubCdT>
				<MirDvTrstSubCdT></MirDvTrstSubCdT>
				<MirDvTrstSubCdT></MirDvTrstSubCdT>
				<MirDvTrstSubCdT></MirDvTrstSubCdT>
			</MirDvTrstSubCdG>
			<MirDvTrstAddrCdG>
				<MirDvTrstAddrCdT></MirDvTrstAddrCdT>
				<MirDvTrstAddrCdT></MirDvTrstAddrCdT>
				<MirDvTrstAddrCdT></MirDvTrstAddrCdT>
				<MirDvTrstAddrCdT></MirDvTrstAddrCdT>
				<MirDvTrstAddrCdT></MirDvTrstAddrCdT>
			</MirDvTrstAddrCdG>
			<MirDvTrstCliNmG>
				<MirDvTrstCliNmT></MirDvTrstCliNmT>
				<MirDvTrstCliNmT></MirDvTrstCliNmT>
				<MirDvTrstCliNmT></MirDvTrstCliNmT>
				<MirDvTrstCliNmT></MirDvTrstCliNmT>
				<MirDvTrstCliNmT></MirDvTrstCliNmT>
			</MirDvTrstCliNmG>
			<MirDvPayrCliId></MirDvPayrCliId>
			<MirDvPayrCliNm></MirDvPayrCliNm>
			<MirDvPayrSubCd></MirDvPayrSubCd>
			<MirDvPayrAddrCd></MirDvPayrAddrCd>
			<MirDvSpousCliId></MirDvSpousCliId>
			<MirDvSpousCliNm></MirDvSpousCliNm>
			<MirDvSpousSubCd></MirDvSpousSubCd>
			<MirDvSpousAddrCd></MirDvSpousAddrCd>
			<MirDvLbillCliId></MirDvLbillCliId>
			<MirDvLbillCliNm></MirDvLbillCliNm>
			<MirDvLbillSubCd></MirDvLbillSubCd>
			<MirDvLbillAddrCd></MirDvLbillAddrCd>
			<MirClmPayeCvgNum></MirClmPayeCvgNum>
			<MirClmPayePolId>
				<MirClmPayePolIdBase></MirClmPayePolIdBase>
				<MirClmPayePolIdSfx></MirClmPayePolIdSfx>
			</MirClmPayePolId>
			<MirClmPayeRelCd></MirClmPayeRelCd>
			<MirClmPayoMthdCd></MirClmPayoMthdCd>
			<MirConnOptlPolId>
				<MirConnOptlPolIdBase></MirConnOptlPolIdBase>
				<MirConnOptlPolIdSfx></MirConnOptlPolIdSfx>
			</MirConnOptlPolId>
			<MirAgtIdG>
				<MirAgtIdT></MirAgtIdT>
				<MirAgtIdT></MirAgtIdT>
				<MirAgtIdT></MirAgtIdT>
			</MirAgtIdG>
			<MirPolAgtShrPctG>
				<MirPolAgtShrPctT></MirPolAgtShrPctT>
				<MirPolAgtShrPctT></MirPolAgtShrPctT>
				<MirPolAgtShrPctT></MirPolAgtShrPctT>
			</MirPolAgtShrPctG>
			<MirDvAgtCliNmG>
				<MirDvAgtCliNmT></MirDvAgtCliNmT>
				<MirDvAgtCliNmT></MirDvAgtCliNmT>
				<MirDvAgtCliNmT></MirDvAgtCliNmT>
			</MirDvAgtCliNmG>
			<MirDvOwnCliNm></MirDvOwnCliNm>
			<MirEnhcUwgAprovInd></MirEnhcUwgAprovInd>
			<MirEnhcUwgReqirInd></MirEnhcUwgReqirInd>
			<MirGainRptTimeCd></MirGainRptTimeCd>
			<MirLinkPolIssInd></MirLinkPolIssInd>
			<MirLoanIntDedblInd></MirLoanIntDedblInd>
			<MirLxpctCalcCd></MirLxpctCalcCd>
			<MirLxpctRecalcInd></MirLxpctRecalcInd>
			<MirModeFctRestrInd></MirModeFctRestrInd>
			<MirMpremDscntAmt></MirMpremDscntAmt>
			<MirPremRecalcOptCd></MirPremRecalcOptCd>
			<MirNxtActvTypCd></MirNxtActvTypCd>
			<MirPmtRedrwOptCd></MirPmtRedrwOptCd>
			<MirPlanId></MirPlanId>
			<MirPlanPeriPremAmt></MirPlanPeriPremAmt>
			<MirPolAnpayo1Amt></MirPolAnpayo1Amt>
			<MirPolAnpayo2Amt></MirPolAnpayo2Amt>
			<MirPolAnpayoEffDt></MirPolAnpayoEffDt>
			<MirPolAnpayoModeCd></MirPolAnpayoModeCd>
			<MirPolAnpayoPmtDt></MirPolAnpayoPmtDt>
			<MirPolAplInd></MirPolAplInd>
			<MirPolAppCmpltDt></MirPolAppCmpltDt>
			<MirPolAppCtr></MirPolAppCtr>
			<MirPolAppFormId></MirPolAppFormId>
			<MirPolAppRecvDt></MirPolAppRecvDt>
			<MirPolAppSignDt></MirPolAppSignDt>
			<MirPolAppSignInd></MirPolAppSignInd>
			<MirPolBillModeCd></MirPolBillModeCd>
			<MirPolBillTypCd></MirPolBillTypCd>
			<MirPolBillToDtNum></MirPolBillToDtNum>
			<MirPolCeasDt></MirPolCeasDt>
			<MirPolCeasReasnCd></MirPolCeasReasnCd>
			<MirPolCnfdInd></MirPolCnfdInd>
			<MirPolComntTxt></MirPolComntTxt>
			<MirPolCrcyCd></MirPolCrcyCd>
			<MirPolCrntModeFct></MirPolCrntModeFct>
			<MirPolCstatCd></MirPolCstatCd>
			<MirPolCtryCd></MirPolCtryCd>
			<MirPolCvgRecCtr></MirPolCvgRecCtr>
			<MirPolDbOptCd></MirPolDbOptCd>
			<MirPolDivOptCd></MirPolDivOptCd>
			<MirPolEnhcChngDt></MirPolEnhcChngDt>
			<MirPolEnhcNelctQty></MirPolEnhcNelctQty>
			<MirPolFinalDispDt></MirPolFinalDispDt>
			<MirPolFreeLkEndDt></MirPolFreeLkEndDt>
			<MirPolMiscSuspAmt></MirPolMiscSuspAmt>
			<MirPolGrsApremAmt></MirPolGrsApremAmt>
			<MirPolInsPurpCd></MirPolInsPurpCd>
			<MirPolInsTypCd></MirPolInsTypCd>
			<MirPolIssDtTypCd></MirPolIssDtTypCd>
			<MirPolIssEffDt></MirPolIssEffDt>
			<MirPolIssLocCd></MirPolIssLocCd>
			<MirPolLoanRepayAmt></MirPolLoanRepayAmt>
			<MirPolMailDt></MirPolMailDt>
			<MirPolMailReasnCd></MirPolMailReasnCd>
			<MirPolMecCd></MirPolMecCd>
			<MirPolMibSignCd></MirPolMibSignCd>
			<MirPolMpremAmt></MirPolMpremAmt>
			<MirPolNfoCd></MirPolNfoCd>
			<MirPolNxtActvDt></MirPolNxtActvDt>
			<MirPolOptlCd></MirPolOptlCd>
			<MirPolPmtDrwDy></MirPolPmtDrwDy>
			<MirPolPmtRedrwDt></MirPolPmtRedrwDt>
			<MirPolPmtRetrn1Cd></MirPolPmtRetrn1Cd>
			<MirPolPmtRetrn1Dt></MirPolPmtRetrn1Dt>
			<MirPolPmtRetrn2Cd></MirPolPmtRetrn2Cd>
			<MirPolPmtRetrn2Dt></MirPolPmtRetrn2Dt>
			<MirPolPdToDtNum></MirPolPdToDtNum>
			<MirPolPdfRfndCd></MirPolPdfRfndCd>
			<MirPolPfeeFct></MirPolPfeeFct>
			<MirPolPfeeRestrInd></MirPolPfeeRestrInd>
			<MirPolPnsnQualfCd></MirPolPnsnQualfCd>
			<MirPolPnsnSrcCd></MirPolPnsnSrcCd>
			<MirPolPremDscntPct></MirPolPremDscntPct>
			<MirPolPremTypCd></MirPolPremTypCd>
			<MirPolRbillCd></MirPolRbillCd>
			<MirPolRegCd></MirPolRegCd>
			<MirPolRegDt></MirPolRegDt>
			<MirPolRegFndSrcCd></MirPolRegFndSrcCd>
			<MirPolReinsCd></MirPolReinsCd>
			<MirPolRushInd></MirPolRushInd>
			<MirPolSfbCd></MirPolSfbCd>
			<MirPolSndryAmt></MirPolSndryAmt>
			<MirPolSndryReasnCd></MirPolSndryReasnCd>
			<MirPolSupresIssInd></MirPolSupresIssInd>
			<MirPolTaxTypCd></MirPolTaxTypCd>
			<MirPolTxempCd></MirPolTxempCd>
			<MirPolVpoPuDur></MirPolVpoPuDur>
			<MirPremDscntTypCd></MirPremDscntTypCd>
			<MirPrevServAgtId></MirPrevServAgtId>
			<MirRbillDeptId></MirRbillDeptId>
			<MirRbillEffDt></MirRbillEffDt>
			<MirRbillEndDt></MirRbillEndDt>
			<MirRbillMisc1Cd></MirRbillMisc1Cd>
			<MirRbillMisc2Cd></MirRbillMisc2Cd>
			<MirRbillUserId></MirRbillUserId>
			<MirRegSavPortnAmt></MirRegSavPortnAmt>
			<MirRegSavPortnCd></MirRegSavPortnCd>
			<MirRegSpclHndlCd></MirRegSpclHndlCd>
			<MirSbsdryCoId></MirSbsdryCoId>
			<MirServAgtAsignDt></MirServAgtAsignDt>
			<MirServAgtId></MirServAgtId>
			<MirServBrId></MirServBrId>
			<MirDvServAgtCliNm></MirDvServAgtCliNm>
			<MirDvBankBrNm></MirDvBankBrNm>
			<MirAgtBnkCd></MirAgtBnkCd>
			<MirAgtBnkNmTxt></MirAgtBnkNmTxt>
			<MirSfbEndDt></MirSfbEndDt>
			<MirSfbGpEndDtNum></MirSfbGpEndDtNum>
			<MirSfbGpStrtDtNum></MirSfbGpStrtDtNum>
			<MirSfbNxtBillAmt></MirSfbNxtBillAmt>
			<MirSfbSemiMthlyDy></MirSfbSemiMthlyDy>
			<MirSfbStrtDt></MirSfbStrtDt>
			<MirTax1035AcbAmt></MirTax1035AcbAmt>
			<MirTaxRptFreqCd></MirTaxRptFreqCd>
			<MirUlInitPremAmt></MirUlInitPremAmt>
			<MirUlLapsStrtDt></MirUlLapsStrtDt>
			<MirUnmtchMailInd></MirUnmtchMailInd>
			<MirUserId></MirUserId>
			<MirPolBusClasCd></MirPolBusClasCd>
			<MirPolCtryTaxDt></MirPolCtryTaxDt>
			<MirPolFrgnTstDt></MirPolFrgnTstDt>
			<MirPolSetlOptCd></MirPolSetlOptCd>
			<MirPolSetlOptDur></MirPolSetlOptDur>
			<MirPolDbgInd></MirPolDbgInd>
			<MirPolDbgLoanInd></MirPolDbgLoanInd>
			<MirPolDbgBasicCd></MirPolDbgBasicCd>
			<MirDvPolDbgResetInd></MirDvPolDbgResetInd>
			<MirDvAnnvValuInd></MirDvAnnvValuInd>
			<MirDvPolDbgMavInd></MirDvPolDbgMavInd>
			<MirDvPolDbgRoluInd></MirDvPolDbgRoluInd>
			<MirPolDbgLockQty></MirPolDbgLockQty>
			<MirPrflId></MirPrflId>
			<MirPolOffannvPdDt></MirPolOffannvPdDt>
			<MirPolDivXcesCd></MirPolDivXcesCd>
			<MirPolInvHistDt></MirPolInvHistDt>
			<MirServFeeOpt></MirServFeeOpt>
			<MirOrigApremAmt></MirOrigApremAmt>
			<MirAppStatCd></MirAppStatCd>
			<MirEvdnEvalTypCd></MirEvdnEvalTypCd>
			<MirNewAppPcDt></MirNewAppPcDt>
			<MirPolCstatDesc></MirPolCstatDesc>
			<MirPolBillMdeDesc></MirPolBillMdeDesc>
			<MirPolBillTypDesc></MirPolBillTypDesc>
			<MirPolTpremAmt></MirPolTpremAmt>
			<MirOwnCliId></MirOwnCliId>
			<MirServAgtCliId></MirServAgtCliId>
			<MirServAgtBrNm></MirServAgtBrNm>
			<MirPrevPdToDtNum></MirPrevPdToDtNum>
			<MirServAgtEncodeDt></MirServAgtEncodeDt>
			<MirPolReasnAppTxt></MirPolReasnAppTxt>
			<MirPolMailAddrInd></MirPolMailAddrInd>
			<MirPolMailOptInd></MirPolMailOptInd>
			<MirPolAddrLn1Txt></MirPolAddrLn1Txt>
			<MirPolAddrLn2Txt></MirPolAddrLn2Txt>
			<MirPolAddrLn3Txt></MirPolAddrLn3Txt>
			<MirPolCityNmTxt></MirPolCityNmTxt>
			<MirPolCrntLocCd></MirPolCrntLocCd>
			<MirPolMailCtryCd></MirPolMailCtryCd>
			<MirPolPstlCd></MirPolPstlCd>
			<MirBnfyInstrTxt></MirBnfyInstrTxt>
			<MirPolXtraRatInd></MirPolXtraRatInd>
			<MirOneTimePmtAmt></MirOneTimePmtAmt>
			<MirAppPdByLoanInd></MirAppPdByLoanInd>
			<MirAppPdByLoanAgtInd></MirAppPdByLoanAgtInd>
			<MirPolAppSgnLocCd></MirPolAppSgnLocCd>
			<MirPolSaleSrcCd></MirPolSaleSrcCd>
			<MirPolPrvsnRcptNum></MirPolPrvsnRcptNum>
			<MirPolInsrdTypCd></MirPolInsrdTypCd>
			<MirPolPdAmt></MirPolPdAmt>
			<MirPolPdfInd></MirPolPdfInd>
			<MirPolAgtSignDt></MirPolAgtSignDt>
			<MirPolPremSrcCd></MirPolPremSrcCd>
			<MirPolEndBnftCd></MirPolEndBnftCd>
			<MirLifeAppFormTypCd></MirLifeAppFormTypCd>
			<MirXcesPmtVldtyInd></MirXcesPmtVldtyInd>
			<MirPolCrcBillDt></MirPolCrcBillDt>
			<MirPolApoEffDt></MirPolApoEffDt>
			<MirPolApoInstEndDt></MirPolApoInstEndDt>
			<MirPolAppReinstDt></MirPolAppReinstDt>
			<MirPolMedexInsrdInd></MirPolMedexInsrdInd>
			<MirPolMedexOwnerInd></MirPolMedexOwnerInd>
			<MirStaffAsstCoShrInd></MirStaffAsstCoShrInd>
			<MirPoOptCd></MirPoOptCd>
			<MirPoStatCd></MirPoStatCd>
			<MirPoEffDt></MirPoEffDt>
			<MirPolSpclPdupBonOptCd></MirPolSpclPdupBonOptCd>
			<MirPolMatOptCd></MirPolMatOptCd>
			<MirDvPremAmt></MirDvPremAmt>
			<MirPolReasnAppTxt2></MirPolReasnAppTxt2>
			<MirPolAgtDeclTxt></MirPolAgtDeclTxt>
			<MirPolOwnerCd></MirPolOwnerCd>
			<MirPolNumConv></MirPolNumConv>
			<MirThirdPartyInd></MirThirdPartyInd>
			<MirBenfOwnerInd></MirBenfOwnerInd>
			<MirPolFirstDueDt></MirPolFirstDueDt>
			<MirPolInitPymntInd></MirPolInitPymntInd>
			<MirPolPrvsnRcptDt></MirPolPrvsnRcptDt>
			<MirPolPaymTypCsh></MirPolPaymTypCsh>
			<MirPolPaymTypChk></MirPolPaymTypChk>
			<MirPolPaymTypBkt></MirPolPaymTypBkt>
			<MirPolPaymTypCrd></MirPolPaymTypCrd>
			<MirPolApptypInd></MirPolApptypInd>
			<MirPolSaleSrcTxt1></MirPolSaleSrcTxt1>
			<MirPolSaleSrcTxt2></MirPolSaleSrcTxt2>
			<MirPolSaleSrcTxt3></MirPolSaleSrcTxt3>
			<MirThirdPartyNm></MirThirdPartyNm>
			<MirThirdPartyAddr></MirThirdPartyAddr>
			<MirRelTypCd></MirRelTypCd>
			<MirPtpdTaxId></MirPtpdTaxId>
			<MirPtpdCtznshipCd1></MirPtpdCtznshipCd1>
			<MirPtpdCtznshipCd2></MirPtpdCtznshipCd2>
			<MirPtpdCtznshipCd3></MirPtpdCtznshipCd3>
			<MirPtpdCtryCdLegal1></MirPtpdCtryCdLegal1>
			<MirPtpdCtryCdLegal2></MirPtpdCtryCdLegal2>
			<MirPtpdCtryCdLegal3></MirPtpdCtryCdLegal3>
			<MirPtpdOccpId></MirPtpdOccpId>
			<MirEntityTypCd></MirEntityTypCd>
			<MirEntityNatbsCd></MirEntityNatbsCd>
			<MirEntityCompCtryCd></MirEntityCompCtryCd>
			<MirEntityCompRegNum></MirEntityCompRegNum>
			<MirKnowInsrdCd1></MirKnowInsrdCd1>
			<MirKnowInsrdCd2></MirKnowInsrdCd2>
			<MirKnowInsuredTxt></MirKnowInsuredTxt>
			<MirKnowSunlifeCd></MirKnowSunlifeCd>
			<MirKnowSunlifeTxt1></MirKnowSunlifeTxt1>
			<MirKnowSunlifeTxt2></MirKnowSunlifeTxt2>
			<MirPolSsavStaffTxt></MirPolSsavStaffTxt>
			<MirPolAgtThirdDecl></MirPolAgtThirdDecl>
			<MirPolMaxGioInd></MirPolMaxGioInd>
			<MirPolRetenInd></MirPolRetenInd>
			<MirPolEnoticeInd></MirPolEnoticeInd>
			<MirPolSmsInd></MirPolSmsInd>
			<MirPolPrevBillDt></MirPolPrevBillDt>
			<MirPolBillGenCtr></MirPolBillGenCtr>
			<MirEsciSrcePolId></MirEsciSrcePolId>
			<MirPtpdBthCtryCd></MirPtpdBthCtryCd>
			<MirPolSmsOrNotifInd></MirPolSmsOrNotifInd>
			<MirPtpdBthDt></MirPtpdBthDt>
			<MirEntityIncorpDt></MirEntityIncorpDt>
			<MirPolPaymTypOth></MirPolPaymTypOth>
			<MirPolPremSrcOthTxt></MirPolPremSrcOthTxt>
			<MirPolEorNotifInd></MirPolEorNotifInd>
			<MirPolLeadId></MirPolLeadId>
			<MirPolPrsrcAlwncInd></MirPolPrsrcAlwncInd>
			<MirPolPrsrcBusnsInd></MirPolPrsrcBusnsInd>
			<MirPolPrsrcPrfeeInd></MirPolPrsrcPrfeeInd>
			<MirPolPrsrcDonatInd></MirPolPrsrcDonatInd>
			<MirPolPrsrcInhrtInd></MirPolPrsrcInhrtInd>
			<MirPolPrsrcRremInd></MirPolPrsrcRremInd>
			<MirPolPrsrcRentInd></MirPolPrsrcRentInd>
			<MirPolPrsrcRetireInd></MirPolPrsrcRetireInd>
			<MirPolPrsrcSalaryInd></MirPolPrsrcSalaryInd>
			<MirPolPrsrcSoaInd></MirPolPrsrcSoaInd>
			<MirPolPrsrcSavingsInd></MirPolPrsrcSavingsInd>
			<MirPolPrsrcOtherInd></MirPolPrsrcOtherInd>
			<MirPolPrsrcSoaTxt></MirPolPrsrcSoaTxt>
			<MirPolInsAppSgnLocCd></MirPolInsAppSgnLocCd>
			<MirPolPrtAppSgnLocCd></MirPolPrtAppSgnLocCd>
			<MirPolInsAppSgnDt></MirPolInsAppSgnDt>
			<MirPolPrtAppSgnDt></MirPolPrtAppSgnDt>
			<MirPolPaymTypDep></MirPolPaymTypDep>
			<MirPolPaymTypDepTxt></MirPolPaymTypDepTxt>
			<MirAgtRelTypCd></MirAgtRelTypCd>
			<MirStafRelTypCd></MirStafRelTypCd>
			<MirLifeInsOthTxt></MirLifeInsOthTxt>
			<MirNbRemrksTxt></MirNbRemrksTxt>
			<MirBehlfTrxnInd></MirBehlfTrxnInd>
			<MirExcsPymtInd></MirExcsPymtInd>
			<MirPlanDescTxt></MirPlanDescTxt>
			<MirAutoWthdrInd></MirAutoWthdrInd>
			<MirAutoWthdrEffDt></MirAutoWthdrEffDt>
			<MirNextWthdrDt></MirNextWthdrDt>
			<MirAutoWthdrAmt></MirAutoWthdrAmt>
			<MirAutoWthdrDur></MirAutoWthdrDur>
			<MirRemnWthdrDur></MirRemnWthdrDur>
			<MirAutoWthdrPct></MirAutoWthdrPct>
			<MirWthdrTermRsn></MirWthdrTermRsn>
		</PolicyInquiryAllDetailsData>
		<ReturnCds>
			<MirRetrnCd></MirRetrnCd>
			<LsirReturnCd></LsirReturnCd>
		</ReturnCds>
		<MirUserMsgG>
			<MirUserMsgTxtG>
				<MirUserMsgTxtT></MirUserMsgTxtT>
				<MirUserMsgTxtT></MirUserMsgTxtT>
				<MirUserMsgTxtT></MirUserMsgTxtT>
				<MirUserMsgTxtT></MirUserMsgTxtT>
				<MirUserMsgTxtT></MirUserMsgTxtT>
				<MirUserMsgTxtT></MirUserMsgTxtT>
				<MirUserMsgTxtT></MirUserMsgTxtT>
				<MirUserMsgTxtT></MirUserMsgTxtT>
				<MirUserMsgTxtT></MirUserMsgTxtT>
				<MirUserMsgTxtT></MirUserMsgTxtT>
				<MirUserMsgTxtT></MirUserMsgTxtT>
				<MirUserMsgTxtT></MirUserMsgTxtT>
				<MirUserMsgTxtT></MirUserMsgTxtT>
				<MirUserMsgTxtT></MirUserMsgTxtT>
				<MirUserMsgTxtT></MirUserMsgTxtT>
				<MirUserMsgTxtT></MirUserMsgTxtT>
				<MirUserMsgTxtT></MirUserMsgTxtT>
				<MirUserMsgTxtT></MirUserMsgTxtT>
				<MirUserMsgTxtT></MirUserMsgTxtT>
				<MirUserMsgTxtT></MirUserMsgTxtT>
				<MirUserMsgTxtT></MirUserMsgTxtT>
				<MirUserMsgTxtT></MirUserMsgTxtT>
				<MirUserMsgTxtT></MirUserMsgTxtT>
				<MirUserMsgTxtT></MirUserMsgTxtT>
				<MirUserMsgTxtT></MirUserMsgTxtT>
				<MirUserMsgTxtT></MirUserMsgTxtT>
				<MirUserMsgTxtT></MirUserMsgTxtT>
				<MirUserMsgTxtT></MirUserMsgTxtT>
				<MirUserMsgTxtT></MirUserMsgTxtT>
				<MirUserMsgTxtT></MirUserMsgTxtT>
				<MirUserMsgTxtT></MirUserMsgTxtT>
				<MirUserMsgTxtT></MirUserMsgTxtT>
				<MirUserMsgTxtT></MirUserMsgTxtT>
				<MirUserMsgTxtT></MirUserMsgTxtT>
				<MirUserMsgTxtT></MirUserMsgTxtT>
				<MirUserMsgTxtT></MirUserMsgTxtT>
				<MirUserMsgTxtT></MirUserMsgTxtT>
				<MirUserMsgTxtT></MirUserMsgTxtT>
				<MirUserMsgTxtT></MirUserMsgTxtT>
				<MirUserMsgTxtT></MirUserMsgTxtT>
				<MirUserMsgTxtT></MirUserMsgTxtT>
				<MirUserMsgTxtT></MirUserMsgTxtT>
				<MirUserMsgTxtT></MirUserMsgTxtT>
				<MirUserMsgTxtT></MirUserMsgTxtT>
				<MirUserMsgTxtT></MirUserMsgTxtT>
				<MirUserMsgTxtT></MirUserMsgTxtT>
				<MirUserMsgTxtT></MirUserMsgTxtT>
				<MirUserMsgTxtT></MirUserMsgTxtT>
				<MirUserMsgTxtT></MirUserMsgTxtT>
				<MirUserMsgTxtT></MirUserMsgTxtT>
			</MirUserMsgTxtG>
			<MirUserMsgSevrtyCdG>
				<MirUserMsgSevrtyCdT></MirUserMsgSevrtyCdT>
				<MirUserMsgSevrtyCdT></MirUserMsgSevrtyCdT>
				<MirUserMsgSevrtyCdT></MirUserMsgSevrtyCdT>
				<MirUserMsgSevrtyCdT></MirUserMsgSevrtyCdT>
				<MirUserMsgSevrtyCdT></MirUserMsgSevrtyCdT>
				<MirUserMsgSevrtyCdT></MirUserMsgSevrtyCdT>
				<MirUserMsgSevrtyCdT></MirUserMsgSevrtyCdT>
				<MirUserMsgSevrtyCdT></MirUserMsgSevrtyCdT>
				<MirUserMsgSevrtyCdT></MirUserMsgSevrtyCdT>
				<MirUserMsgSevrtyCdT></MirUserMsgSevrtyCdT>
				<MirUserMsgSevrtyCdT></MirUserMsgSevrtyCdT>
				<MirUserMsgSevrtyCdT></MirUserMsgSevrtyCdT>
				<MirUserMsgSevrtyCdT></MirUserMsgSevrtyCdT>
				<MirUserMsgSevrtyCdT></MirUserMsgSevrtyCdT>
				<MirUserMsgSevrtyCdT></MirUserMsgSevrtyCdT>
				<MirUserMsgSevrtyCdT></MirUserMsgSevrtyCdT>
				<MirUserMsgSevrtyCdT></MirUserMsgSevrtyCdT>
				<MirUserMsgSevrtyCdT></MirUserMsgSevrtyCdT>
				<MirUserMsgSevrtyCdT></MirUserMsgSevrtyCdT>
				<MirUserMsgSevrtyCdT></MirUserMsgSevrtyCdT>
				<MirUserMsgSevrtyCdT></MirUserMsgSevrtyCdT>
				<MirUserMsgSevrtyCdT></MirUserMsgSevrtyCdT>
				<MirUserMsgSevrtyCdT></MirUserMsgSevrtyCdT>
				<MirUserMsgSevrtyCdT></MirUserMsgSevrtyCdT>
				<MirUserMsgSevrtyCdT></MirUserMsgSevrtyCdT>
				<MirUserMsgSevrtyCdT></MirUserMsgSevrtyCdT>
				<MirUserMsgSevrtyCdT></MirUserMsgSevrtyCdT>
				<MirUserMsgSevrtyCdT></MirUserMsgSevrtyCdT>
				<MirUserMsgSevrtyCdT></MirUserMsgSevrtyCdT>
				<MirUserMsgSevrtyCdT></MirUserMsgSevrtyCdT>
				<MirUserMsgSevrtyCdT></MirUserMsgSevrtyCdT>
				<MirUserMsgSevrtyCdT></MirUserMsgSevrtyCdT>
				<MirUserMsgSevrtyCdT></MirUserMsgSevrtyCdT>
				<MirUserMsgSevrtyCdT></MirUserMsgSevrtyCdT>
				<MirUserMsgSevrtyCdT></MirUserMsgSevrtyCdT>
				<MirUserMsgSevrtyCdT></MirUserMsgSevrtyCdT>
				<MirUserMsgSevrtyCdT></MirUserMsgSevrtyCdT>
				<MirUserMsgSevrtyCdT></MirUserMsgSevrtyCdT>
				<MirUserMsgSevrtyCdT></MirUserMsgSevrtyCdT>
				<MirUserMsgSevrtyCdT></MirUserMsgSevrtyCdT>
				<MirUserMsgSevrtyCdT></MirUserMsgSevrtyCdT>
				<MirUserMsgSevrtyCdT></MirUserMsgSevrtyCdT>
				<MirUserMsgSevrtyCdT></MirUserMsgSevrtyCdT>
				<MirUserMsgSevrtyCdT></MirUserMsgSevrtyCdT>
				<MirUserMsgSevrtyCdT></MirUserMsgSevrtyCdT>
				<MirUserMsgSevrtyCdT></MirUserMsgSevrtyCdT>
				<MirUserMsgSevrtyCdT></MirUserMsgSevrtyCdT>
				<MirUserMsgSevrtyCdT></MirUserMsgSevrtyCdT>
				<MirUserMsgSevrtyCdT></MirUserMsgSevrtyCdT>
				<MirUserMsgSevrtyCdT></MirUserMsgSevrtyCdT>
			</MirUserMsgSevrtyCdG>
		</MirUserMsgG>
	</OLifE>
