<?xml version="1.0" encoding="UTF-8"?>
<TXLife xmlns="http://ACORD.org/Standards/Life/2" xmlns:xsi="http://www.w3.org/2001/XMLSchema-instance" xmlns:xsd="http://www.w3.org/2001/XMLSchema" xsi:schemaLocation="http://ACORD.org/Standards/Life/2 ../xsd/TXLife2.9.00.xsd">
        <UserAuthRequest>
                <UserLoginName></UserLoginName>
                <UserPswd>
                        <CryptType>NONE</CryptType>
                        <Pswd></Pswd>
                </UserPswd>
        </UserAuthRequest>
        <TXLifeRequest>
                <TransRefGUID></TransRefGUID>
                <TransType tc=""></TransType>
                <TransExeDate></TransExeDate>
                <TransExeTime></TransExeTime>
                <OLifE>
		<PolicyUpdateData>
			<MirPolId>
				<MirPolIdBase></MirPolIdBase>
				<MirPolIdSfx></MirPolIdSfx>
			</MirPolId>
			<MirDvOwnEqInsrdInd></MirDvOwnEqInsrdInd>
			<MirSystemId></MirSystemId>
			<MirCliIdG>
				<MirCliIdT></MirCliIdT>
				<MirCliIdT></MirCliIdT>
				<MirCliIdT></MirCliIdT>
				<MirCliIdT></MirCliIdT>
				<MirCliIdT></MirCliIdT>
			</MirCliIdG>
			<MirDvOwnSubCdG>
				<MirDvOwnSubCdT></MirDvOwnSubCdT>
				<MirDvOwnSubCdT></MirDvOwnSubCdT>
				<MirDvOwnSubCdT></MirDvOwnSubCdT>
				<MirDvOwnSubCdT></MirDvOwnSubCdT>
				<MirDvOwnSubCdT></MirDvOwnSubCdT>
			</MirDvOwnSubCdG>
			<MirPolCliInsrdCdG>
				<MirPolCliInsrdCdT></MirPolCliInsrdCdT>
				<MirPolCliInsrdCdT></MirPolCliInsrdCdT>
				<MirPolCliInsrdCdT></MirPolCliInsrdCdT>
				<MirPolCliInsrdCdT></MirPolCliInsrdCdT>
				<MirPolCliInsrdCdT></MirPolCliInsrdCdT>
			</MirPolCliInsrdCdG>
			<MirCliAddrTypCdG>
				<MirCliAddrTypCdT></MirCliAddrTypCdT>
				<MirCliAddrTypCdT></MirCliAddrTypCdT>
				<MirCliAddrTypCdT></MirCliAddrTypCdT>
				<MirCliAddrTypCdT></MirCliAddrTypCdT>
				<MirCliAddrTypCdT></MirCliAddrTypCdT>
			</MirCliAddrTypCdG>
			<MirDvAsignCliIdG>
				<MirDvAsignCliIdT></MirDvAsignCliIdT>
				<MirDvAsignCliIdT></MirDvAsignCliIdT>
				<MirDvAsignCliIdT></MirDvAsignCliIdT>
				<MirDvAsignCliIdT></MirDvAsignCliIdT>
				<MirDvAsignCliIdT></MirDvAsignCliIdT>
			</MirDvAsignCliIdG>
			<MirDvAsignSubCdG>
				<MirDvAsignSubCdT></MirDvAsignSubCdT>
				<MirDvAsignSubCdT></MirDvAsignSubCdT>
				<MirDvAsignSubCdT></MirDvAsignSubCdT>
				<MirDvAsignSubCdT></MirDvAsignSubCdT>
				<MirDvAsignSubCdT></MirDvAsignSubCdT>
			</MirDvAsignSubCdG>
			<MirDvAsignAddrCdG>
				<MirDvAsignAddrCdT></MirDvAsignAddrCdT>
				<MirDvAsignAddrCdT></MirDvAsignAddrCdT>
				<MirDvAsignAddrCdT></MirDvAsignAddrCdT>
				<MirDvAsignAddrCdT></MirDvAsignAddrCdT>
				<MirDvAsignAddrCdT></MirDvAsignAddrCdT>
			</MirDvAsignAddrCdG>
			<MirPolCliAsignDtG>
				<MirPolCliAsignDtT></MirPolCliAsignDtT>
				<MirPolCliAsignDtT></MirPolCliAsignDtT>
				<MirPolCliAsignDtT></MirPolCliAsignDtT>
				<MirPolCliAsignDtT></MirPolCliAsignDtT>
				<MirPolCliAsignDtT></MirPolCliAsignDtT>
			</MirPolCliAsignDtG>
			<MirDvAnutntCliIdG>
				<MirDvAnutntCliIdT></MirDvAnutntCliIdT>
				<MirDvAnutntCliIdT></MirDvAnutntCliIdT>
				<MirDvAnutntCliIdT></MirDvAnutntCliIdT>
				<MirDvAnutntCliIdT></MirDvAnutntCliIdT>
				<MirDvAnutntCliIdT></MirDvAnutntCliIdT>
			</MirDvAnutntCliIdG>
			<MirDvAnutntSubCdG>
				<MirDvAnutntSubCdT></MirDvAnutntSubCdT>
				<MirDvAnutntSubCdT></MirDvAnutntSubCdT>
				<MirDvAnutntSubCdT></MirDvAnutntSubCdT>
				<MirDvAnutntSubCdT></MirDvAnutntSubCdT>
				<MirDvAnutntSubCdT></MirDvAnutntSubCdT>
			</MirDvAnutntSubCdG>
			<MirDvAnutntAddrCdG>
				<MirDvAnutntAddrCdT></MirDvAnutntAddrCdT>
				<MirDvAnutntAddrCdT></MirDvAnutntAddrCdT>
				<MirDvAnutntAddrCdT></MirDvAnutntAddrCdT>
				<MirDvAnutntAddrCdT></MirDvAnutntAddrCdT>
				<MirDvAnutntAddrCdT></MirDvAnutntAddrCdT>
			</MirDvAnutntAddrCdG>
			<MirDvIpartyCliIdG>
				<MirDvIpartyCliIdT></MirDvIpartyCliIdT>
				<MirDvIpartyCliIdT></MirDvIpartyCliIdT>
				<MirDvIpartyCliIdT></MirDvIpartyCliIdT>
				<MirDvIpartyCliIdT></MirDvIpartyCliIdT>
				<MirDvIpartyCliIdT></MirDvIpartyCliIdT>
			</MirDvIpartyCliIdG>
			<MirDvIpartySubCdG>
				<MirDvIpartySubCdT></MirDvIpartySubCdT>
				<MirDvIpartySubCdT></MirDvIpartySubCdT>
				<MirDvIpartySubCdT></MirDvIpartySubCdT>
				<MirDvIpartySubCdT></MirDvIpartySubCdT>
				<MirDvIpartySubCdT></MirDvIpartySubCdT>
			</MirDvIpartySubCdG>
			<MirDvIpartyAddrCdG>
				<MirDvIpartyAddrCdT></MirDvIpartyAddrCdT>
				<MirDvIpartyAddrCdT></MirDvIpartyAddrCdT>
				<MirDvIpartyAddrCdT></MirDvIpartyAddrCdT>
				<MirDvIpartyAddrCdT></MirDvIpartyAddrCdT>
				<MirDvIpartyAddrCdT></MirDvIpartyAddrCdT>
			</MirDvIpartyAddrCdG>
			<MirDvTrstCliIdG>
				<MirDvTrstCliIdT></MirDvTrstCliIdT>
				<MirDvTrstCliIdT></MirDvTrstCliIdT>
				<MirDvTrstCliIdT></MirDvTrstCliIdT>
				<MirDvTrstCliIdT></MirDvTrstCliIdT>
				<MirDvTrstCliIdT></MirDvTrstCliIdT>
			</MirDvTrstCliIdG>
			<MirDvTrstSubCdG>
				<MirDvTrstSubCdT></MirDvTrstSubCdT>
				<MirDvTrstSubCdT></MirDvTrstSubCdT>
				<MirDvTrstSubCdT></MirDvTrstSubCdT>
				<MirDvTrstSubCdT></MirDvTrstSubCdT>
				<MirDvTrstSubCdT></MirDvTrstSubCdT>
			</MirDvTrstSubCdG>
			<MirDvTrstAddrCdG>
				<MirDvTrstAddrCdT></MirDvTrstAddrCdT>
				<MirDvTrstAddrCdT></MirDvTrstAddrCdT>
				<MirDvTrstAddrCdT></MirDvTrstAddrCdT>
				<MirDvTrstAddrCdT></MirDvTrstAddrCdT>
				<MirDvTrstAddrCdT></MirDvTrstAddrCdT>
			</MirDvTrstAddrCdG>
			<MirDvPayrCliId></MirDvPayrCliId>
			<MirDvPayrSubCd></MirDvPayrSubCd>
			<MirDvPayrAddrCd></MirDvPayrAddrCd>
			<MirDvSpousCliId></MirDvSpousCliId>
			<MirDvSpousSubCd></MirDvSpousSubCd>
			<MirDvSpousAddrCd></MirDvSpousAddrCd>
			<MirDvLbillCliId></MirDvLbillCliId>
			<MirDvLbillSubCd></MirDvLbillSubCd>
			<MirDvLbillAddrCd></MirDvLbillAddrCd>
			<MirAgtIdG>
				<MirAgtIdT></MirAgtIdT>
				<MirAgtIdT></MirAgtIdT>
				<MirAgtIdT></MirAgtIdT>
			</MirAgtIdG>
			<MirPolAgtShrPctG>
				<MirPolAgtShrPctT></MirPolAgtShrPctT>
				<MirPolAgtShrPctT></MirPolAgtShrPctT>
				<MirPolAgtShrPctT></MirPolAgtShrPctT>
			</MirPolAgtShrPctG>
			<MirAcruCalcTimeCd></MirAcruCalcTimeCd>
			<MirAnpayo1DestCd></MirAnpayo1DestCd>
			<MirAnpayo1MthdCd></MirAnpayo1MthdCd>
			<MirAnpayo2DestCd></MirAnpayo2DestCd>
			<MirAnpayo2MthdCd></MirAnpayo2MthdCd>
			<MirAppFormTypId></MirAppFormTypId>
			<MirAutoPremPmtInd></MirAutoPremPmtInd>
			<MirBillLeadTimeDur></MirBillLeadTimeDur>
			<MirBillRmndReasnCd></MirBillRmndReasnCd>
			<MirClmPayeCvgNum></MirClmPayeCvgNum>
			<MirClmPayePolId>
				<MirClmPayePolIdBase></MirClmPayePolIdBase>
				<MirClmPayePolIdSfx></MirClmPayePolIdSfx>
			</MirClmPayePolId>
			<MirClmPayeRelCd></MirClmPayeRelCd>
			<MirClmPayoMthdCd></MirClmPayoMthdCd>
			<MirConnOptlPolId>
				<MirConnOptlPolIdBase></MirConnOptlPolIdBase>
				<MirConnOptlPolIdSfx></MirConnOptlPolIdSfx>
			</MirConnOptlPolId>
			<MirEnhcUwgAprovInd></MirEnhcUwgAprovInd>
			<MirEnhcUwgReqirInd></MirEnhcUwgReqirInd>
			<MirGainRptTimeCd></MirGainRptTimeCd>
			<MirLinkPolIssInd></MirLinkPolIssInd>
			<MirLoanIntDedblInd></MirLoanIntDedblInd>
			<MirLxpctCalcCd></MirLxpctCalcCd>
			<MirLxpctRecalcInd></MirLxpctRecalcInd>
			<MirModeFctRestrInd></MirModeFctRestrInd>
			<MirNxtActvTypCd></MirNxtActvTypCd>
			<MirPmtRedrwOptCd></MirPmtRedrwOptCd>
			<MirPlanId></MirPlanId>
			<MirPlanPeriPremAmt></MirPlanPeriPremAmt>
			<MirPolAnpayo1Amt></MirPolAnpayo1Amt>
			<MirPolAnpayo2Amt></MirPolAnpayo2Amt>
			<MirPolAnpayoEffDt></MirPolAnpayoEffDt>
			<MirPolAnpayoModeCd></MirPolAnpayoModeCd>
			<MirPolAnpayoPmtDt></MirPolAnpayoPmtDt>
			<MirPolAplInd></MirPolAplInd>
			<MirPolAppCtr></MirPolAppCtr>
			<MirPolAppFormId></MirPolAppFormId>
			<MirPolAppRecvDt></MirPolAppRecvDt>
			<MirPolAppSignDt></MirPolAppSignDt>
			<MirPolAppSignInd></MirPolAppSignInd>
			<MirPolBillModeCd></MirPolBillModeCd>
			<MirPolBillTypCd></MirPolBillTypCd>
			<MirPolBillToDtNum></MirPolBillToDtNum>
			<MirPolCeasDt></MirPolCeasDt>
			<MirPolCeasReasnCd></MirPolCeasReasnCd>
			<MirPolCnfdInd></MirPolCnfdInd>
			<MirPolComntTxt></MirPolComntTxt>
			<MirPolCrcyCd></MirPolCrcyCd>
			<MirPolCrntModeFct></MirPolCrntModeFct>
			<MirPolCtryCd></MirPolCtryCd>
			<MirPolDbOptCd></MirPolDbOptCd>
			<MirPolDivOptCd></MirPolDivOptCd>
			<MirPolDivXcesCd></MirPolDivXcesCd>
			<MirPolEnhcChngDt></MirPolEnhcChngDt>
			<MirPolEnhcNelctQty></MirPolEnhcNelctQty>
			<MirPolFinalDispDt></MirPolFinalDispDt>
			<MirPolFreeLkEndDt></MirPolFreeLkEndDt>
			<MirPolInsPurpCd></MirPolInsPurpCd>
			<MirPolIssDtTypCd></MirPolIssDtTypCd>
			<MirPolIssEffDt></MirPolIssEffDt>
			<MirPolIssLocCd></MirPolIssLocCd>
			<MirPolLoanRepayAmt></MirPolLoanRepayAmt>
			<MirPolMailDt></MirPolMailDt>
			<MirPolMailReasnCd></MirPolMailReasnCd>
			<MirPolMecCd></MirPolMecCd>
			<MirPolMibSignCd></MirPolMibSignCd>
			<MirPolNfoCd></MirPolNfoCd>
			<MirPolOptlCd></MirPolOptlCd>
			<MirPolPmtDrwDy></MirPolPmtDrwDy>
			<MirPolPmtRedrwDt></MirPolPmtRedrwDt>
			<MirPolPmtRetrn1Cd></MirPolPmtRetrn1Cd>
			<MirPolPmtRetrn1Dt></MirPolPmtRetrn1Dt>
			<MirPolPmtRetrn2Cd></MirPolPmtRetrn2Cd>
			<MirPolPmtRetrn2Dt></MirPolPmtRetrn2Dt>
			<MirPolPdfRfndCd></MirPolPdfRfndCd>
			<MirPolPfeeFct></MirPolPfeeFct>
			<MirPolPfeeRestrInd></MirPolPfeeRestrInd>
			<MirPolPnsnQualfCd></MirPolPnsnQualfCd>
			<MirPolPnsnSrcCd></MirPolPnsnSrcCd>
			<MirPolPremDscntPct></MirPolPremDscntPct>
			<MirPolRbillCd></MirPolRbillCd>
			<MirPolRegCd></MirPolRegCd>
			<MirPolRegDt></MirPolRegDt>
			<MirPolRegFndSrcCd></MirPolRegFndSrcCd>
			<MirPolRushInd></MirPolRushInd>
			<MirPolSfbCd></MirPolSfbCd>
			<MirPolSndryAmt></MirPolSndryAmt>
			<MirPolSndryReasnCd></MirPolSndryReasnCd>
			<MirPolSupresIssInd></MirPolSupresIssInd>
			<MirPolTaxTypCd></MirPolTaxTypCd>
			<MirPolTxempCd></MirPolTxempCd>
			<MirPolVpoPuDur></MirPolVpoPuDur>
			<MirPremDscntTypCd></MirPremDscntTypCd>
			<MirPremRecalcOptCd></MirPremRecalcOptCd>
			<MirPrevServAgtId></MirPrevServAgtId>
			<MirRbillDeptId></MirRbillDeptId>
			<MirRbillEffDt></MirRbillEffDt>
			<MirRbillEndDt></MirRbillEndDt>
			<MirRbillMisc1Cd></MirRbillMisc1Cd>
			<MirRbillMisc2Cd></MirRbillMisc2Cd>
			<MirRbillUserId></MirRbillUserId>
			<MirRegSavPortnAmt></MirRegSavPortnAmt>
			<MirRegSavPortnCd></MirRegSavPortnCd>
			<MirRegSpclHndlCd></MirRegSpclHndlCd>
			<MirSbsdryCoId></MirSbsdryCoId>
			<MirServAgtAsignDt></MirServAgtAsignDt>
			<MirServAgtId></MirServAgtId>
			<MirServBrId></MirServBrId>
			<MirSfbEndDt></MirSfbEndDt>
			<MirSfbGpEndDtNum></MirSfbGpEndDtNum>
			<MirSfbGpStrtDtNum></MirSfbGpStrtDtNum>
			<MirSfbSemiMthlyDy></MirSfbSemiMthlyDy>
			<MirSfbStrtDt></MirSfbStrtDt>
			<MirTax1035AcbAmt></MirTax1035AcbAmt>
			<MirTaxRptFreqCd></MirTaxRptFreqCd>
			<MirUlInitPremAmt></MirUlInitPremAmt>
			<MirUlLapsStrtDt></MirUlLapsStrtDt>
			<MirUnmtchMailInd></MirUnmtchMailInd>
			<MirUserId></MirUserId>
			<MirPolCtryTaxDt></MirPolCtryTaxDt>
			<MirPolSetlOptCd></MirPolSetlOptCd>
			<MirPolSetlOptDur></MirPolSetlOptDur>
			<MirPolDbgInd></MirPolDbgInd>
			<MirDvAnnvValuInd></MirDvAnnvValuInd>
			<MirDvPolDbgMavInd></MirDvPolDbgMavInd>
			<MirDvPolDbgRoluInd></MirDvPolDbgRoluInd>
			<MirPrflId></MirPrflId>
			<MirPolReasnAppTxt></MirPolReasnAppTxt>
			<MirPolMailAddrInd></MirPolMailAddrInd>
			<MirPolMailOptInd></MirPolMailOptInd>
			<MirBnfyInstrTxt></MirBnfyInstrTxt>
			<MirPolXtraRatInd></MirPolXtraRatInd>
			<MirOneTimePmtAmt></MirOneTimePmtAmt>
			<MirAppPdByLoanInd></MirAppPdByLoanInd>
			<MirAppPdByLoanAgtInd></MirAppPdByLoanAgtInd>
			<MirPolAppSgnLocCd></MirPolAppSgnLocCd>
			<MirPolSaleSrcCd></MirPolSaleSrcCd>
			<MirPolPrvsnRcptNum></MirPolPrvsnRcptNum>
			<MirPolInsrdTypCd></MirPolInsrdTypCd>
			<MirPolPdAmt></MirPolPdAmt>
			<MirPolPdfInd></MirPolPdfInd>
			<MirPolAgtSignDt></MirPolAgtSignDt>
			<MirPolPremSrcCd></MirPolPremSrcCd>
			<MirPolEndBnftCd></MirPolEndBnftCd>
			<MirLifeAppFormTypCd></MirLifeAppFormTypCd>
			<MirXcesPmtVldtyInd></MirXcesPmtVldtyInd>
			<MirPolAppReinstDt></MirPolAppReinstDt>
			<MirPolSpclPdupBonOptCd></MirPolSpclPdupBonOptCd>
			<MirPolReasnAppTxt2></MirPolReasnAppTxt2>
			<MirPolAgtDeclTxt></MirPolAgtDeclTxt>
			<MirPolOwnerCd></MirPolOwnerCd>
			<MirPolNumConv></MirPolNumConv>
			<MirThirdPartyInd></MirThirdPartyInd>
			<MirBenfOwnerInd></MirBenfOwnerInd>
			<MirPolFirstDueDt></MirPolFirstDueDt>
			<MirPolInitPymntInd></MirPolInitPymntInd>
			<MirPolPrvsnRcptDt></MirPolPrvsnRcptDt>
			<MirPolPaymTypCsh></MirPolPaymTypCsh>
			<MirPolPaymTypChk></MirPolPaymTypChk>
			<MirPolPaymTypBkt></MirPolPaymTypBkt>
			<MirPolPaymTypCrd></MirPolPaymTypCrd>
			<MirPolApptypInd></MirPolApptypInd>
			<MirPolSaleSrcTxt1></MirPolSaleSrcTxt1>
			<MirPolSaleSrcTxt2></MirPolSaleSrcTxt2>
			<MirPolSaleSrcTxt3></MirPolSaleSrcTxt3>
			<MirThirdPartyNm></MirThirdPartyNm>
			<MirThirdPartyAddr></MirThirdPartyAddr>
			<MirRelTypCd></MirRelTypCd>
			<MirPtpdTaxId></MirPtpdTaxId>
			<MirPtpdCtznshipCd1></MirPtpdCtznshipCd1>
			<MirPtpdCtznshipCd2></MirPtpdCtznshipCd2>
			<MirPtpdCtznshipCd3></MirPtpdCtznshipCd3>
			<MirPtpdCtryCdLegal1></MirPtpdCtryCdLegal1>
			<MirPtpdCtryCdLegal2></MirPtpdCtryCdLegal2>
			<MirPtpdCtryCdLegal3></MirPtpdCtryCdLegal3>
			<MirPtpdOccpId></MirPtpdOccpId>
			<MirEntityTypCd></MirEntityTypCd>
			<MirEntityNatbsCd></MirEntityNatbsCd>
			<MirEntityCompCtryCd></MirEntityCompCtryCd>
			<MirEntityCompRegNum></MirEntityCompRegNum>
			<MirKnowInsrdCd1></MirKnowInsrdCd1>
			<MirKnowInsrdCd2></MirKnowInsrdCd2>
			<MirKnowInsuredTxt></MirKnowInsuredTxt>
			<MirKnowSunlifeCd></MirKnowSunlifeCd>
			<MirKnowSunlifeTxt1></MirKnowSunlifeTxt1>
			<MirKnowSunlifeTxt2></MirKnowSunlifeTxt2>
			<MirPolSsavStaffTxt></MirPolSsavStaffTxt>
			<MirPolAgtThirdDecl></MirPolAgtThirdDecl>
			<MirPolMaxGioInd></MirPolMaxGioInd>
			<MirPolRetenInd></MirPolRetenInd>
			<MirPolEnoticeInd></MirPolEnoticeInd>
			<MirPolSmsInd></MirPolSmsInd>
			<MirPtpdBthCtryCd></MirPtpdBthCtryCd>
			<MirPolCntrctTypCd></MirPolCntrctTypCd>
		</PolicyUpdateData>
        </OLifE>
        </TXLifeRequest>
</TXLife>
