	<OLifE>
		<RequirementTableInquiryData>
			<MirCommonFields>
				<MirFolwup1DocIdG>
					<MirFolwup1DocIdT></MirFolwup1DocIdT>
					<MirFolwup1DocIdT></MirFolwup1DocIdT>
					<MirFolwup1DocIdT></MirFolwup1DocIdT>
					<MirFolwup1DocIdT></MirFolwup1DocIdT>
					<MirFolwup1DocIdT></MirFolwup1DocIdT>
					<MirFolwup1DocIdT></MirFolwup1DocIdT>
					<MirFolwup1DocIdT></MirFolwup1DocIdT>
					<MirFolwup1DocIdT></MirFolwup1DocIdT>
					<MirFolwup1DocIdT></MirFolwup1DocIdT>
					<MirFolwup1DocIdT></MirFolwup1DocIdT>
					<MirFolwup1DocIdT></MirFolwup1DocIdT>
				</MirFolwup1DocIdG>
				<MirFolwup2DocIdG>
					<MirFolwup2DocIdT></MirFolwup2DocIdT>
					<MirFolwup2DocIdT></MirFolwup2DocIdT>
					<MirFolwup2DocIdT></MirFolwup2DocIdT>
					<MirFolwup2DocIdT></MirFolwup2DocIdT>
					<MirFolwup2DocIdT></MirFolwup2DocIdT>
					<MirFolwup2DocIdT></MirFolwup2DocIdT>
					<MirFolwup2DocIdT></MirFolwup2DocIdT>
					<MirFolwup2DocIdT></MirFolwup2DocIdT>
					<MirFolwup2DocIdT></MirFolwup2DocIdT>
					<MirFolwup2DocIdT></MirFolwup2DocIdT>
					<MirFolwup2DocIdT></MirFolwup2DocIdT>
				</MirFolwup2DocIdG>
				<MirFolwup3DocIdG>
					<MirFolwup3DocIdT></MirFolwup3DocIdT>
					<MirFolwup3DocIdT></MirFolwup3DocIdT>
					<MirFolwup3DocIdT></MirFolwup3DocIdT>
					<MirFolwup3DocIdT></MirFolwup3DocIdT>
					<MirFolwup3DocIdT></MirFolwup3DocIdT>
					<MirFolwup3DocIdT></MirFolwup3DocIdT>
					<MirFolwup3DocIdT></MirFolwup3DocIdT>
					<MirFolwup3DocIdT></MirFolwup3DocIdT>
					<MirFolwup3DocIdT></MirFolwup3DocIdT>
					<MirFolwup3DocIdT></MirFolwup3DocIdT>
					<MirFolwup3DocIdT></MirFolwup3DocIdT>
				</MirFolwup3DocIdG>
				<MirFolwup1DyDurG>
					<MirFolwup1DyDurT></MirFolwup1DyDurT>
					<MirFolwup1DyDurT></MirFolwup1DyDurT>
					<MirFolwup1DyDurT></MirFolwup1DyDurT>
					<MirFolwup1DyDurT></MirFolwup1DyDurT>
					<MirFolwup1DyDurT></MirFolwup1DyDurT>
					<MirFolwup1DyDurT></MirFolwup1DyDurT>
					<MirFolwup1DyDurT></MirFolwup1DyDurT>
					<MirFolwup1DyDurT></MirFolwup1DyDurT>
					<MirFolwup1DyDurT></MirFolwup1DyDurT>
					<MirFolwup1DyDurT></MirFolwup1DyDurT>
					<MirFolwup1DyDurT></MirFolwup1DyDurT>
				</MirFolwup1DyDurG>
				<MirFolwup2DyDurG>
					<MirFolwup2DyDurT></MirFolwup2DyDurT>
					<MirFolwup2DyDurT></MirFolwup2DyDurT>
					<MirFolwup2DyDurT></MirFolwup2DyDurT>
					<MirFolwup2DyDurT></MirFolwup2DyDurT>
					<MirFolwup2DyDurT></MirFolwup2DyDurT>
					<MirFolwup2DyDurT></MirFolwup2DyDurT>
					<MirFolwup2DyDurT></MirFolwup2DyDurT>
					<MirFolwup2DyDurT></MirFolwup2DyDurT>
					<MirFolwup2DyDurT></MirFolwup2DyDurT>
					<MirFolwup2DyDurT></MirFolwup2DyDurT>
					<MirFolwup2DyDurT></MirFolwup2DyDurT>
				</MirFolwup2DyDurG>
				<MirFolwup3DyDurG>
					<MirFolwup3DyDurT></MirFolwup3DyDurT>
					<MirFolwup3DyDurT></MirFolwup3DyDurT>
					<MirFolwup3DyDurT></MirFolwup3DyDurT>
					<MirFolwup3DyDurT></MirFolwup3DyDurT>
					<MirFolwup3DyDurT></MirFolwup3DyDurT>
					<MirFolwup3DyDurT></MirFolwup3DyDurT>
					<MirFolwup3DyDurT></MirFolwup3DyDurT>
					<MirFolwup3DyDurT></MirFolwup3DyDurT>
					<MirFolwup3DyDurT></MirFolwup3DyDurT>
					<MirFolwup3DyDurT></MirFolwup3DyDurT>
					<MirFolwup3DyDurT></MirFolwup3DyDurT>
				</MirFolwup3DyDurG>
				<MirLabIdG>
					<MirLabIdT></MirLabIdT>
					<MirLabIdT></MirLabIdT>
					<MirLabIdT></MirLabIdT>
					<MirLabIdT></MirLabIdT>
					<MirLabIdT></MirLabIdT>
					<MirLabIdT></MirLabIdT>
					<MirLabIdT></MirLabIdT>
					<MirLabIdT></MirLabIdT>
					<MirLabIdT></MirLabIdT>
					<MirLabIdT></MirLabIdT>
					<MirLabIdT></MirLabIdT>
				</MirLabIdG>
				<MirReqirId></MirReqirId>
				<MirReqirTypCdG>
					<MirReqirTypCdT></MirReqirTypCdT>
					<MirReqirTypCdT></MirReqirTypCdT>
					<MirReqirTypCdT></MirReqirTypCdT>
					<MirReqirTypCdT></MirReqirTypCdT>
					<MirReqirTypCdT></MirReqirTypCdT>
					<MirReqirTypCdT></MirReqirTypCdT>
					<MirReqirTypCdT></MirReqirTypCdT>
					<MirReqirTypCdT></MirReqirTypCdT>
					<MirReqirTypCdT></MirReqirTypCdT>
					<MirReqirTypCdT></MirReqirTypCdT>
					<MirReqirTypCdT></MirReqirTypCdT>
				</MirReqirTypCdG>
				<MirReqirValidDurG>
					<MirReqirValidDurT></MirReqirValidDurT>
					<MirReqirValidDurT></MirReqirValidDurT>
					<MirReqirValidDurT></MirReqirValidDurT>
					<MirReqirValidDurT></MirReqirValidDurT>
					<MirReqirValidDurT></MirReqirValidDurT>
					<MirReqirValidDurT></MirReqirValidDurT>
					<MirReqirValidDurT></MirReqirValidDurT>
					<MirReqirValidDurT></MirReqirValidDurT>
					<MirReqirValidDurT></MirReqirValidDurT>
					<MirReqirValidDurT></MirReqirValidDurT>
					<MirReqirValidDurT></MirReqirValidDurT>
				</MirReqirValidDurG>
				<MirDvReqirDescTxtG>
					<MirDvReqirDescTxtT></MirDvReqirDescTxtT>
					<MirDvReqirDescTxtT></MirDvReqirDescTxtT>
					<MirDvReqirDescTxtT></MirDvReqirDescTxtT>
					<MirDvReqirDescTxtT></MirDvReqirDescTxtT>
					<MirDvReqirDescTxtT></MirDvReqirDescTxtT>
					<MirDvReqirDescTxtT></MirDvReqirDescTxtT>
					<MirDvReqirDescTxtT></MirDvReqirDescTxtT>
					<MirDvReqirDescTxtT></MirDvReqirDescTxtT>
					<MirDvReqirDescTxtT></MirDvReqirDescTxtT>
					<MirDvReqirDescTxtT></MirDvReqirDescTxtT>
					<MirDvReqirDescTxtT></MirDvReqirDescTxtT>
				</MirDvReqirDescTxtG>
			</MirCommonFields>
			<MirListFields>
				<MirReqirIdG>
					<MirReqirIdT></MirReqirIdT>
					<MirReqirIdT></MirReqirIdT>
					<MirReqirIdT></MirReqirIdT>
					<MirReqirIdT></MirReqirIdT>
					<MirReqirIdT></MirReqirIdT>
					<MirReqirIdT></MirReqirIdT>
					<MirReqirIdT></MirReqirIdT>
					<MirReqirIdT></MirReqirIdT>
					<MirReqirIdT></MirReqirIdT>
					<MirReqirIdT></MirReqirIdT>
					<MirReqirIdT></MirReqirIdT>
				</MirReqirIdG>
			</MirListFields>
		</RequirementTableInquiryData>
		<ReturnCds>
			<MirRetrnCd></MirRetrnCd>
			<LsirReturnCd></LsirReturnCd>
		</ReturnCds>
		<MirUserMsgG>
			<MirUserMsgTxtG>
				<MirUserMsgTxtT></MirUserMsgTxtT>
				<MirUserMsgTxtT></MirUserMsgTxtT>
				<MirUserMsgTxtT></MirUserMsgTxtT>
				<MirUserMsgTxtT></MirUserMsgTxtT>
				<MirUserMsgTxtT></MirUserMsgTxtT>
				<MirUserMsgTxtT></MirUserMsgTxtT>
				<MirUserMsgTxtT></MirUserMsgTxtT>
				<MirUserMsgTxtT></MirUserMsgTxtT>
				<MirUserMsgTxtT></MirUserMsgTxtT>
				<MirUserMsgTxtT></MirUserMsgTxtT>
				<MirUserMsgTxtT></MirUserMsgTxtT>
				<MirUserMsgTxtT></MirUserMsgTxtT>
				<MirUserMsgTxtT></MirUserMsgTxtT>
				<MirUserMsgTxtT></MirUserMsgTxtT>
				<MirUserMsgTxtT></MirUserMsgTxtT>
				<MirUserMsgTxtT></MirUserMsgTxtT>
				<MirUserMsgTxtT></MirUserMsgTxtT>
				<MirUserMsgTxtT></MirUserMsgTxtT>
				<MirUserMsgTxtT></MirUserMsgTxtT>
				<MirUserMsgTxtT></MirUserMsgTxtT>
				<MirUserMsgTxtT></MirUserMsgTxtT>
				<MirUserMsgTxtT></MirUserMsgTxtT>
				<MirUserMsgTxtT></MirUserMsgTxtT>
				<MirUserMsgTxtT></MirUserMsgTxtT>
				<MirUserMsgTxtT></MirUserMsgTxtT>
				<MirUserMsgTxtT></MirUserMsgTxtT>
				<MirUserMsgTxtT></MirUserMsgTxtT>
				<MirUserMsgTxtT></MirUserMsgTxtT>
				<MirUserMsgTxtT></MirUserMsgTxtT>
				<MirUserMsgTxtT></MirUserMsgTxtT>
				<MirUserMsgTxtT></MirUserMsgTxtT>
				<MirUserMsgTxtT></MirUserMsgTxtT>
				<MirUserMsgTxtT></MirUserMsgTxtT>
				<MirUserMsgTxtT></MirUserMsgTxtT>
				<MirUserMsgTxtT></MirUserMsgTxtT>
				<MirUserMsgTxtT></MirUserMsgTxtT>
				<MirUserMsgTxtT></MirUserMsgTxtT>
				<MirUserMsgTxtT></MirUserMsgTxtT>
				<MirUserMsgTxtT></MirUserMsgTxtT>
				<MirUserMsgTxtT></MirUserMsgTxtT>
				<MirUserMsgTxtT></MirUserMsgTxtT>
				<MirUserMsgTxtT></MirUserMsgTxtT>
				<MirUserMsgTxtT></MirUserMsgTxtT>
				<MirUserMsgTxtT></MirUserMsgTxtT>
				<MirUserMsgTxtT></MirUserMsgTxtT>
				<MirUserMsgTxtT></MirUserMsgTxtT>
				<MirUserMsgTxtT></MirUserMsgTxtT>
				<MirUserMsgTxtT></MirUserMsgTxtT>
				<MirUserMsgTxtT></MirUserMsgTxtT>
				<MirUserMsgTxtT></MirUserMsgTxtT>
			</MirUserMsgTxtG>
			<MirUserMsgSevrtyCdG>
				<MirUserMsgSevrtyCdT></MirUserMsgSevrtyCdT>
				<MirUserMsgSevrtyCdT></MirUserMsgSevrtyCdT>
				<MirUserMsgSevrtyCdT></MirUserMsgSevrtyCdT>
				<MirUserMsgSevrtyCdT></MirUserMsgSevrtyCdT>
				<MirUserMsgSevrtyCdT></MirUserMsgSevrtyCdT>
				<MirUserMsgSevrtyCdT></MirUserMsgSevrtyCdT>
				<MirUserMsgSevrtyCdT></MirUserMsgSevrtyCdT>
				<MirUserMsgSevrtyCdT></MirUserMsgSevrtyCdT>
				<MirUserMsgSevrtyCdT></MirUserMsgSevrtyCdT>
				<MirUserMsgSevrtyCdT></MirUserMsgSevrtyCdT>
				<MirUserMsgSevrtyCdT></MirUserMsgSevrtyCdT>
				<MirUserMsgSevrtyCdT></MirUserMsgSevrtyCdT>
				<MirUserMsgSevrtyCdT></MirUserMsgSevrtyCdT>
				<MirUserMsgSevrtyCdT></MirUserMsgSevrtyCdT>
				<MirUserMsgSevrtyCdT></MirUserMsgSevrtyCdT>
				<MirUserMsgSevrtyCdT></MirUserMsgSevrtyCdT>
				<MirUserMsgSevrtyCdT></MirUserMsgSevrtyCdT>
				<MirUserMsgSevrtyCdT></MirUserMsgSevrtyCdT>
				<MirUserMsgSevrtyCdT></MirUserMsgSevrtyCdT>
				<MirUserMsgSevrtyCdT></MirUserMsgSevrtyCdT>
				<MirUserMsgSevrtyCdT></MirUserMsgSevrtyCdT>
				<MirUserMsgSevrtyCdT></MirUserMsgSevrtyCdT>
				<MirUserMsgSevrtyCdT></MirUserMsgSevrtyCdT>
				<MirUserMsgSevrtyCdT></MirUserMsgSevrtyCdT>
				<MirUserMsgSevrtyCdT></MirUserMsgSevrtyCdT>
				<MirUserMsgSevrtyCdT></MirUserMsgSevrtyCdT>
				<MirUserMsgSevrtyCdT></MirUserMsgSevrtyCdT>
				<MirUserMsgSevrtyCdT></MirUserMsgSevrtyCdT>
				<MirUserMsgSevrtyCdT></MirUserMsgSevrtyCdT>
				<MirUserMsgSevrtyCdT></MirUserMsgSevrtyCdT>
				<MirUserMsgSevrtyCdT></MirUserMsgSevrtyCdT>
				<MirUserMsgSevrtyCdT></MirUserMsgSevrtyCdT>
				<MirUserMsgSevrtyCdT></MirUserMsgSevrtyCdT>
				<MirUserMsgSevrtyCdT></MirUserMsgSevrtyCdT>
				<MirUserMsgSevrtyCdT></MirUserMsgSevrtyCdT>
				<MirUserMsgSevrtyCdT></MirUserMsgSevrtyCdT>
				<MirUserMsgSevrtyCdT></MirUserMsgSevrtyCdT>
				<MirUserMsgSevrtyCdT></MirUserMsgSevrtyCdT>
				<MirUserMsgSevrtyCdT></MirUserMsgSevrtyCdT>
				<MirUserMsgSevrtyCdT></MirUserMsgSevrtyCdT>
				<MirUserMsgSevrtyCdT></MirUserMsgSevrtyCdT>
				<MirUserMsgSevrtyCdT></MirUserMsgSevrtyCdT>
				<MirUserMsgSevrtyCdT></MirUserMsgSevrtyCdT>
				<MirUserMsgSevrtyCdT></MirUserMsgSevrtyCdT>
				<MirUserMsgSevrtyCdT></MirUserMsgSevrtyCdT>
				<MirUserMsgSevrtyCdT></MirUserMsgSevrtyCdT>
				<MirUserMsgSevrtyCdT></MirUserMsgSevrtyCdT>
				<MirUserMsgSevrtyCdT></MirUserMsgSevrtyCdT>
				<MirUserMsgSevrtyCdT></MirUserMsgSevrtyCdT>
				<MirUserMsgSevrtyCdT></MirUserMsgSevrtyCdT>
			</MirUserMsgSevrtyCdG>
		</MirUserMsgG>
	</OLifE>
