<?xml version="1.0" encoding="UTF-8"?>
<TXLife xmlns="http://ACORD.org/Standards/Life/2" xmlns:xsi="http://www.w3.org/2001/XMLSchema-instance" xmlns:xsd="http://www.w3.org/2001/XMLSchema" xsi:schemaLocation="http://ACORD.org/Standards/Life/2 ../xsd/TXLife2.9.00.xsd">
        <UserAuthRequest>
                <UserLoginName></UserLoginName>
                <UserPswd>
                        <CryptType>NONE</CryptType>
                        <Pswd></Pswd>
                </UserPswd>
        </UserAuthRequest>
        <TXLifeRequest>
                <TransRefGUID></TransRefGUID>
                <TransType tc=""></TransType>
                <TransExeDate></TransExeDate>
                <TransExeTime></TransExeTime>
                <OLifE>
		<RequirementTableInquiryData>
			<MirCommonFields>
				<MirFolwup1DocIdG>
					<MirFolwup1DocIdT></MirFolwup1DocIdT>
					<MirFolwup1DocIdT></MirFolwup1DocIdT>
					<MirFolwup1DocIdT></MirFolwup1DocIdT>
					<MirFolwup1DocIdT></MirFolwup1DocIdT>
					<MirFolwup1DocIdT></MirFolwup1DocIdT>
					<MirFolwup1DocIdT></MirFolwup1DocIdT>
					<MirFolwup1DocIdT></MirFolwup1DocIdT>
					<MirFolwup1DocIdT></MirFolwup1DocIdT>
					<MirFolwup1DocIdT></MirFolwup1DocIdT>
					<MirFolwup1DocIdT></MirFolwup1DocIdT>
					<MirFolwup1DocIdT></MirFolwup1DocIdT>
				</MirFolwup1DocIdG>
				<MirFolwup2DocIdG>
					<MirFolwup2DocIdT></MirFolwup2DocIdT>
					<MirFolwup2DocIdT></MirFolwup2DocIdT>
					<MirFolwup2DocIdT></MirFolwup2DocIdT>
					<MirFolwup2DocIdT></MirFolwup2DocIdT>
					<MirFolwup2DocIdT></MirFolwup2DocIdT>
					<MirFolwup2DocIdT></MirFolwup2DocIdT>
					<MirFolwup2DocIdT></MirFolwup2DocIdT>
					<MirFolwup2DocIdT></MirFolwup2DocIdT>
					<MirFolwup2DocIdT></MirFolwup2DocIdT>
					<MirFolwup2DocIdT></MirFolwup2DocIdT>
					<MirFolwup2DocIdT></MirFolwup2DocIdT>
				</MirFolwup2DocIdG>
				<MirFolwup3DocIdG>
					<MirFolwup3DocIdT></MirFolwup3DocIdT>
					<MirFolwup3DocIdT></MirFolwup3DocIdT>
					<MirFolwup3DocIdT></MirFolwup3DocIdT>
					<MirFolwup3DocIdT></MirFolwup3DocIdT>
					<MirFolwup3DocIdT></MirFolwup3DocIdT>
					<MirFolwup3DocIdT></MirFolwup3DocIdT>
					<MirFolwup3DocIdT></MirFolwup3DocIdT>
					<MirFolwup3DocIdT></MirFolwup3DocIdT>
					<MirFolwup3DocIdT></MirFolwup3DocIdT>
					<MirFolwup3DocIdT></MirFolwup3DocIdT>
					<MirFolwup3DocIdT></MirFolwup3DocIdT>
				</MirFolwup3DocIdG>
				<MirFolwup1DyDurG>
					<MirFolwup1DyDurT></MirFolwup1DyDurT>
					<MirFolwup1DyDurT></MirFolwup1DyDurT>
					<MirFolwup1DyDurT></MirFolwup1DyDurT>
					<MirFolwup1DyDurT></MirFolwup1DyDurT>
					<MirFolwup1DyDurT></MirFolwup1DyDurT>
					<MirFolwup1DyDurT></MirFolwup1DyDurT>
					<MirFolwup1DyDurT></MirFolwup1DyDurT>
					<MirFolwup1DyDurT></MirFolwup1DyDurT>
					<MirFolwup1DyDurT></MirFolwup1DyDurT>
					<MirFolwup1DyDurT></MirFolwup1DyDurT>
					<MirFolwup1DyDurT></MirFolwup1DyDurT>
				</MirFolwup1DyDurG>
				<MirFolwup2DyDurG>
					<MirFolwup2DyDurT></MirFolwup2DyDurT>
					<MirFolwup2DyDurT></MirFolwup2DyDurT>
					<MirFolwup2DyDurT></MirFolwup2DyDurT>
					<MirFolwup2DyDurT></MirFolwup2DyDurT>
					<MirFolwup2DyDurT></MirFolwup2DyDurT>
					<MirFolwup2DyDurT></MirFolwup2DyDurT>
					<MirFolwup2DyDurT></MirFolwup2DyDurT>
					<MirFolwup2DyDurT></MirFolwup2DyDurT>
					<MirFolwup2DyDurT></MirFolwup2DyDurT>
					<MirFolwup2DyDurT></MirFolwup2DyDurT>
					<MirFolwup2DyDurT></MirFolwup2DyDurT>
				</MirFolwup2DyDurG>
				<MirFolwup3DyDurG>
					<MirFolwup3DyDurT></MirFolwup3DyDurT>
					<MirFolwup3DyDurT></MirFolwup3DyDurT>
					<MirFolwup3DyDurT></MirFolwup3DyDurT>
					<MirFolwup3DyDurT></MirFolwup3DyDurT>
					<MirFolwup3DyDurT></MirFolwup3DyDurT>
					<MirFolwup3DyDurT></MirFolwup3DyDurT>
					<MirFolwup3DyDurT></MirFolwup3DyDurT>
					<MirFolwup3DyDurT></MirFolwup3DyDurT>
					<MirFolwup3DyDurT></MirFolwup3DyDurT>
					<MirFolwup3DyDurT></MirFolwup3DyDurT>
					<MirFolwup3DyDurT></MirFolwup3DyDurT>
				</MirFolwup3DyDurG>
				<MirLabIdG>
					<MirLabIdT></MirLabIdT>
					<MirLabIdT></MirLabIdT>
					<MirLabIdT></MirLabIdT>
					<MirLabIdT></MirLabIdT>
					<MirLabIdT></MirLabIdT>
					<MirLabIdT></MirLabIdT>
					<MirLabIdT></MirLabIdT>
					<MirLabIdT></MirLabIdT>
					<MirLabIdT></MirLabIdT>
					<MirLabIdT></MirLabIdT>
					<MirLabIdT></MirLabIdT>
				</MirLabIdG>
				<MirReqirId></MirReqirId>
				<MirReqirTypCdG>
					<MirReqirTypCdT></MirReqirTypCdT>
					<MirReqirTypCdT></MirReqirTypCdT>
					<MirReqirTypCdT></MirReqirTypCdT>
					<MirReqirTypCdT></MirReqirTypCdT>
					<MirReqirTypCdT></MirReqirTypCdT>
					<MirReqirTypCdT></MirReqirTypCdT>
					<MirReqirTypCdT></MirReqirTypCdT>
					<MirReqirTypCdT></MirReqirTypCdT>
					<MirReqirTypCdT></MirReqirTypCdT>
					<MirReqirTypCdT></MirReqirTypCdT>
					<MirReqirTypCdT></MirReqirTypCdT>
				</MirReqirTypCdG>
				<MirReqirValidDurG>
					<MirReqirValidDurT></MirReqirValidDurT>
					<MirReqirValidDurT></MirReqirValidDurT>
					<MirReqirValidDurT></MirReqirValidDurT>
					<MirReqirValidDurT></MirReqirValidDurT>
					<MirReqirValidDurT></MirReqirValidDurT>
					<MirReqirValidDurT></MirReqirValidDurT>
					<MirReqirValidDurT></MirReqirValidDurT>
					<MirReqirValidDurT></MirReqirValidDurT>
					<MirReqirValidDurT></MirReqirValidDurT>
					<MirReqirValidDurT></MirReqirValidDurT>
					<MirReqirValidDurT></MirReqirValidDurT>
				</MirReqirValidDurG>
				<MirDvReqirDescTxtG>
					<MirDvReqirDescTxtT></MirDvReqirDescTxtT>
					<MirDvReqirDescTxtT></MirDvReqirDescTxtT>
					<MirDvReqirDescTxtT></MirDvReqirDescTxtT>
					<MirDvReqirDescTxtT></MirDvReqirDescTxtT>
					<MirDvReqirDescTxtT></MirDvReqirDescTxtT>
					<MirDvReqirDescTxtT></MirDvReqirDescTxtT>
					<MirDvReqirDescTxtT></MirDvReqirDescTxtT>
					<MirDvReqirDescTxtT></MirDvReqirDescTxtT>
					<MirDvReqirDescTxtT></MirDvReqirDescTxtT>
					<MirDvReqirDescTxtT></MirDvReqirDescTxtT>
					<MirDvReqirDescTxtT></MirDvReqirDescTxtT>
				</MirDvReqirDescTxtG>
			</MirCommonFields>
			<MirListFields>
				<MirReqirIdG>
					<MirReqirIdT></MirReqirIdT>
					<MirReqirIdT></MirReqirIdT>
					<MirReqirIdT></MirReqirIdT>
					<MirReqirIdT></MirReqirIdT>
					<MirReqirIdT></MirReqirIdT>
					<MirReqirIdT></MirReqirIdT>
					<MirReqirIdT></MirReqirIdT>
					<MirReqirIdT></MirReqirIdT>
					<MirReqirIdT></MirReqirIdT>
					<MirReqirIdT></MirReqirIdT>
					<MirReqirIdT></MirReqirIdT>
				</MirReqirIdG>
			</MirListFields>
		</RequirementTableInquiryData>
        </OLifE>
        </TXLifeRequest>
</TXLife>
