<?xml version="1.0" encoding="UTF-8"?>
<TXLife xmlns="http://ACORD.org/Standards/Life/2" xmlns:xsi="http://www.w3.org/2001/XMLSchema-instance" xmlns:xsd="http://www.w3.org/2001/XMLSchema" xsi:schemaLocation="http://ACORD.org/Standards/Life/2 ../xsd/TXLife2.9.00.xsd">
        <UserAuthRequest>
                <UserLoginName></UserLoginName>
                <UserPswd>
                        <CryptType>NONE</CryptType>
                        <Pswd></Pswd>
                </UserPswd>
        </UserAuthRequest>
        <TXLifeRequest>
                <TransRefGUID></TransRefGUID>
                <TransType tc=""></TransType>
                <TransExeDate></TransExeDate>
                <TransExeTime></TransExeTime>
                <OLifE>
		<RequirementsUpdateData>
			<MirCommonFields>
				<MirServBrId></MirServBrId>
				<MirCliId></MirCliId>
				<MirDvInsrdCliNm></MirDvInsrdCliNm>
				<MirPolId>
					<MirPolIdBase></MirPolIdBase>
					<MirPolIdSfx></MirPolIdSfx>
				</MirPolId>
				<MirCpreqCreatDt></MirCpreqCreatDt>
				<MirReqirId></MirReqirId>
				<MirCpreqSeqNum></MirCpreqSeqNum>
				<MirDvScrollTxt></MirDvScrollTxt>
				<MirSbsdryCoId></MirSbsdryCoId>
				<MirDvRevwReqirInd></MirDvRevwReqirInd>
				<MirScrollInd></MirScrollInd>
				<MirCpreqPdIndG>
					<MirCpreqPdIndT></MirCpreqPdIndT>
					<MirCpreqPdIndT></MirCpreqPdIndT>
					<MirCpreqPdIndT></MirCpreqPdIndT>
					<MirCpreqPdIndT></MirCpreqPdIndT>
					<MirCpreqPdIndT></MirCpreqPdIndT>
					<MirCpreqPdIndT></MirCpreqPdIndT>
					<MirCpreqPdIndT></MirCpreqPdIndT>
					<MirCpreqPdIndT></MirCpreqPdIndT>
					<MirCpreqPdIndT></MirCpreqPdIndT>
					<MirCpreqPdIndT></MirCpreqPdIndT>
					<MirCpreqPdIndT></MirCpreqPdIndT>
					<MirCpreqPdIndT></MirCpreqPdIndT>
				</MirCpreqPdIndG>
				<MirCpreqNewRsltInd></MirCpreqNewRsltInd>
				<MirCpreqDesgntId></MirCpreqDesgntId>
				<MirCpreqFolwupDt></MirCpreqFolwupDt>
				<MirCpreqFolwupNum></MirCpreqFolwupNum>
				<MirCpreqPdInd></MirCpreqPdInd>
				<MirCpreqEffDt></MirCpreqEffDt>
				<MirCpreqStatCd></MirCpreqStatCd>
				<MirCpreqTstDt></MirCpreqTstDt>
				<MirCpreqTstRsltCd></MirCpreqTstRsltCd>
				<MirReqirTypCd></MirReqirTypCd>
				<MirCpreqValidDt></MirCpreqValidDt>
				<MirUserId></MirUserId>
				<MirCmpltnessInd></MirCmpltnessInd>
				<MirIndexNum></MirIndexNum>
			</MirCommonFields>
			<MirListFields>
				<MirReqirIdG>
					<MirReqirIdT></MirReqirIdT>
					<MirReqirIdT></MirReqirIdT>
					<MirReqirIdT></MirReqirIdT>
					<MirReqirIdT></MirReqirIdT>
					<MirReqirIdT></MirReqirIdT>
					<MirReqirIdT></MirReqirIdT>
					<MirReqirIdT></MirReqirIdT>
					<MirReqirIdT></MirReqirIdT>
					<MirReqirIdT></MirReqirIdT>
					<MirReqirIdT></MirReqirIdT>
					<MirReqirIdT></MirReqirIdT>
					<MirReqirIdT></MirReqirIdT>
				</MirReqirIdG>
				<MirCpreqDesgntIdG>
					<MirCpreqDesgntIdT></MirCpreqDesgntIdT>
					<MirCpreqDesgntIdT></MirCpreqDesgntIdT>
					<MirCpreqDesgntIdT></MirCpreqDesgntIdT>
					<MirCpreqDesgntIdT></MirCpreqDesgntIdT>
					<MirCpreqDesgntIdT></MirCpreqDesgntIdT>
					<MirCpreqDesgntIdT></MirCpreqDesgntIdT>
					<MirCpreqDesgntIdT></MirCpreqDesgntIdT>
					<MirCpreqDesgntIdT></MirCpreqDesgntIdT>
					<MirCpreqDesgntIdT></MirCpreqDesgntIdT>
					<MirCpreqDesgntIdT></MirCpreqDesgntIdT>
					<MirCpreqDesgntIdT></MirCpreqDesgntIdT>
					<MirCpreqDesgntIdT></MirCpreqDesgntIdT>
				</MirCpreqDesgntIdG>
				<MirCpreqFolwupDtG>
					<MirCpreqFolwupDtT></MirCpreqFolwupDtT>
					<MirCpreqFolwupDtT></MirCpreqFolwupDtT>
					<MirCpreqFolwupDtT></MirCpreqFolwupDtT>
					<MirCpreqFolwupDtT></MirCpreqFolwupDtT>
					<MirCpreqFolwupDtT></MirCpreqFolwupDtT>
					<MirCpreqFolwupDtT></MirCpreqFolwupDtT>
					<MirCpreqFolwupDtT></MirCpreqFolwupDtT>
					<MirCpreqFolwupDtT></MirCpreqFolwupDtT>
					<MirCpreqFolwupDtT></MirCpreqFolwupDtT>
					<MirCpreqFolwupDtT></MirCpreqFolwupDtT>
					<MirCpreqFolwupDtT></MirCpreqFolwupDtT>
					<MirCpreqFolwupDtT></MirCpreqFolwupDtT>
				</MirCpreqFolwupDtG>
				<MirCpreqFolwupNumG>
					<MirCpreqFolwupNumT></MirCpreqFolwupNumT>
					<MirCpreqFolwupNumT></MirCpreqFolwupNumT>
					<MirCpreqFolwupNumT></MirCpreqFolwupNumT>
					<MirCpreqFolwupNumT></MirCpreqFolwupNumT>
					<MirCpreqFolwupNumT></MirCpreqFolwupNumT>
					<MirCpreqFolwupNumT></MirCpreqFolwupNumT>
					<MirCpreqFolwupNumT></MirCpreqFolwupNumT>
					<MirCpreqFolwupNumT></MirCpreqFolwupNumT>
					<MirCpreqFolwupNumT></MirCpreqFolwupNumT>
					<MirCpreqFolwupNumT></MirCpreqFolwupNumT>
					<MirCpreqFolwupNumT></MirCpreqFolwupNumT>
					<MirCpreqFolwupNumT></MirCpreqFolwupNumT>
				</MirCpreqFolwupNumG>
				<MirCpreqSeqNumG>
					<MirCpreqSeqNumT></MirCpreqSeqNumT>
					<MirCpreqSeqNumT></MirCpreqSeqNumT>
					<MirCpreqSeqNumT></MirCpreqSeqNumT>
					<MirCpreqSeqNumT></MirCpreqSeqNumT>
					<MirCpreqSeqNumT></MirCpreqSeqNumT>
					<MirCpreqSeqNumT></MirCpreqSeqNumT>
					<MirCpreqSeqNumT></MirCpreqSeqNumT>
					<MirCpreqSeqNumT></MirCpreqSeqNumT>
					<MirCpreqSeqNumT></MirCpreqSeqNumT>
					<MirCpreqSeqNumT></MirCpreqSeqNumT>
					<MirCpreqSeqNumT></MirCpreqSeqNumT>
					<MirCpreqSeqNumT></MirCpreqSeqNumT>
				</MirCpreqSeqNumG>
				<MirCpreqStatCdG>
					<MirCpreqStatCdT></MirCpreqStatCdT>
					<MirCpreqStatCdT></MirCpreqStatCdT>
					<MirCpreqStatCdT></MirCpreqStatCdT>
					<MirCpreqStatCdT></MirCpreqStatCdT>
					<MirCpreqStatCdT></MirCpreqStatCdT>
					<MirCpreqStatCdT></MirCpreqStatCdT>
					<MirCpreqStatCdT></MirCpreqStatCdT>
					<MirCpreqStatCdT></MirCpreqStatCdT>
					<MirCpreqStatCdT></MirCpreqStatCdT>
					<MirCpreqStatCdT></MirCpreqStatCdT>
					<MirCpreqStatCdT></MirCpreqStatCdT>
					<MirCpreqStatCdT></MirCpreqStatCdT>
				</MirCpreqStatCdG>
				<MirCpreqEffDtG>
					<MirCpreqEffDtT></MirCpreqEffDtT>
					<MirCpreqEffDtT></MirCpreqEffDtT>
					<MirCpreqEffDtT></MirCpreqEffDtT>
					<MirCpreqEffDtT></MirCpreqEffDtT>
					<MirCpreqEffDtT></MirCpreqEffDtT>
					<MirCpreqEffDtT></MirCpreqEffDtT>
					<MirCpreqEffDtT></MirCpreqEffDtT>
					<MirCpreqEffDtT></MirCpreqEffDtT>
					<MirCpreqEffDtT></MirCpreqEffDtT>
					<MirCpreqEffDtT></MirCpreqEffDtT>
					<MirCpreqEffDtT></MirCpreqEffDtT>
					<MirCpreqEffDtT></MirCpreqEffDtT>
				</MirCpreqEffDtG>
				<MirCpreqTstDtG>
					<MirCpreqTstDtT></MirCpreqTstDtT>
					<MirCpreqTstDtT></MirCpreqTstDtT>
					<MirCpreqTstDtT></MirCpreqTstDtT>
					<MirCpreqTstDtT></MirCpreqTstDtT>
					<MirCpreqTstDtT></MirCpreqTstDtT>
					<MirCpreqTstDtT></MirCpreqTstDtT>
					<MirCpreqTstDtT></MirCpreqTstDtT>
					<MirCpreqTstDtT></MirCpreqTstDtT>
					<MirCpreqTstDtT></MirCpreqTstDtT>
					<MirCpreqTstDtT></MirCpreqTstDtT>
					<MirCpreqTstDtT></MirCpreqTstDtT>
					<MirCpreqTstDtT></MirCpreqTstDtT>
				</MirCpreqTstDtG>
				<MirCpreqTstRsltCdG>
					<MirCpreqTstRsltCdT></MirCpreqTstRsltCdT>
					<MirCpreqTstRsltCdT></MirCpreqTstRsltCdT>
					<MirCpreqTstRsltCdT></MirCpreqTstRsltCdT>
					<MirCpreqTstRsltCdT></MirCpreqTstRsltCdT>
					<MirCpreqTstRsltCdT></MirCpreqTstRsltCdT>
					<MirCpreqTstRsltCdT></MirCpreqTstRsltCdT>
					<MirCpreqTstRsltCdT></MirCpreqTstRsltCdT>
					<MirCpreqTstRsltCdT></MirCpreqTstRsltCdT>
					<MirCpreqTstRsltCdT></MirCpreqTstRsltCdT>
					<MirCpreqTstRsltCdT></MirCpreqTstRsltCdT>
					<MirCpreqTstRsltCdT></MirCpreqTstRsltCdT>
					<MirCpreqTstRsltCdT></MirCpreqTstRsltCdT>
				</MirCpreqTstRsltCdG>
				<MirReqirTypCdG>
					<MirReqirTypCdT></MirReqirTypCdT>
					<MirReqirTypCdT></MirReqirTypCdT>
					<MirReqirTypCdT></MirReqirTypCdT>
					<MirReqirTypCdT></MirReqirTypCdT>
					<MirReqirTypCdT></MirReqirTypCdT>
					<MirReqirTypCdT></MirReqirTypCdT>
					<MirReqirTypCdT></MirReqirTypCdT>
					<MirReqirTypCdT></MirReqirTypCdT>
					<MirReqirTypCdT></MirReqirTypCdT>
					<MirReqirTypCdT></MirReqirTypCdT>
					<MirReqirTypCdT></MirReqirTypCdT>
					<MirReqirTypCdT></MirReqirTypCdT>
				</MirReqirTypCdG>
				<MirCpreqValidDtG>
					<MirCpreqValidDtT></MirCpreqValidDtT>
					<MirCpreqValidDtT></MirCpreqValidDtT>
					<MirCpreqValidDtT></MirCpreqValidDtT>
					<MirCpreqValidDtT></MirCpreqValidDtT>
					<MirCpreqValidDtT></MirCpreqValidDtT>
					<MirCpreqValidDtT></MirCpreqValidDtT>
					<MirCpreqValidDtT></MirCpreqValidDtT>
					<MirCpreqValidDtT></MirCpreqValidDtT>
					<MirCpreqValidDtT></MirCpreqValidDtT>
					<MirCpreqValidDtT></MirCpreqValidDtT>
					<MirCpreqValidDtT></MirCpreqValidDtT>
					<MirCpreqValidDtT></MirCpreqValidDtT>
				</MirCpreqValidDtG>
				<MirUserIdG>
					<MirUserIdT></MirUserIdT>
					<MirUserIdT></MirUserIdT>
					<MirUserIdT></MirUserIdT>
					<MirUserIdT></MirUserIdT>
					<MirUserIdT></MirUserIdT>
					<MirUserIdT></MirUserIdT>
					<MirUserIdT></MirUserIdT>
					<MirUserIdT></MirUserIdT>
					<MirUserIdT></MirUserIdT>
					<MirUserIdT></MirUserIdT>
					<MirUserIdT></MirUserIdT>
					<MirUserIdT></MirUserIdT>
				</MirUserIdG>
				<MirCmpltnessIndG>
					<MirCmpltnessIndT></MirCmpltnessIndT>
					<MirCmpltnessIndT></MirCmpltnessIndT>
					<MirCmpltnessIndT></MirCmpltnessIndT>
					<MirCmpltnessIndT></MirCmpltnessIndT>
					<MirCmpltnessIndT></MirCmpltnessIndT>
					<MirCmpltnessIndT></MirCmpltnessIndT>
					<MirCmpltnessIndT></MirCmpltnessIndT>
					<MirCmpltnessIndT></MirCmpltnessIndT>
					<MirCmpltnessIndT></MirCmpltnessIndT>
					<MirCmpltnessIndT></MirCmpltnessIndT>
					<MirCmpltnessIndT></MirCmpltnessIndT>
					<MirCmpltnessIndT></MirCmpltnessIndT>
				</MirCmpltnessIndG>
				<MirIndexNumG>
					<MirIndexNumT></MirIndexNumT>
					<MirIndexNumT></MirIndexNumT>
					<MirIndexNumT></MirIndexNumT>
					<MirIndexNumT></MirIndexNumT>
					<MirIndexNumT></MirIndexNumT>
					<MirIndexNumT></MirIndexNumT>
					<MirIndexNumT></MirIndexNumT>
					<MirIndexNumT></MirIndexNumT>
					<MirIndexNumT></MirIndexNumT>
					<MirIndexNumT></MirIndexNumT>
					<MirIndexNumT></MirIndexNumT>
					<MirIndexNumT></MirIndexNumT>
				</MirIndexNumG>
			</MirListFields>
		</RequirementsUpdateData>
        </OLifE>
        </TXLifeRequest>
</TXLife>
