	<OLifE>
		<RiskRatingToolFormConfirmationData>
			<MirDvPrcesStateCd></MirDvPrcesStateCd>
			<MirDvPrcesCd></MirDvPrcesCd>
			<MirPrcesInfo>
				<MirPolIdBase></MirPolIdBase>
				<MirPolIdSfx></MirPolIdSfx>
				<MirCliLastName></MirCliLastName>
				<MirCliFirstName></MirCliFirstName>
				<MirCliCoName></MirCliCoName>
				<MirRskeId></MirRskeId>
				<MirHldRskeId></MirHldRskeId>
				<MirCliNameSrchInd></MirCliNameSrchInd>
				<MirCliRiskRat></MirCliRiskRat>
				<MirCliRiskRatNb></MirCliRiskRatNb>
				<MirCliRiskRatUw></MirCliRiskRatUw>
				<MirDvCliNm></MirDvCliNm>
				<MirCliId></MirCliId>
				<MirRrtfSeqNum></MirRrtfSeqNum>
				<MirTotApplScore></MirTotApplScore>
				<MirExactMtchInd></MirExactMtchInd>
				<MirRrtfCliInfoT>
					<MirRrtfCliCat></MirRrtfCliCat>
					<MirRrtfCliCat></MirRrtfCliCat>
					<MirRrtfCliCat></MirRrtfCliCat>
					<MirRrtfCliCat></MirRrtfCliCat>
					<MirRrtfCliCat></MirRrtfCliCat>
					<MirRrtfCliCat></MirRrtfCliCat>
					<MirRrtfCliCat></MirRrtfCliCat>
					<MirRrtfCliRr></MirRrtfCliRr>
					<MirRrtfCliRr></MirRrtfCliRr>
					<MirRrtfCliRr></MirRrtfCliRr>
					<MirRrtfCliRr></MirRrtfCliRr>
					<MirRrtfCliRr></MirRrtfCliRr>
					<MirRrtfCliRr></MirRrtfCliRr>
					<MirRrtfCliRr></MirRrtfCliRr>
					<MirRrtfCliTrueInd></MirRrtfCliTrueInd>
					<MirRrtfCliTrueInd></MirRrtfCliTrueInd>
					<MirRrtfCliTrueInd></MirRrtfCliTrueInd>
					<MirRrtfCliTrueInd></MirRrtfCliTrueInd>
					<MirRrtfCliTrueInd></MirRrtfCliTrueInd>
					<MirRrtfCliTrueInd></MirRrtfCliTrueInd>
					<MirRrtfCliTrueInd></MirRrtfCliTrueInd>
					<MirRrtfCliScore></MirRrtfCliScore>
					<MirRrtfCliScore></MirRrtfCliScore>
					<MirRrtfCliScore></MirRrtfCliScore>
					<MirRrtfCliScore></MirRrtfCliScore>
					<MirRrtfCliScore></MirRrtfCliScore>
					<MirRrtfCliScore></MirRrtfCliScore>
					<MirRrtfCliScore></MirRrtfCliScore>
					<MirRrtfCliValue></MirRrtfCliValue>
					<MirRrtfCliValue></MirRrtfCliValue>
					<MirRrtfCliValue></MirRrtfCliValue>
					<MirRrtfCliValue></MirRrtfCliValue>
					<MirRrtfCliValue></MirRrtfCliValue>
					<MirRrtfCliValue></MirRrtfCliValue>
					<MirRrtfCliValue></MirRrtfCliValue>
				</MirRrtfCliInfoT>
				<MirRrtfGeoInfoT>
					<MirRrtfGeoCat></MirRrtfGeoCat>
					<MirRrtfGeoCat></MirRrtfGeoCat>
					<MirRrtfGeoCat></MirRrtfGeoCat>
					<MirRrtfGeoCat></MirRrtfGeoCat>
					<MirRrtfGeoRr></MirRrtfGeoRr>
					<MirRrtfGeoRr></MirRrtfGeoRr>
					<MirRrtfGeoRr></MirRrtfGeoRr>
					<MirRrtfGeoRr></MirRrtfGeoRr>
					<MirRrtfGeoTrueInd></MirRrtfGeoTrueInd>
					<MirRrtfGeoTrueInd></MirRrtfGeoTrueInd>
					<MirRrtfGeoTrueInd></MirRrtfGeoTrueInd>
					<MirRrtfGeoTrueInd></MirRrtfGeoTrueInd>
					<MirRrtfGeoScore></MirRrtfGeoScore>
					<MirRrtfGeoScore></MirRrtfGeoScore>
					<MirRrtfGeoScore></MirRrtfGeoScore>
					<MirRrtfGeoScore></MirRrtfGeoScore>
					<MirRrtfGeoValue></MirRrtfGeoValue>
					<MirRrtfGeoValue></MirRrtfGeoValue>
					<MirRrtfGeoValue></MirRrtfGeoValue>
					<MirRrtfGeoValue></MirRrtfGeoValue>
				</MirRrtfGeoInfoT>
				<MirRrtfAmtInfoT>
					<MirRrtfAmtCat></MirRrtfAmtCat>
					<MirRrtfAmtCat></MirRrtfAmtCat>
					<MirRrtfAmtCat></MirRrtfAmtCat>
					<MirRrtfAmtCat></MirRrtfAmtCat>
					<MirRrtfAmtCat></MirRrtfAmtCat>
					<MirRrtfAmtCat></MirRrtfAmtCat>
					<MirRrtfAmtCat></MirRrtfAmtCat>
					<MirRrtfAmtCat></MirRrtfAmtCat>
					<MirRrtfAmtCat></MirRrtfAmtCat>
					<MirRrtfAmtCat></MirRrtfAmtCat>
					<MirRrtfAmtCat></MirRrtfAmtCat>
					<MirRrtfAmtRr></MirRrtfAmtRr>
					<MirRrtfAmtRr></MirRrtfAmtRr>
					<MirRrtfAmtRr></MirRrtfAmtRr>
					<MirRrtfAmtRr></MirRrtfAmtRr>
					<MirRrtfAmtRr></MirRrtfAmtRr>
					<MirRrtfAmtRr></MirRrtfAmtRr>
					<MirRrtfAmtRr></MirRrtfAmtRr>
					<MirRrtfAmtRr></MirRrtfAmtRr>
					<MirRrtfAmtRr></MirRrtfAmtRr>
					<MirRrtfAmtRr></MirRrtfAmtRr>
					<MirRrtfAmtRr></MirRrtfAmtRr>
					<MirRrtfAmtTrueInd></MirRrtfAmtTrueInd>
					<MirRrtfAmtTrueInd></MirRrtfAmtTrueInd>
					<MirRrtfAmtTrueInd></MirRrtfAmtTrueInd>
					<MirRrtfAmtTrueInd></MirRrtfAmtTrueInd>
					<MirRrtfAmtTrueInd></MirRrtfAmtTrueInd>
					<MirRrtfAmtTrueInd></MirRrtfAmtTrueInd>
					<MirRrtfAmtTrueInd></MirRrtfAmtTrueInd>
					<MirRrtfAmtTrueInd></MirRrtfAmtTrueInd>
					<MirRrtfAmtTrueInd></MirRrtfAmtTrueInd>
					<MirRrtfAmtTrueInd></MirRrtfAmtTrueInd>
					<MirRrtfAmtTrueInd></MirRrtfAmtTrueInd>
					<MirRrtfAmtScore></MirRrtfAmtScore>
					<MirRrtfAmtScore></MirRrtfAmtScore>
					<MirRrtfAmtScore></MirRrtfAmtScore>
					<MirRrtfAmtScore></MirRrtfAmtScore>
					<MirRrtfAmtScore></MirRrtfAmtScore>
					<MirRrtfAmtScore></MirRrtfAmtScore>
					<MirRrtfAmtScore></MirRrtfAmtScore>
					<MirRrtfAmtScore></MirRrtfAmtScore>
					<MirRrtfAmtScore></MirRrtfAmtScore>
					<MirRrtfAmtScore></MirRrtfAmtScore>
					<MirRrtfAmtScore></MirRrtfAmtScore>
					<MirRrtfAmtValue></MirRrtfAmtValue>
					<MirRrtfAmtValue></MirRrtfAmtValue>
					<MirRrtfAmtValue></MirRrtfAmtValue>
					<MirRrtfAmtValue></MirRrtfAmtValue>
					<MirRrtfAmtValue></MirRrtfAmtValue>
					<MirRrtfAmtValue></MirRrtfAmtValue>
					<MirRrtfAmtValue></MirRrtfAmtValue>
					<MirRrtfAmtValue></MirRrtfAmtValue>
					<MirRrtfAmtValue></MirRrtfAmtValue>
					<MirRrtfAmtValue></MirRrtfAmtValue>
					<MirRrtfAmtValue></MirRrtfAmtValue>
				</MirRrtfAmtInfoT>
				<MirRrtfProdInfoT>
					<MirRrtfProdCat></MirRrtfProdCat>
					<MirRrtfProdCat></MirRrtfProdCat>
					<MirRrtfProdCat></MirRrtfProdCat>
					<MirRrtfProdCat></MirRrtfProdCat>
					<MirRrtfProdRr></MirRrtfProdRr>
					<MirRrtfProdRr></MirRrtfProdRr>
					<MirRrtfProdRr></MirRrtfProdRr>
					<MirRrtfProdRr></MirRrtfProdRr>
					<MirRrtfProdTrueInd></MirRrtfProdTrueInd>
					<MirRrtfProdTrueInd></MirRrtfProdTrueInd>
					<MirRrtfProdTrueInd></MirRrtfProdTrueInd>
					<MirRrtfProdTrueInd></MirRrtfProdTrueInd>
					<MirRrtfProdScore></MirRrtfProdScore>
					<MirRrtfProdScore></MirRrtfProdScore>
					<MirRrtfProdScore></MirRrtfProdScore>
					<MirRrtfProdScore></MirRrtfProdScore>
					<MirRrtfProdValue></MirRrtfProdValue>
					<MirRrtfProdValue></MirRrtfProdValue>
					<MirRrtfProdValue></MirRrtfProdValue>
					<MirRrtfProdValue></MirRrtfProdValue>
				</MirRrtfProdInfoT>
				<MirRrtfTotPremInfoT>
					<MirRrtfTotPremCat></MirRrtfTotPremCat>
					<MirRrtfTotPremCat></MirRrtfTotPremCat>
					<MirRrtfTotPremCat></MirRrtfTotPremCat>
					<MirRrtfTotPremCat></MirRrtfTotPremCat>
					<MirRrtfTotPremRr></MirRrtfTotPremRr>
					<MirRrtfTotPremRr></MirRrtfTotPremRr>
					<MirRrtfTotPremRr></MirRrtfTotPremRr>
					<MirRrtfTotPremRr></MirRrtfTotPremRr>
					<MirRrtfTotPremTrueInd></MirRrtfTotPremTrueInd>
					<MirRrtfTotPremTrueInd></MirRrtfTotPremTrueInd>
					<MirRrtfTotPremTrueInd></MirRrtfTotPremTrueInd>
					<MirRrtfTotPremTrueInd></MirRrtfTotPremTrueInd>
					<MirRrtfTotPremScore></MirRrtfTotPremScore>
					<MirRrtfTotPremScore></MirRrtfTotPremScore>
					<MirRrtfTotPremScore></MirRrtfTotPremScore>
					<MirRrtfTotPremScore></MirRrtfTotPremScore>
					<MirRrtfTotPremValue></MirRrtfTotPremValue>
					<MirRrtfTotPremValue></MirRrtfTotPremValue>
					<MirRrtfTotPremValue></MirRrtfTotPremValue>
					<MirRrtfTotPremValue></MirRrtfTotPremValue>
				</MirRrtfTotPremInfoT>
				<MirRskeInfoT>
					<MirRskeIdT></MirRskeIdT>
					<MirRskeIdT></MirRskeIdT>
					<MirRskeIdT></MirRskeIdT>
					<MirRskeIdT></MirRskeIdT>
					<MirRskeIdT></MirRskeIdT>
					<MirRskeIdT></MirRskeIdT>
					<MirRskeIdT></MirRskeIdT>
					<MirRskeIdT></MirRskeIdT>
					<MirRskeIdT></MirRskeIdT>
					<MirRskeIdT></MirRskeIdT>
					<MirRskeIdT></MirRskeIdT>
					<MirRskeIdT></MirRskeIdT>
					<MirRskeIdT></MirRskeIdT>
					<MirRskeIdT></MirRskeIdT>
					<MirRskeIdT></MirRskeIdT>
					<MirRskeIdT></MirRskeIdT>
					<MirRskeIdT></MirRskeIdT>
					<MirRskeIdT></MirRskeIdT>
					<MirRskeIdT></MirRskeIdT>
					<MirRskeIdT></MirRskeIdT>
					<MirRskeNmT></MirRskeNmT>
					<MirRskeNmT></MirRskeNmT>
					<MirRskeNmT></MirRskeNmT>
					<MirRskeNmT></MirRskeNmT>
					<MirRskeNmT></MirRskeNmT>
					<MirRskeNmT></MirRskeNmT>
					<MirRskeNmT></MirRskeNmT>
					<MirRskeNmT></MirRskeNmT>
					<MirRskeNmT></MirRskeNmT>
					<MirRskeNmT></MirRskeNmT>
					<MirRskeNmT></MirRskeNmT>
					<MirRskeNmT></MirRskeNmT>
					<MirRskeNmT></MirRskeNmT>
					<MirRskeNmT></MirRskeNmT>
					<MirRskeNmT></MirRskeNmT>
					<MirRskeNmT></MirRskeNmT>
					<MirRskeNmT></MirRskeNmT>
					<MirRskeNmT></MirRskeNmT>
					<MirRskeNmT></MirRskeNmT>
					<MirRskeNmT></MirRskeNmT>
					<MirRskeSexCdT></MirRskeSexCdT>
					<MirRskeSexCdT></MirRskeSexCdT>
					<MirRskeSexCdT></MirRskeSexCdT>
					<MirRskeSexCdT></MirRskeSexCdT>
					<MirRskeSexCdT></MirRskeSexCdT>
					<MirRskeSexCdT></MirRskeSexCdT>
					<MirRskeSexCdT></MirRskeSexCdT>
					<MirRskeSexCdT></MirRskeSexCdT>
					<MirRskeSexCdT></MirRskeSexCdT>
					<MirRskeSexCdT></MirRskeSexCdT>
					<MirRskeSexCdT></MirRskeSexCdT>
					<MirRskeSexCdT></MirRskeSexCdT>
					<MirRskeSexCdT></MirRskeSexCdT>
					<MirRskeSexCdT></MirRskeSexCdT>
					<MirRskeSexCdT></MirRskeSexCdT>
					<MirRskeSexCdT></MirRskeSexCdT>
					<MirRskeSexCdT></MirRskeSexCdT>
					<MirRskeSexCdT></MirRskeSexCdT>
					<MirRskeSexCdT></MirRskeSexCdT>
					<MirRskeSexCdT></MirRskeSexCdT>
					<MirRskeBthDtT></MirRskeBthDtT>
					<MirRskeBthDtT></MirRskeBthDtT>
					<MirRskeBthDtT></MirRskeBthDtT>
					<MirRskeBthDtT></MirRskeBthDtT>
					<MirRskeBthDtT></MirRskeBthDtT>
					<MirRskeBthDtT></MirRskeBthDtT>
					<MirRskeBthDtT></MirRskeBthDtT>
					<MirRskeBthDtT></MirRskeBthDtT>
					<MirRskeBthDtT></MirRskeBthDtT>
					<MirRskeBthDtT></MirRskeBthDtT>
					<MirRskeBthDtT></MirRskeBthDtT>
					<MirRskeBthDtT></MirRskeBthDtT>
					<MirRskeBthDtT></MirRskeBthDtT>
					<MirRskeBthDtT></MirRskeBthDtT>
					<MirRskeBthDtT></MirRskeBthDtT>
					<MirRskeBthDtT></MirRskeBthDtT>
					<MirRskeBthDtT></MirRskeBthDtT>
					<MirRskeBthDtT></MirRskeBthDtT>
					<MirRskeBthDtT></MirRskeBthDtT>
					<MirRskeBthDtT></MirRskeBthDtT>
					<MirRskeCatCdT></MirRskeCatCdT>
					<MirRskeCatCdT></MirRskeCatCdT>
					<MirRskeCatCdT></MirRskeCatCdT>
					<MirRskeCatCdT></MirRskeCatCdT>
					<MirRskeCatCdT></MirRskeCatCdT>
					<MirRskeCatCdT></MirRskeCatCdT>
					<MirRskeCatCdT></MirRskeCatCdT>
					<MirRskeCatCdT></MirRskeCatCdT>
					<MirRskeCatCdT></MirRskeCatCdT>
					<MirRskeCatCdT></MirRskeCatCdT>
					<MirRskeCatCdT></MirRskeCatCdT>
					<MirRskeCatCdT></MirRskeCatCdT>
					<MirRskeCatCdT></MirRskeCatCdT>
					<MirRskeCatCdT></MirRskeCatCdT>
					<MirRskeCatCdT></MirRskeCatCdT>
					<MirRskeCatCdT></MirRskeCatCdT>
					<MirRskeCatCdT></MirRskeCatCdT>
					<MirRskeCatCdT></MirRskeCatCdT>
					<MirRskeCatCdT></MirRskeCatCdT>
					<MirRskeCatCdT></MirRskeCatCdT>
					<MirRskeAlgdCrmT></MirRskeAlgdCrmT>
					<MirRskeAlgdCrmT></MirRskeAlgdCrmT>
					<MirRskeAlgdCrmT></MirRskeAlgdCrmT>
					<MirRskeAlgdCrmT></MirRskeAlgdCrmT>
					<MirRskeAlgdCrmT></MirRskeAlgdCrmT>
					<MirRskeAlgdCrmT></MirRskeAlgdCrmT>
					<MirRskeAlgdCrmT></MirRskeAlgdCrmT>
					<MirRskeAlgdCrmT></MirRskeAlgdCrmT>
					<MirRskeAlgdCrmT></MirRskeAlgdCrmT>
					<MirRskeAlgdCrmT></MirRskeAlgdCrmT>
					<MirRskeAlgdCrmT></MirRskeAlgdCrmT>
					<MirRskeAlgdCrmT></MirRskeAlgdCrmT>
					<MirRskeAlgdCrmT></MirRskeAlgdCrmT>
					<MirRskeAlgdCrmT></MirRskeAlgdCrmT>
					<MirRskeAlgdCrmT></MirRskeAlgdCrmT>
					<MirRskeAlgdCrmT></MirRskeAlgdCrmT>
					<MirRskeAlgdCrmT></MirRskeAlgdCrmT>
					<MirRskeAlgdCrmT></MirRskeAlgdCrmT>
					<MirRskeAlgdCrmT></MirRskeAlgdCrmT>
					<MirRskeAlgdCrmT></MirRskeAlgdCrmT>
					<MirRskeEffDtT></MirRskeEffDtT>
					<MirRskeEffDtT></MirRskeEffDtT>
					<MirRskeEffDtT></MirRskeEffDtT>
					<MirRskeEffDtT></MirRskeEffDtT>
					<MirRskeEffDtT></MirRskeEffDtT>
					<MirRskeEffDtT></MirRskeEffDtT>
					<MirRskeEffDtT></MirRskeEffDtT>
					<MirRskeEffDtT></MirRskeEffDtT>
					<MirRskeEffDtT></MirRskeEffDtT>
					<MirRskeEffDtT></MirRskeEffDtT>
					<MirRskeEffDtT></MirRskeEffDtT>
					<MirRskeEffDtT></MirRskeEffDtT>
					<MirRskeEffDtT></MirRskeEffDtT>
					<MirRskeEffDtT></MirRskeEffDtT>
					<MirRskeEffDtT></MirRskeEffDtT>
					<MirRskeEffDtT></MirRskeEffDtT>
					<MirRskeEffDtT></MirRskeEffDtT>
					<MirRskeEffDtT></MirRskeEffDtT>
					<MirRskeEffDtT></MirRskeEffDtT>
					<MirRskeEffDtT></MirRskeEffDtT>
				</MirRskeInfoT>
				<MirRrtfListInfoT>
					<MirCliIdT></MirCliIdT>
					<MirCliIdT></MirCliIdT>
					<MirCliIdT></MirCliIdT>
					<MirCliIdT></MirCliIdT>
					<MirCliIdT></MirCliIdT>
					<MirCliIdT></MirCliIdT>
					<MirCliIdT></MirCliIdT>
					<MirCliIdT></MirCliIdT>
					<MirCliIdT></MirCliIdT>
					<MirCliIdT></MirCliIdT>
					<MirCliIdT></MirCliIdT>
					<MirCliIdT></MirCliIdT>
					<MirCliIdT></MirCliIdT>
					<MirCliIdT></MirCliIdT>
					<MirCliIdT></MirCliIdT>
					<MirCliIdT></MirCliIdT>
					<MirCliIdT></MirCliIdT>
					<MirCliIdT></MirCliIdT>
					<MirCliIdT></MirCliIdT>
					<MirCliIdT></MirCliIdT>
					<MirCliIdT></MirCliIdT>
					<MirCliIdT></MirCliIdT>
					<MirCliIdT></MirCliIdT>
					<MirCliIdT></MirCliIdT>
					<MirCliIdT></MirCliIdT>
					<MirCliIdT></MirCliIdT>
					<MirCliIdT></MirCliIdT>
					<MirCliIdT></MirCliIdT>
					<MirCliIdT></MirCliIdT>
					<MirCliIdT></MirCliIdT>
					<MirCliIdT></MirCliIdT>
					<MirCliIdT></MirCliIdT>
					<MirCliIdT></MirCliIdT>
					<MirCliIdT></MirCliIdT>
					<MirCliIdT></MirCliIdT>
					<MirCliIdT></MirCliIdT>
					<MirCliIdT></MirCliIdT>
					<MirCliIdT></MirCliIdT>
					<MirCliIdT></MirCliIdT>
					<MirCliIdT></MirCliIdT>
					<MirCliIdT></MirCliIdT>
					<MirCliIdT></MirCliIdT>
					<MirCliIdT></MirCliIdT>
					<MirCliIdT></MirCliIdT>
					<MirCliIdT></MirCliIdT>
					<MirCliIdT></MirCliIdT>
					<MirCliIdT></MirCliIdT>
					<MirCliIdT></MirCliIdT>
					<MirCliIdT></MirCliIdT>
					<MirCliIdT></MirCliIdT>
					<MirDvCliNmT></MirDvCliNmT>
					<MirDvCliNmT></MirDvCliNmT>
					<MirDvCliNmT></MirDvCliNmT>
					<MirDvCliNmT></MirDvCliNmT>
					<MirDvCliNmT></MirDvCliNmT>
					<MirDvCliNmT></MirDvCliNmT>
					<MirDvCliNmT></MirDvCliNmT>
					<MirDvCliNmT></MirDvCliNmT>
					<MirDvCliNmT></MirDvCliNmT>
					<MirDvCliNmT></MirDvCliNmT>
					<MirDvCliNmT></MirDvCliNmT>
					<MirDvCliNmT></MirDvCliNmT>
					<MirDvCliNmT></MirDvCliNmT>
					<MirDvCliNmT></MirDvCliNmT>
					<MirDvCliNmT></MirDvCliNmT>
					<MirDvCliNmT></MirDvCliNmT>
					<MirDvCliNmT></MirDvCliNmT>
					<MirDvCliNmT></MirDvCliNmT>
					<MirDvCliNmT></MirDvCliNmT>
					<MirDvCliNmT></MirDvCliNmT>
					<MirDvCliNmT></MirDvCliNmT>
					<MirDvCliNmT></MirDvCliNmT>
					<MirDvCliNmT></MirDvCliNmT>
					<MirDvCliNmT></MirDvCliNmT>
					<MirDvCliNmT></MirDvCliNmT>
					<MirDvCliNmT></MirDvCliNmT>
					<MirDvCliNmT></MirDvCliNmT>
					<MirDvCliNmT></MirDvCliNmT>
					<MirDvCliNmT></MirDvCliNmT>
					<MirDvCliNmT></MirDvCliNmT>
					<MirDvCliNmT></MirDvCliNmT>
					<MirDvCliNmT></MirDvCliNmT>
					<MirDvCliNmT></MirDvCliNmT>
					<MirDvCliNmT></MirDvCliNmT>
					<MirDvCliNmT></MirDvCliNmT>
					<MirDvCliNmT></MirDvCliNmT>
					<MirDvCliNmT></MirDvCliNmT>
					<MirDvCliNmT></MirDvCliNmT>
					<MirDvCliNmT></MirDvCliNmT>
					<MirDvCliNmT></MirDvCliNmT>
					<MirDvCliNmT></MirDvCliNmT>
					<MirDvCliNmT></MirDvCliNmT>
					<MirDvCliNmT></MirDvCliNmT>
					<MirDvCliNmT></MirDvCliNmT>
					<MirDvCliNmT></MirDvCliNmT>
					<MirDvCliNmT></MirDvCliNmT>
					<MirDvCliNmT></MirDvCliNmT>
					<MirDvCliNmT></MirDvCliNmT>
					<MirDvCliNmT></MirDvCliNmT>
					<MirDvCliNmT></MirDvCliNmT>
					<MirRrtfSeqNumT></MirRrtfSeqNumT>
					<MirRrtfSeqNumT></MirRrtfSeqNumT>
					<MirRrtfSeqNumT></MirRrtfSeqNumT>
					<MirRrtfSeqNumT></MirRrtfSeqNumT>
					<MirRrtfSeqNumT></MirRrtfSeqNumT>
					<MirRrtfSeqNumT></MirRrtfSeqNumT>
					<MirRrtfSeqNumT></MirRrtfSeqNumT>
					<MirRrtfSeqNumT></MirRrtfSeqNumT>
					<MirRrtfSeqNumT></MirRrtfSeqNumT>
					<MirRrtfSeqNumT></MirRrtfSeqNumT>
					<MirRrtfSeqNumT></MirRrtfSeqNumT>
					<MirRrtfSeqNumT></MirRrtfSeqNumT>
					<MirRrtfSeqNumT></MirRrtfSeqNumT>
					<MirRrtfSeqNumT></MirRrtfSeqNumT>
					<MirRrtfSeqNumT></MirRrtfSeqNumT>
					<MirRrtfSeqNumT></MirRrtfSeqNumT>
					<MirRrtfSeqNumT></MirRrtfSeqNumT>
					<MirRrtfSeqNumT></MirRrtfSeqNumT>
					<MirRrtfSeqNumT></MirRrtfSeqNumT>
					<MirRrtfSeqNumT></MirRrtfSeqNumT>
					<MirRrtfSeqNumT></MirRrtfSeqNumT>
					<MirRrtfSeqNumT></MirRrtfSeqNumT>
					<MirRrtfSeqNumT></MirRrtfSeqNumT>
					<MirRrtfSeqNumT></MirRrtfSeqNumT>
					<MirRrtfSeqNumT></MirRrtfSeqNumT>
					<MirRrtfSeqNumT></MirRrtfSeqNumT>
					<MirRrtfSeqNumT></MirRrtfSeqNumT>
					<MirRrtfSeqNumT></MirRrtfSeqNumT>
					<MirRrtfSeqNumT></MirRrtfSeqNumT>
					<MirRrtfSeqNumT></MirRrtfSeqNumT>
					<MirRrtfSeqNumT></MirRrtfSeqNumT>
					<MirRrtfSeqNumT></MirRrtfSeqNumT>
					<MirRrtfSeqNumT></MirRrtfSeqNumT>
					<MirRrtfSeqNumT></MirRrtfSeqNumT>
					<MirRrtfSeqNumT></MirRrtfSeqNumT>
					<MirRrtfSeqNumT></MirRrtfSeqNumT>
					<MirRrtfSeqNumT></MirRrtfSeqNumT>
					<MirRrtfSeqNumT></MirRrtfSeqNumT>
					<MirRrtfSeqNumT></MirRrtfSeqNumT>
					<MirRrtfSeqNumT></MirRrtfSeqNumT>
					<MirRrtfSeqNumT></MirRrtfSeqNumT>
					<MirRrtfSeqNumT></MirRrtfSeqNumT>
					<MirRrtfSeqNumT></MirRrtfSeqNumT>
					<MirRrtfSeqNumT></MirRrtfSeqNumT>
					<MirRrtfSeqNumT></MirRrtfSeqNumT>
					<MirRrtfSeqNumT></MirRrtfSeqNumT>
					<MirRrtfSeqNumT></MirRrtfSeqNumT>
					<MirRrtfSeqNumT></MirRrtfSeqNumT>
					<MirRrtfSeqNumT></MirRrtfSeqNumT>
					<MirRrtfSeqNumT></MirRrtfSeqNumT>
					<MirTotApplScoreT></MirTotApplScoreT>
					<MirTotApplScoreT></MirTotApplScoreT>
					<MirTotApplScoreT></MirTotApplScoreT>
					<MirTotApplScoreT></MirTotApplScoreT>
					<MirTotApplScoreT></MirTotApplScoreT>
					<MirTotApplScoreT></MirTotApplScoreT>
					<MirTotApplScoreT></MirTotApplScoreT>
					<MirTotApplScoreT></MirTotApplScoreT>
					<MirTotApplScoreT></MirTotApplScoreT>
					<MirTotApplScoreT></MirTotApplScoreT>
					<MirTotApplScoreT></MirTotApplScoreT>
					<MirTotApplScoreT></MirTotApplScoreT>
					<MirTotApplScoreT></MirTotApplScoreT>
					<MirTotApplScoreT></MirTotApplScoreT>
					<MirTotApplScoreT></MirTotApplScoreT>
					<MirTotApplScoreT></MirTotApplScoreT>
					<MirTotApplScoreT></MirTotApplScoreT>
					<MirTotApplScoreT></MirTotApplScoreT>
					<MirTotApplScoreT></MirTotApplScoreT>
					<MirTotApplScoreT></MirTotApplScoreT>
					<MirTotApplScoreT></MirTotApplScoreT>
					<MirTotApplScoreT></MirTotApplScoreT>
					<MirTotApplScoreT></MirTotApplScoreT>
					<MirTotApplScoreT></MirTotApplScoreT>
					<MirTotApplScoreT></MirTotApplScoreT>
					<MirTotApplScoreT></MirTotApplScoreT>
					<MirTotApplScoreT></MirTotApplScoreT>
					<MirTotApplScoreT></MirTotApplScoreT>
					<MirTotApplScoreT></MirTotApplScoreT>
					<MirTotApplScoreT></MirTotApplScoreT>
					<MirTotApplScoreT></MirTotApplScoreT>
					<MirTotApplScoreT></MirTotApplScoreT>
					<MirTotApplScoreT></MirTotApplScoreT>
					<MirTotApplScoreT></MirTotApplScoreT>
					<MirTotApplScoreT></MirTotApplScoreT>
					<MirTotApplScoreT></MirTotApplScoreT>
					<MirTotApplScoreT></MirTotApplScoreT>
					<MirTotApplScoreT></MirTotApplScoreT>
					<MirTotApplScoreT></MirTotApplScoreT>
					<MirTotApplScoreT></MirTotApplScoreT>
					<MirTotApplScoreT></MirTotApplScoreT>
					<MirTotApplScoreT></MirTotApplScoreT>
					<MirTotApplScoreT></MirTotApplScoreT>
					<MirTotApplScoreT></MirTotApplScoreT>
					<MirTotApplScoreT></MirTotApplScoreT>
					<MirTotApplScoreT></MirTotApplScoreT>
					<MirTotApplScoreT></MirTotApplScoreT>
					<MirTotApplScoreT></MirTotApplScoreT>
					<MirTotApplScoreT></MirTotApplScoreT>
					<MirTotApplScoreT></MirTotApplScoreT>
					<MirCliRiskRatT></MirCliRiskRatT>
					<MirCliRiskRatT></MirCliRiskRatT>
					<MirCliRiskRatT></MirCliRiskRatT>
					<MirCliRiskRatT></MirCliRiskRatT>
					<MirCliRiskRatT></MirCliRiskRatT>
					<MirCliRiskRatT></MirCliRiskRatT>
					<MirCliRiskRatT></MirCliRiskRatT>
					<MirCliRiskRatT></MirCliRiskRatT>
					<MirCliRiskRatT></MirCliRiskRatT>
					<MirCliRiskRatT></MirCliRiskRatT>
					<MirCliRiskRatT></MirCliRiskRatT>
					<MirCliRiskRatT></MirCliRiskRatT>
					<MirCliRiskRatT></MirCliRiskRatT>
					<MirCliRiskRatT></MirCliRiskRatT>
					<MirCliRiskRatT></MirCliRiskRatT>
					<MirCliRiskRatT></MirCliRiskRatT>
					<MirCliRiskRatT></MirCliRiskRatT>
					<MirCliRiskRatT></MirCliRiskRatT>
					<MirCliRiskRatT></MirCliRiskRatT>
					<MirCliRiskRatT></MirCliRiskRatT>
					<MirCliRiskRatT></MirCliRiskRatT>
					<MirCliRiskRatT></MirCliRiskRatT>
					<MirCliRiskRatT></MirCliRiskRatT>
					<MirCliRiskRatT></MirCliRiskRatT>
					<MirCliRiskRatT></MirCliRiskRatT>
					<MirCliRiskRatT></MirCliRiskRatT>
					<MirCliRiskRatT></MirCliRiskRatT>
					<MirCliRiskRatT></MirCliRiskRatT>
					<MirCliRiskRatT></MirCliRiskRatT>
					<MirCliRiskRatT></MirCliRiskRatT>
					<MirCliRiskRatT></MirCliRiskRatT>
					<MirCliRiskRatT></MirCliRiskRatT>
					<MirCliRiskRatT></MirCliRiskRatT>
					<MirCliRiskRatT></MirCliRiskRatT>
					<MirCliRiskRatT></MirCliRiskRatT>
					<MirCliRiskRatT></MirCliRiskRatT>
					<MirCliRiskRatT></MirCliRiskRatT>
					<MirCliRiskRatT></MirCliRiskRatT>
					<MirCliRiskRatT></MirCliRiskRatT>
					<MirCliRiskRatT></MirCliRiskRatT>
					<MirCliRiskRatT></MirCliRiskRatT>
					<MirCliRiskRatT></MirCliRiskRatT>
					<MirCliRiskRatT></MirCliRiskRatT>
					<MirCliRiskRatT></MirCliRiskRatT>
					<MirCliRiskRatT></MirCliRiskRatT>
					<MirCliRiskRatT></MirCliRiskRatT>
					<MirCliRiskRatT></MirCliRiskRatT>
					<MirCliRiskRatT></MirCliRiskRatT>
					<MirCliRiskRatT></MirCliRiskRatT>
					<MirCliRiskRatT></MirCliRiskRatT>
					<MirCliRiskRatNbT></MirCliRiskRatNbT>
					<MirCliRiskRatNbT></MirCliRiskRatNbT>
					<MirCliRiskRatNbT></MirCliRiskRatNbT>
					<MirCliRiskRatNbT></MirCliRiskRatNbT>
					<MirCliRiskRatNbT></MirCliRiskRatNbT>
					<MirCliRiskRatNbT></MirCliRiskRatNbT>
					<MirCliRiskRatNbT></MirCliRiskRatNbT>
					<MirCliRiskRatNbT></MirCliRiskRatNbT>
					<MirCliRiskRatNbT></MirCliRiskRatNbT>
					<MirCliRiskRatNbT></MirCliRiskRatNbT>
					<MirCliRiskRatNbT></MirCliRiskRatNbT>
					<MirCliRiskRatNbT></MirCliRiskRatNbT>
					<MirCliRiskRatNbT></MirCliRiskRatNbT>
					<MirCliRiskRatNbT></MirCliRiskRatNbT>
					<MirCliRiskRatNbT></MirCliRiskRatNbT>
					<MirCliRiskRatNbT></MirCliRiskRatNbT>
					<MirCliRiskRatNbT></MirCliRiskRatNbT>
					<MirCliRiskRatNbT></MirCliRiskRatNbT>
					<MirCliRiskRatNbT></MirCliRiskRatNbT>
					<MirCliRiskRatNbT></MirCliRiskRatNbT>
					<MirCliRiskRatNbT></MirCliRiskRatNbT>
					<MirCliRiskRatNbT></MirCliRiskRatNbT>
					<MirCliRiskRatNbT></MirCliRiskRatNbT>
					<MirCliRiskRatNbT></MirCliRiskRatNbT>
					<MirCliRiskRatNbT></MirCliRiskRatNbT>
					<MirCliRiskRatNbT></MirCliRiskRatNbT>
					<MirCliRiskRatNbT></MirCliRiskRatNbT>
					<MirCliRiskRatNbT></MirCliRiskRatNbT>
					<MirCliRiskRatNbT></MirCliRiskRatNbT>
					<MirCliRiskRatNbT></MirCliRiskRatNbT>
					<MirCliRiskRatNbT></MirCliRiskRatNbT>
					<MirCliRiskRatNbT></MirCliRiskRatNbT>
					<MirCliRiskRatNbT></MirCliRiskRatNbT>
					<MirCliRiskRatNbT></MirCliRiskRatNbT>
					<MirCliRiskRatNbT></MirCliRiskRatNbT>
					<MirCliRiskRatNbT></MirCliRiskRatNbT>
					<MirCliRiskRatNbT></MirCliRiskRatNbT>
					<MirCliRiskRatNbT></MirCliRiskRatNbT>
					<MirCliRiskRatNbT></MirCliRiskRatNbT>
					<MirCliRiskRatNbT></MirCliRiskRatNbT>
					<MirCliRiskRatNbT></MirCliRiskRatNbT>
					<MirCliRiskRatNbT></MirCliRiskRatNbT>
					<MirCliRiskRatNbT></MirCliRiskRatNbT>
					<MirCliRiskRatNbT></MirCliRiskRatNbT>
					<MirCliRiskRatNbT></MirCliRiskRatNbT>
					<MirCliRiskRatNbT></MirCliRiskRatNbT>
					<MirCliRiskRatNbT></MirCliRiskRatNbT>
					<MirCliRiskRatNbT></MirCliRiskRatNbT>
					<MirCliRiskRatNbT></MirCliRiskRatNbT>
					<MirCliRiskRatNbT></MirCliRiskRatNbT>
					<MirCliRiskRatUwT></MirCliRiskRatUwT>
					<MirCliRiskRatUwT></MirCliRiskRatUwT>
					<MirCliRiskRatUwT></MirCliRiskRatUwT>
					<MirCliRiskRatUwT></MirCliRiskRatUwT>
					<MirCliRiskRatUwT></MirCliRiskRatUwT>
					<MirCliRiskRatUwT></MirCliRiskRatUwT>
					<MirCliRiskRatUwT></MirCliRiskRatUwT>
					<MirCliRiskRatUwT></MirCliRiskRatUwT>
					<MirCliRiskRatUwT></MirCliRiskRatUwT>
					<MirCliRiskRatUwT></MirCliRiskRatUwT>
					<MirCliRiskRatUwT></MirCliRiskRatUwT>
					<MirCliRiskRatUwT></MirCliRiskRatUwT>
					<MirCliRiskRatUwT></MirCliRiskRatUwT>
					<MirCliRiskRatUwT></MirCliRiskRatUwT>
					<MirCliRiskRatUwT></MirCliRiskRatUwT>
					<MirCliRiskRatUwT></MirCliRiskRatUwT>
					<MirCliRiskRatUwT></MirCliRiskRatUwT>
					<MirCliRiskRatUwT></MirCliRiskRatUwT>
					<MirCliRiskRatUwT></MirCliRiskRatUwT>
					<MirCliRiskRatUwT></MirCliRiskRatUwT>
					<MirCliRiskRatUwT></MirCliRiskRatUwT>
					<MirCliRiskRatUwT></MirCliRiskRatUwT>
					<MirCliRiskRatUwT></MirCliRiskRatUwT>
					<MirCliRiskRatUwT></MirCliRiskRatUwT>
					<MirCliRiskRatUwT></MirCliRiskRatUwT>
					<MirCliRiskRatUwT></MirCliRiskRatUwT>
					<MirCliRiskRatUwT></MirCliRiskRatUwT>
					<MirCliRiskRatUwT></MirCliRiskRatUwT>
					<MirCliRiskRatUwT></MirCliRiskRatUwT>
					<MirCliRiskRatUwT></MirCliRiskRatUwT>
					<MirCliRiskRatUwT></MirCliRiskRatUwT>
					<MirCliRiskRatUwT></MirCliRiskRatUwT>
					<MirCliRiskRatUwT></MirCliRiskRatUwT>
					<MirCliRiskRatUwT></MirCliRiskRatUwT>
					<MirCliRiskRatUwT></MirCliRiskRatUwT>
					<MirCliRiskRatUwT></MirCliRiskRatUwT>
					<MirCliRiskRatUwT></MirCliRiskRatUwT>
					<MirCliRiskRatUwT></MirCliRiskRatUwT>
					<MirCliRiskRatUwT></MirCliRiskRatUwT>
					<MirCliRiskRatUwT></MirCliRiskRatUwT>
					<MirCliRiskRatUwT></MirCliRiskRatUwT>
					<MirCliRiskRatUwT></MirCliRiskRatUwT>
					<MirCliRiskRatUwT></MirCliRiskRatUwT>
					<MirCliRiskRatUwT></MirCliRiskRatUwT>
					<MirCliRiskRatUwT></MirCliRiskRatUwT>
					<MirCliRiskRatUwT></MirCliRiskRatUwT>
					<MirCliRiskRatUwT></MirCliRiskRatUwT>
					<MirCliRiskRatUwT></MirCliRiskRatUwT>
					<MirCliRiskRatUwT></MirCliRiskRatUwT>
					<MirCliRiskRatUwT></MirCliRiskRatUwT>
					<MirLastSaveDtT></MirLastSaveDtT>
					<MirLastSaveDtT></MirLastSaveDtT>
					<MirLastSaveDtT></MirLastSaveDtT>
					<MirLastSaveDtT></MirLastSaveDtT>
					<MirLastSaveDtT></MirLastSaveDtT>
					<MirLastSaveDtT></MirLastSaveDtT>
					<MirLastSaveDtT></MirLastSaveDtT>
					<MirLastSaveDtT></MirLastSaveDtT>
					<MirLastSaveDtT></MirLastSaveDtT>
					<MirLastSaveDtT></MirLastSaveDtT>
					<MirLastSaveDtT></MirLastSaveDtT>
					<MirLastSaveDtT></MirLastSaveDtT>
					<MirLastSaveDtT></MirLastSaveDtT>
					<MirLastSaveDtT></MirLastSaveDtT>
					<MirLastSaveDtT></MirLastSaveDtT>
					<MirLastSaveDtT></MirLastSaveDtT>
					<MirLastSaveDtT></MirLastSaveDtT>
					<MirLastSaveDtT></MirLastSaveDtT>
					<MirLastSaveDtT></MirLastSaveDtT>
					<MirLastSaveDtT></MirLastSaveDtT>
					<MirLastSaveDtT></MirLastSaveDtT>
					<MirLastSaveDtT></MirLastSaveDtT>
					<MirLastSaveDtT></MirLastSaveDtT>
					<MirLastSaveDtT></MirLastSaveDtT>
					<MirLastSaveDtT></MirLastSaveDtT>
					<MirLastSaveDtT></MirLastSaveDtT>
					<MirLastSaveDtT></MirLastSaveDtT>
					<MirLastSaveDtT></MirLastSaveDtT>
					<MirLastSaveDtT></MirLastSaveDtT>
					<MirLastSaveDtT></MirLastSaveDtT>
					<MirLastSaveDtT></MirLastSaveDtT>
					<MirLastSaveDtT></MirLastSaveDtT>
					<MirLastSaveDtT></MirLastSaveDtT>
					<MirLastSaveDtT></MirLastSaveDtT>
					<MirLastSaveDtT></MirLastSaveDtT>
					<MirLastSaveDtT></MirLastSaveDtT>
					<MirLastSaveDtT></MirLastSaveDtT>
					<MirLastSaveDtT></MirLastSaveDtT>
					<MirLastSaveDtT></MirLastSaveDtT>
					<MirLastSaveDtT></MirLastSaveDtT>
					<MirLastSaveDtT></MirLastSaveDtT>
					<MirLastSaveDtT></MirLastSaveDtT>
					<MirLastSaveDtT></MirLastSaveDtT>
					<MirLastSaveDtT></MirLastSaveDtT>
					<MirLastSaveDtT></MirLastSaveDtT>
					<MirLastSaveDtT></MirLastSaveDtT>
					<MirLastSaveDtT></MirLastSaveDtT>
					<MirLastSaveDtT></MirLastSaveDtT>
					<MirLastSaveDtT></MirLastSaveDtT>
					<MirLastSaveDtT></MirLastSaveDtT>
				</MirRrtfListInfoT>
				<MirCliMidName></MirCliMidName>
			</MirPrcesInfo>
		</RiskRatingToolFormConfirmationData>
		<ReturnCds>
			<MirRetrnCd></MirRetrnCd>
			<LsirReturnCd></LsirReturnCd>
		</ReturnCds>
		<MirUserMsgG>
			<MirUserMsgTxtG>
				<MirUserMsgTxtT></MirUserMsgTxtT>
				<MirUserMsgTxtT></MirUserMsgTxtT>
				<MirUserMsgTxtT></MirUserMsgTxtT>
				<MirUserMsgTxtT></MirUserMsgTxtT>
				<MirUserMsgTxtT></MirUserMsgTxtT>
				<MirUserMsgTxtT></MirUserMsgTxtT>
				<MirUserMsgTxtT></MirUserMsgTxtT>
				<MirUserMsgTxtT></MirUserMsgTxtT>
				<MirUserMsgTxtT></MirUserMsgTxtT>
				<MirUserMsgTxtT></MirUserMsgTxtT>
				<MirUserMsgTxtT></MirUserMsgTxtT>
				<MirUserMsgTxtT></MirUserMsgTxtT>
				<MirUserMsgTxtT></MirUserMsgTxtT>
				<MirUserMsgTxtT></MirUserMsgTxtT>
				<MirUserMsgTxtT></MirUserMsgTxtT>
				<MirUserMsgTxtT></MirUserMsgTxtT>
				<MirUserMsgTxtT></MirUserMsgTxtT>
				<MirUserMsgTxtT></MirUserMsgTxtT>
				<MirUserMsgTxtT></MirUserMsgTxtT>
				<MirUserMsgTxtT></MirUserMsgTxtT>
				<MirUserMsgTxtT></MirUserMsgTxtT>
				<MirUserMsgTxtT></MirUserMsgTxtT>
				<MirUserMsgTxtT></MirUserMsgTxtT>
				<MirUserMsgTxtT></MirUserMsgTxtT>
				<MirUserMsgTxtT></MirUserMsgTxtT>
				<MirUserMsgTxtT></MirUserMsgTxtT>
				<MirUserMsgTxtT></MirUserMsgTxtT>
				<MirUserMsgTxtT></MirUserMsgTxtT>
				<MirUserMsgTxtT></MirUserMsgTxtT>
				<MirUserMsgTxtT></MirUserMsgTxtT>
				<MirUserMsgTxtT></MirUserMsgTxtT>
				<MirUserMsgTxtT></MirUserMsgTxtT>
				<MirUserMsgTxtT></MirUserMsgTxtT>
				<MirUserMsgTxtT></MirUserMsgTxtT>
				<MirUserMsgTxtT></MirUserMsgTxtT>
				<MirUserMsgTxtT></MirUserMsgTxtT>
				<MirUserMsgTxtT></MirUserMsgTxtT>
				<MirUserMsgTxtT></MirUserMsgTxtT>
				<MirUserMsgTxtT></MirUserMsgTxtT>
				<MirUserMsgTxtT></MirUserMsgTxtT>
				<MirUserMsgTxtT></MirUserMsgTxtT>
				<MirUserMsgTxtT></MirUserMsgTxtT>
				<MirUserMsgTxtT></MirUserMsgTxtT>
				<MirUserMsgTxtT></MirUserMsgTxtT>
				<MirUserMsgTxtT></MirUserMsgTxtT>
				<MirUserMsgTxtT></MirUserMsgTxtT>
				<MirUserMsgTxtT></MirUserMsgTxtT>
				<MirUserMsgTxtT></MirUserMsgTxtT>
				<MirUserMsgTxtT></MirUserMsgTxtT>
				<MirUserMsgTxtT></MirUserMsgTxtT>
			</MirUserMsgTxtG>
			<MirUserMsgSevrtyCdG>
				<MirUserMsgSevrtyCdT></MirUserMsgSevrtyCdT>
				<MirUserMsgSevrtyCdT></MirUserMsgSevrtyCdT>
				<MirUserMsgSevrtyCdT></MirUserMsgSevrtyCdT>
				<MirUserMsgSevrtyCdT></MirUserMsgSevrtyCdT>
				<MirUserMsgSevrtyCdT></MirUserMsgSevrtyCdT>
				<MirUserMsgSevrtyCdT></MirUserMsgSevrtyCdT>
				<MirUserMsgSevrtyCdT></MirUserMsgSevrtyCdT>
				<MirUserMsgSevrtyCdT></MirUserMsgSevrtyCdT>
				<MirUserMsgSevrtyCdT></MirUserMsgSevrtyCdT>
				<MirUserMsgSevrtyCdT></MirUserMsgSevrtyCdT>
				<MirUserMsgSevrtyCdT></MirUserMsgSevrtyCdT>
				<MirUserMsgSevrtyCdT></MirUserMsgSevrtyCdT>
				<MirUserMsgSevrtyCdT></MirUserMsgSevrtyCdT>
				<MirUserMsgSevrtyCdT></MirUserMsgSevrtyCdT>
				<MirUserMsgSevrtyCdT></MirUserMsgSevrtyCdT>
				<MirUserMsgSevrtyCdT></MirUserMsgSevrtyCdT>
				<MirUserMsgSevrtyCdT></MirUserMsgSevrtyCdT>
				<MirUserMsgSevrtyCdT></MirUserMsgSevrtyCdT>
				<MirUserMsgSevrtyCdT></MirUserMsgSevrtyCdT>
				<MirUserMsgSevrtyCdT></MirUserMsgSevrtyCdT>
				<MirUserMsgSevrtyCdT></MirUserMsgSevrtyCdT>
				<MirUserMsgSevrtyCdT></MirUserMsgSevrtyCdT>
				<MirUserMsgSevrtyCdT></MirUserMsgSevrtyCdT>
				<MirUserMsgSevrtyCdT></MirUserMsgSevrtyCdT>
				<MirUserMsgSevrtyCdT></MirUserMsgSevrtyCdT>
				<MirUserMsgSevrtyCdT></MirUserMsgSevrtyCdT>
				<MirUserMsgSevrtyCdT></MirUserMsgSevrtyCdT>
				<MirUserMsgSevrtyCdT></MirUserMsgSevrtyCdT>
				<MirUserMsgSevrtyCdT></MirUserMsgSevrtyCdT>
				<MirUserMsgSevrtyCdT></MirUserMsgSevrtyCdT>
				<MirUserMsgSevrtyCdT></MirUserMsgSevrtyCdT>
				<MirUserMsgSevrtyCdT></MirUserMsgSevrtyCdT>
				<MirUserMsgSevrtyCdT></MirUserMsgSevrtyCdT>
				<MirUserMsgSevrtyCdT></MirUserMsgSevrtyCdT>
				<MirUserMsgSevrtyCdT></MirUserMsgSevrtyCdT>
				<MirUserMsgSevrtyCdT></MirUserMsgSevrtyCdT>
				<MirUserMsgSevrtyCdT></MirUserMsgSevrtyCdT>
				<MirUserMsgSevrtyCdT></MirUserMsgSevrtyCdT>
				<MirUserMsgSevrtyCdT></MirUserMsgSevrtyCdT>
				<MirUserMsgSevrtyCdT></MirUserMsgSevrtyCdT>
				<MirUserMsgSevrtyCdT></MirUserMsgSevrtyCdT>
				<MirUserMsgSevrtyCdT></MirUserMsgSevrtyCdT>
				<MirUserMsgSevrtyCdT></MirUserMsgSevrtyCdT>
				<MirUserMsgSevrtyCdT></MirUserMsgSevrtyCdT>
				<MirUserMsgSevrtyCdT></MirUserMsgSevrtyCdT>
				<MirUserMsgSevrtyCdT></MirUserMsgSevrtyCdT>
				<MirUserMsgSevrtyCdT></MirUserMsgSevrtyCdT>
				<MirUserMsgSevrtyCdT></MirUserMsgSevrtyCdT>
				<MirUserMsgSevrtyCdT></MirUserMsgSevrtyCdT>
				<MirUserMsgSevrtyCdT></MirUserMsgSevrtyCdT>
			</MirUserMsgSevrtyCdG>
		</MirUserMsgG>
	</OLifE>
