<?xml version="1.0" encoding="UTF-8"?>
<TXLife xmlns="http://ACORD.org/Standards/Life/2" xmlns:xsi="http://www.w3.org/2001/XMLSchema-instance" xmlns:xsd="http://www.w3.org/2001/XMLSchema" xsi:schemaLocation="http://ACORD.org/Standards/Life/2 ../xsd/TXLife2.9.00.xsd">
        <UserAuthRequest>
                <UserLoginName></UserLoginName>
                <UserPswd>
                        <CryptType>NONE</CryptType>
                        <Pswd></Pswd>
                </UserPswd>
        </UserAuthRequest>
        <TXLifeRequest>
                <TransRefGUID></TransRefGUID>
                <TransType tc=""></TransType>
                <TransExeDate></TransExeDate>
                <TransExeTime></TransExeTime>
                <OLifE>
		<UnderwriterDecisionInquiryData>
			<MirDvBckwrdScrollInd></MirDvBckwrdScrollInd>
			<MirCommonFields>
				<MirCliId></MirCliId>
				<MirDvInsrdCliNm></MirDvInsrdCliNm>
				<MirDvCliInsrdAge></MirDvCliInsrdAge>
				<MirCliSexCd></MirCliSexCd>
				<MirCliSmkrCd></MirCliSmkrCd>
				<MirUwUser1Id></MirUwUser1Id>
				<MirUwUser2Id></MirUwUser2Id>
				<MirCliUwgdecnTypCd></MirCliUwgdecnTypCd>
				<MirCliUwgdecnCd></MirCliUwgdecnCd>
				<MirCvgNumG>
					<MirCvgNumT></MirCvgNumT>
					<MirCvgNumT></MirCvgNumT>
					<MirCvgNumT></MirCvgNumT>
					<MirCvgNumT></MirCvgNumT>
					<MirCvgNumT></MirCvgNumT>
					<MirCvgNumT></MirCvgNumT>
					<MirCvgNumT></MirCvgNumT>
					<MirCvgNumT></MirCvgNumT>
					<MirCvgNumT></MirCvgNumT>
					<MirCvgNumT></MirCvgNumT>
					<MirCvgNumT></MirCvgNumT>
					<MirCvgNumT></MirCvgNumT>
					<MirCvgNumT></MirCvgNumT>
					<MirCvgNumT></MirCvgNumT>
					<MirCvgNumT></MirCvgNumT>
					<MirCvgNumT></MirCvgNumT>
					<MirCvgNumT></MirCvgNumT>
					<MirCvgNumT></MirCvgNumT>
					<MirCvgNumT></MirCvgNumT>
					<MirCvgNumT></MirCvgNumT>
				</MirCvgNumG>
				<MirCvgCstatCdG>
					<MirCvgCstatCdT></MirCvgCstatCdT>
					<MirCvgCstatCdT></MirCvgCstatCdT>
					<MirCvgCstatCdT></MirCvgCstatCdT>
					<MirCvgCstatCdT></MirCvgCstatCdT>
					<MirCvgCstatCdT></MirCvgCstatCdT>
					<MirCvgCstatCdT></MirCvgCstatCdT>
					<MirCvgCstatCdT></MirCvgCstatCdT>
					<MirCvgCstatCdT></MirCvgCstatCdT>
					<MirCvgCstatCdT></MirCvgCstatCdT>
					<MirCvgCstatCdT></MirCvgCstatCdT>
					<MirCvgCstatCdT></MirCvgCstatCdT>
					<MirCvgCstatCdT></MirCvgCstatCdT>
					<MirCvgCstatCdT></MirCvgCstatCdT>
					<MirCvgCstatCdT></MirCvgCstatCdT>
					<MirCvgCstatCdT></MirCvgCstatCdT>
					<MirCvgCstatCdT></MirCvgCstatCdT>
					<MirCvgCstatCdT></MirCvgCstatCdT>
					<MirCvgCstatCdT></MirCvgCstatCdT>
					<MirCvgCstatCdT></MirCvgCstatCdT>
					<MirCvgCstatCdT></MirCvgCstatCdT>
				</MirCvgCstatCdG>
				<MirCvgFaceAmtG>
					<MirCvgFaceAmtT></MirCvgFaceAmtT>
					<MirCvgFaceAmtT></MirCvgFaceAmtT>
					<MirCvgFaceAmtT></MirCvgFaceAmtT>
					<MirCvgFaceAmtT></MirCvgFaceAmtT>
					<MirCvgFaceAmtT></MirCvgFaceAmtT>
					<MirCvgFaceAmtT></MirCvgFaceAmtT>
					<MirCvgFaceAmtT></MirCvgFaceAmtT>
					<MirCvgFaceAmtT></MirCvgFaceAmtT>
					<MirCvgFaceAmtT></MirCvgFaceAmtT>
					<MirCvgFaceAmtT></MirCvgFaceAmtT>
					<MirCvgFaceAmtT></MirCvgFaceAmtT>
					<MirCvgFaceAmtT></MirCvgFaceAmtT>
					<MirCvgFaceAmtT></MirCvgFaceAmtT>
					<MirCvgFaceAmtT></MirCvgFaceAmtT>
					<MirCvgFaceAmtT></MirCvgFaceAmtT>
					<MirCvgFaceAmtT></MirCvgFaceAmtT>
					<MirCvgFaceAmtT></MirCvgFaceAmtT>
					<MirCvgFaceAmtT></MirCvgFaceAmtT>
					<MirCvgFaceAmtT></MirCvgFaceAmtT>
					<MirCvgFaceAmtT></MirCvgFaceAmtT>
				</MirCvgFaceAmtG>
				<MirPlanIdG>
					<MirPlanIdT></MirPlanIdT>
					<MirPlanIdT></MirPlanIdT>
					<MirPlanIdT></MirPlanIdT>
					<MirPlanIdT></MirPlanIdT>
					<MirPlanIdT></MirPlanIdT>
					<MirPlanIdT></MirPlanIdT>
					<MirPlanIdT></MirPlanIdT>
					<MirPlanIdT></MirPlanIdT>
					<MirPlanIdT></MirPlanIdT>
					<MirPlanIdT></MirPlanIdT>
					<MirPlanIdT></MirPlanIdT>
					<MirPlanIdT></MirPlanIdT>
					<MirPlanIdT></MirPlanIdT>
					<MirPlanIdT></MirPlanIdT>
					<MirPlanIdT></MirPlanIdT>
					<MirPlanIdT></MirPlanIdT>
					<MirPlanIdT></MirPlanIdT>
					<MirPlanIdT></MirPlanIdT>
					<MirPlanIdT></MirPlanIdT>
					<MirPlanIdT></MirPlanIdT>
				</MirPlanIdG>
				<MirPolIdBaseG>
					<MirPolIdBaseT></MirPolIdBaseT>
					<MirPolIdBaseT></MirPolIdBaseT>
					<MirPolIdBaseT></MirPolIdBaseT>
					<MirPolIdBaseT></MirPolIdBaseT>
					<MirPolIdBaseT></MirPolIdBaseT>
					<MirPolIdBaseT></MirPolIdBaseT>
					<MirPolIdBaseT></MirPolIdBaseT>
					<MirPolIdBaseT></MirPolIdBaseT>
					<MirPolIdBaseT></MirPolIdBaseT>
					<MirPolIdBaseT></MirPolIdBaseT>
					<MirPolIdBaseT></MirPolIdBaseT>
					<MirPolIdBaseT></MirPolIdBaseT>
					<MirPolIdBaseT></MirPolIdBaseT>
					<MirPolIdBaseT></MirPolIdBaseT>
					<MirPolIdBaseT></MirPolIdBaseT>
					<MirPolIdBaseT></MirPolIdBaseT>
					<MirPolIdBaseT></MirPolIdBaseT>
					<MirPolIdBaseT></MirPolIdBaseT>
					<MirPolIdBaseT></MirPolIdBaseT>
					<MirPolIdBaseT></MirPolIdBaseT>
				</MirPolIdBaseG>
				<MirPolIdSfxG>
					<MirPolIdSfxT></MirPolIdSfxT>
					<MirPolIdSfxT></MirPolIdSfxT>
					<MirPolIdSfxT></MirPolIdSfxT>
					<MirPolIdSfxT></MirPolIdSfxT>
					<MirPolIdSfxT></MirPolIdSfxT>
					<MirPolIdSfxT></MirPolIdSfxT>
					<MirPolIdSfxT></MirPolIdSfxT>
					<MirPolIdSfxT></MirPolIdSfxT>
					<MirPolIdSfxT></MirPolIdSfxT>
					<MirPolIdSfxT></MirPolIdSfxT>
					<MirPolIdSfxT></MirPolIdSfxT>
					<MirPolIdSfxT></MirPolIdSfxT>
					<MirPolIdSfxT></MirPolIdSfxT>
					<MirPolIdSfxT></MirPolIdSfxT>
					<MirPolIdSfxT></MirPolIdSfxT>
					<MirPolIdSfxT></MirPolIdSfxT>
					<MirPolIdSfxT></MirPolIdSfxT>
					<MirPolIdSfxT></MirPolIdSfxT>
					<MirPolIdSfxT></MirPolIdSfxT>
					<MirPolIdSfxT></MirPolIdSfxT>
				</MirPolIdSfxG>
				<MirCvgAdFaceAmtG>
					<MirCvgAdFaceAmtT></MirCvgAdFaceAmtT>
					<MirCvgAdFaceAmtT></MirCvgAdFaceAmtT>
					<MirCvgAdFaceAmtT></MirCvgAdFaceAmtT>
					<MirCvgAdFaceAmtT></MirCvgAdFaceAmtT>
					<MirCvgAdFaceAmtT></MirCvgAdFaceAmtT>
					<MirCvgAdFaceAmtT></MirCvgAdFaceAmtT>
					<MirCvgAdFaceAmtT></MirCvgAdFaceAmtT>
					<MirCvgAdFaceAmtT></MirCvgAdFaceAmtT>
					<MirCvgAdFaceAmtT></MirCvgAdFaceAmtT>
					<MirCvgAdFaceAmtT></MirCvgAdFaceAmtT>
					<MirCvgAdFaceAmtT></MirCvgAdFaceAmtT>
					<MirCvgAdFaceAmtT></MirCvgAdFaceAmtT>
					<MirCvgAdFaceAmtT></MirCvgAdFaceAmtT>
					<MirCvgAdFaceAmtT></MirCvgAdFaceAmtT>
					<MirCvgAdFaceAmtT></MirCvgAdFaceAmtT>
					<MirCvgAdFaceAmtT></MirCvgAdFaceAmtT>
					<MirCvgAdFaceAmtT></MirCvgAdFaceAmtT>
					<MirCvgAdFaceAmtT></MirCvgAdFaceAmtT>
					<MirCvgAdFaceAmtT></MirCvgAdFaceAmtT>
					<MirCvgAdFaceAmtT></MirCvgAdFaceAmtT>
				</MirCvgAdFaceAmtG>
				<MirCvgAdMultFctG>
					<MirCvgAdMultFctT></MirCvgAdMultFctT>
					<MirCvgAdMultFctT></MirCvgAdMultFctT>
					<MirCvgAdMultFctT></MirCvgAdMultFctT>
					<MirCvgAdMultFctT></MirCvgAdMultFctT>
					<MirCvgAdMultFctT></MirCvgAdMultFctT>
					<MirCvgAdMultFctT></MirCvgAdMultFctT>
					<MirCvgAdMultFctT></MirCvgAdMultFctT>
					<MirCvgAdMultFctT></MirCvgAdMultFctT>
					<MirCvgAdMultFctT></MirCvgAdMultFctT>
					<MirCvgAdMultFctT></MirCvgAdMultFctT>
					<MirCvgAdMultFctT></MirCvgAdMultFctT>
					<MirCvgAdMultFctT></MirCvgAdMultFctT>
					<MirCvgAdMultFctT></MirCvgAdMultFctT>
					<MirCvgAdMultFctT></MirCvgAdMultFctT>
					<MirCvgAdMultFctT></MirCvgAdMultFctT>
					<MirCvgAdMultFctT></MirCvgAdMultFctT>
					<MirCvgAdMultFctT></MirCvgAdMultFctT>
					<MirCvgAdMultFctT></MirCvgAdMultFctT>
					<MirCvgAdMultFctT></MirCvgAdMultFctT>
					<MirCvgAdMultFctT></MirCvgAdMultFctT>
				</MirCvgAdMultFctG>
				<MirCvgUwgAmtG>
					<MirCvgUwgAmtT></MirCvgUwgAmtT>
					<MirCvgUwgAmtT></MirCvgUwgAmtT>
					<MirCvgUwgAmtT></MirCvgUwgAmtT>
					<MirCvgUwgAmtT></MirCvgUwgAmtT>
					<MirCvgUwgAmtT></MirCvgUwgAmtT>
					<MirCvgUwgAmtT></MirCvgUwgAmtT>
					<MirCvgUwgAmtT></MirCvgUwgAmtT>
					<MirCvgUwgAmtT></MirCvgUwgAmtT>
					<MirCvgUwgAmtT></MirCvgUwgAmtT>
					<MirCvgUwgAmtT></MirCvgUwgAmtT>
					<MirCvgUwgAmtT></MirCvgUwgAmtT>
					<MirCvgUwgAmtT></MirCvgUwgAmtT>
					<MirCvgUwgAmtT></MirCvgUwgAmtT>
					<MirCvgUwgAmtT></MirCvgUwgAmtT>
					<MirCvgUwgAmtT></MirCvgUwgAmtT>
					<MirCvgUwgAmtT></MirCvgUwgAmtT>
					<MirCvgUwgAmtT></MirCvgUwgAmtT>
					<MirCvgUwgAmtT></MirCvgUwgAmtT>
					<MirCvgUwgAmtT></MirCvgUwgAmtT>
					<MirCvgUwgAmtT></MirCvgUwgAmtT>
				</MirCvgUwgAmtG>
				<MirCvgColaSelctCdG>
					<MirCvgColaSelctCdT></MirCvgColaSelctCdT>
					<MirCvgColaSelctCdT></MirCvgColaSelctCdT>
					<MirCvgColaSelctCdT></MirCvgColaSelctCdT>
					<MirCvgColaSelctCdT></MirCvgColaSelctCdT>
					<MirCvgColaSelctCdT></MirCvgColaSelctCdT>
					<MirCvgColaSelctCdT></MirCvgColaSelctCdT>
					<MirCvgColaSelctCdT></MirCvgColaSelctCdT>
					<MirCvgColaSelctCdT></MirCvgColaSelctCdT>
					<MirCvgColaSelctCdT></MirCvgColaSelctCdT>
					<MirCvgColaSelctCdT></MirCvgColaSelctCdT>
					<MirCvgColaSelctCdT></MirCvgColaSelctCdT>
					<MirCvgColaSelctCdT></MirCvgColaSelctCdT>
					<MirCvgColaSelctCdT></MirCvgColaSelctCdT>
					<MirCvgColaSelctCdT></MirCvgColaSelctCdT>
					<MirCvgColaSelctCdT></MirCvgColaSelctCdT>
					<MirCvgColaSelctCdT></MirCvgColaSelctCdT>
					<MirCvgColaSelctCdT></MirCvgColaSelctCdT>
					<MirCvgColaSelctCdT></MirCvgColaSelctCdT>
					<MirCvgColaSelctCdT></MirCvgColaSelctCdT>
					<MirCvgColaSelctCdT></MirCvgColaSelctCdT>
				</MirCvgColaSelctCdG>
				<MirCvgEnhcTypCdG>
					<MirCvgEnhcTypCdT></MirCvgEnhcTypCdT>
					<MirCvgEnhcTypCdT></MirCvgEnhcTypCdT>
					<MirCvgEnhcTypCdT></MirCvgEnhcTypCdT>
					<MirCvgEnhcTypCdT></MirCvgEnhcTypCdT>
					<MirCvgEnhcTypCdT></MirCvgEnhcTypCdT>
					<MirCvgEnhcTypCdT></MirCvgEnhcTypCdT>
					<MirCvgEnhcTypCdT></MirCvgEnhcTypCdT>
					<MirCvgEnhcTypCdT></MirCvgEnhcTypCdT>
					<MirCvgEnhcTypCdT></MirCvgEnhcTypCdT>
					<MirCvgEnhcTypCdT></MirCvgEnhcTypCdT>
					<MirCvgEnhcTypCdT></MirCvgEnhcTypCdT>
					<MirCvgEnhcTypCdT></MirCvgEnhcTypCdT>
					<MirCvgEnhcTypCdT></MirCvgEnhcTypCdT>
					<MirCvgEnhcTypCdT></MirCvgEnhcTypCdT>
					<MirCvgEnhcTypCdT></MirCvgEnhcTypCdT>
					<MirCvgEnhcTypCdT></MirCvgEnhcTypCdT>
					<MirCvgEnhcTypCdT></MirCvgEnhcTypCdT>
					<MirCvgEnhcTypCdT></MirCvgEnhcTypCdT>
					<MirCvgEnhcTypCdT></MirCvgEnhcTypCdT>
					<MirCvgEnhcTypCdT></MirCvgEnhcTypCdT>
				</MirCvgEnhcTypCdG>
				<MirCvgUwgExcl1CdG>
					<MirCvgUwgExcl1CdT></MirCvgUwgExcl1CdT>
					<MirCvgUwgExcl1CdT></MirCvgUwgExcl1CdT>
					<MirCvgUwgExcl1CdT></MirCvgUwgExcl1CdT>
					<MirCvgUwgExcl1CdT></MirCvgUwgExcl1CdT>
					<MirCvgUwgExcl1CdT></MirCvgUwgExcl1CdT>
					<MirCvgUwgExcl1CdT></MirCvgUwgExcl1CdT>
					<MirCvgUwgExcl1CdT></MirCvgUwgExcl1CdT>
					<MirCvgUwgExcl1CdT></MirCvgUwgExcl1CdT>
					<MirCvgUwgExcl1CdT></MirCvgUwgExcl1CdT>
					<MirCvgUwgExcl1CdT></MirCvgUwgExcl1CdT>
					<MirCvgUwgExcl1CdT></MirCvgUwgExcl1CdT>
					<MirCvgUwgExcl1CdT></MirCvgUwgExcl1CdT>
					<MirCvgUwgExcl1CdT></MirCvgUwgExcl1CdT>
					<MirCvgUwgExcl1CdT></MirCvgUwgExcl1CdT>
					<MirCvgUwgExcl1CdT></MirCvgUwgExcl1CdT>
					<MirCvgUwgExcl1CdT></MirCvgUwgExcl1CdT>
					<MirCvgUwgExcl1CdT></MirCvgUwgExcl1CdT>
					<MirCvgUwgExcl1CdT></MirCvgUwgExcl1CdT>
					<MirCvgUwgExcl1CdT></MirCvgUwgExcl1CdT>
					<MirCvgUwgExcl1CdT></MirCvgUwgExcl1CdT>
				</MirCvgUwgExcl1CdG>
				<MirCvgUwgExcl2CdG>
					<MirCvgUwgExcl2CdT></MirCvgUwgExcl2CdT>
					<MirCvgUwgExcl2CdT></MirCvgUwgExcl2CdT>
					<MirCvgUwgExcl2CdT></MirCvgUwgExcl2CdT>
					<MirCvgUwgExcl2CdT></MirCvgUwgExcl2CdT>
					<MirCvgUwgExcl2CdT></MirCvgUwgExcl2CdT>
					<MirCvgUwgExcl2CdT></MirCvgUwgExcl2CdT>
					<MirCvgUwgExcl2CdT></MirCvgUwgExcl2CdT>
					<MirCvgUwgExcl2CdT></MirCvgUwgExcl2CdT>
					<MirCvgUwgExcl2CdT></MirCvgUwgExcl2CdT>
					<MirCvgUwgExcl2CdT></MirCvgUwgExcl2CdT>
					<MirCvgUwgExcl2CdT></MirCvgUwgExcl2CdT>
					<MirCvgUwgExcl2CdT></MirCvgUwgExcl2CdT>
					<MirCvgUwgExcl2CdT></MirCvgUwgExcl2CdT>
					<MirCvgUwgExcl2CdT></MirCvgUwgExcl2CdT>
					<MirCvgUwgExcl2CdT></MirCvgUwgExcl2CdT>
					<MirCvgUwgExcl2CdT></MirCvgUwgExcl2CdT>
					<MirCvgUwgExcl2CdT></MirCvgUwgExcl2CdT>
					<MirCvgUwgExcl2CdT></MirCvgUwgExcl2CdT>
					<MirCvgUwgExcl2CdT></MirCvgUwgExcl2CdT>
					<MirCvgUwgExcl2CdT></MirCvgUwgExcl2CdT>
				</MirCvgUwgExcl2CdG>
				<MirCvgUwgExcl3CdG>
					<MirCvgUwgExcl3CdT></MirCvgUwgExcl3CdT>
					<MirCvgUwgExcl3CdT></MirCvgUwgExcl3CdT>
					<MirCvgUwgExcl3CdT></MirCvgUwgExcl3CdT>
					<MirCvgUwgExcl3CdT></MirCvgUwgExcl3CdT>
					<MirCvgUwgExcl3CdT></MirCvgUwgExcl3CdT>
					<MirCvgUwgExcl3CdT></MirCvgUwgExcl3CdT>
					<MirCvgUwgExcl3CdT></MirCvgUwgExcl3CdT>
					<MirCvgUwgExcl3CdT></MirCvgUwgExcl3CdT>
					<MirCvgUwgExcl3CdT></MirCvgUwgExcl3CdT>
					<MirCvgUwgExcl3CdT></MirCvgUwgExcl3CdT>
					<MirCvgUwgExcl3CdT></MirCvgUwgExcl3CdT>
					<MirCvgUwgExcl3CdT></MirCvgUwgExcl3CdT>
					<MirCvgUwgExcl3CdT></MirCvgUwgExcl3CdT>
					<MirCvgUwgExcl3CdT></MirCvgUwgExcl3CdT>
					<MirCvgUwgExcl3CdT></MirCvgUwgExcl3CdT>
					<MirCvgUwgExcl3CdT></MirCvgUwgExcl3CdT>
					<MirCvgUwgExcl3CdT></MirCvgUwgExcl3CdT>
					<MirCvgUwgExcl3CdT></MirCvgUwgExcl3CdT>
					<MirCvgUwgExcl3CdT></MirCvgUwgExcl3CdT>
					<MirCvgUwgExcl3CdT></MirCvgUwgExcl3CdT>
				</MirCvgUwgExcl3CdG>
				<MirCvgFeDurG>
					<MirCvgFeDurT></MirCvgFeDurT>
					<MirCvgFeDurT></MirCvgFeDurT>
					<MirCvgFeDurT></MirCvgFeDurT>
					<MirCvgFeDurT></MirCvgFeDurT>
					<MirCvgFeDurT></MirCvgFeDurT>
					<MirCvgFeDurT></MirCvgFeDurT>
					<MirCvgFeDurT></MirCvgFeDurT>
					<MirCvgFeDurT></MirCvgFeDurT>
					<MirCvgFeDurT></MirCvgFeDurT>
					<MirCvgFeDurT></MirCvgFeDurT>
					<MirCvgFeDurT></MirCvgFeDurT>
					<MirCvgFeDurT></MirCvgFeDurT>
					<MirCvgFeDurT></MirCvgFeDurT>
					<MirCvgFeDurT></MirCvgFeDurT>
					<MirCvgFeDurT></MirCvgFeDurT>
					<MirCvgFeDurT></MirCvgFeDurT>
					<MirCvgFeDurT></MirCvgFeDurT>
					<MirCvgFeDurT></MirCvgFeDurT>
					<MirCvgFeDurT></MirCvgFeDurT>
					<MirCvgFeDurT></MirCvgFeDurT>
				</MirCvgFeDurG>
				<MirCvgFeUpremAmtG>
					<MirCvgFeUpremAmtT></MirCvgFeUpremAmtT>
					<MirCvgFeUpremAmtT></MirCvgFeUpremAmtT>
					<MirCvgFeUpremAmtT></MirCvgFeUpremAmtT>
					<MirCvgFeUpremAmtT></MirCvgFeUpremAmtT>
					<MirCvgFeUpremAmtT></MirCvgFeUpremAmtT>
					<MirCvgFeUpremAmtT></MirCvgFeUpremAmtT>
					<MirCvgFeUpremAmtT></MirCvgFeUpremAmtT>
					<MirCvgFeUpremAmtT></MirCvgFeUpremAmtT>
					<MirCvgFeUpremAmtT></MirCvgFeUpremAmtT>
					<MirCvgFeUpremAmtT></MirCvgFeUpremAmtT>
					<MirCvgFeUpremAmtT></MirCvgFeUpremAmtT>
					<MirCvgFeUpremAmtT></MirCvgFeUpremAmtT>
					<MirCvgFeUpremAmtT></MirCvgFeUpremAmtT>
					<MirCvgFeUpremAmtT></MirCvgFeUpremAmtT>
					<MirCvgFeUpremAmtT></MirCvgFeUpremAmtT>
					<MirCvgFeUpremAmtT></MirCvgFeUpremAmtT>
					<MirCvgFeUpremAmtT></MirCvgFeUpremAmtT>
					<MirCvgFeUpremAmtT></MirCvgFeUpremAmtT>
					<MirCvgFeUpremAmtT></MirCvgFeUpremAmtT>
					<MirCvgFeUpremAmtT></MirCvgFeUpremAmtT>
				</MirCvgFeUpremAmtG>
				<MirCvgFeReasnCdG>
					<MirCvgFeReasnCdT></MirCvgFeReasnCdT>
					<MirCvgFeReasnCdT></MirCvgFeReasnCdT>
					<MirCvgFeReasnCdT></MirCvgFeReasnCdT>
					<MirCvgFeReasnCdT></MirCvgFeReasnCdT>
					<MirCvgFeReasnCdT></MirCvgFeReasnCdT>
					<MirCvgFeReasnCdT></MirCvgFeReasnCdT>
					<MirCvgFeReasnCdT></MirCvgFeReasnCdT>
					<MirCvgFeReasnCdT></MirCvgFeReasnCdT>
					<MirCvgFeReasnCdT></MirCvgFeReasnCdT>
					<MirCvgFeReasnCdT></MirCvgFeReasnCdT>
					<MirCvgFeReasnCdT></MirCvgFeReasnCdT>
					<MirCvgFeReasnCdT></MirCvgFeReasnCdT>
					<MirCvgFeReasnCdT></MirCvgFeReasnCdT>
					<MirCvgFeReasnCdT></MirCvgFeReasnCdT>
					<MirCvgFeReasnCdT></MirCvgFeReasnCdT>
					<MirCvgFeReasnCdT></MirCvgFeReasnCdT>
					<MirCvgFeReasnCdT></MirCvgFeReasnCdT>
					<MirCvgFeReasnCdT></MirCvgFeReasnCdT>
					<MirCvgFeReasnCdT></MirCvgFeReasnCdT>
					<MirCvgFeReasnCdT></MirCvgFeReasnCdT>
				</MirCvgFeReasnCdG>
				<MirRedcEpSelctIndG>
					<MirRedcEpSelctIndT></MirRedcEpSelctIndT>
					<MirRedcEpSelctIndT></MirRedcEpSelctIndT>
					<MirRedcEpSelctIndT></MirRedcEpSelctIndT>
					<MirRedcEpSelctIndT></MirRedcEpSelctIndT>
					<MirRedcEpSelctIndT></MirRedcEpSelctIndT>
					<MirRedcEpSelctIndT></MirRedcEpSelctIndT>
					<MirRedcEpSelctIndT></MirRedcEpSelctIndT>
					<MirRedcEpSelctIndT></MirRedcEpSelctIndT>
					<MirRedcEpSelctIndT></MirRedcEpSelctIndT>
					<MirRedcEpSelctIndT></MirRedcEpSelctIndT>
					<MirRedcEpSelctIndT></MirRedcEpSelctIndT>
					<MirRedcEpSelctIndT></MirRedcEpSelctIndT>
					<MirRedcEpSelctIndT></MirRedcEpSelctIndT>
					<MirRedcEpSelctIndT></MirRedcEpSelctIndT>
					<MirRedcEpSelctIndT></MirRedcEpSelctIndT>
					<MirRedcEpSelctIndT></MirRedcEpSelctIndT>
					<MirRedcEpSelctIndT></MirRedcEpSelctIndT>
					<MirRedcEpSelctIndT></MirRedcEpSelctIndT>
					<MirRedcEpSelctIndT></MirRedcEpSelctIndT>
					<MirRedcEpSelctIndT></MirRedcEpSelctIndT>
				</MirRedcEpSelctIndG>
				<MirLivesInsrdQtyG>
					<MirLivesInsrdQtyT></MirLivesInsrdQtyT>
					<MirLivesInsrdQtyT></MirLivesInsrdQtyT>
					<MirLivesInsrdQtyT></MirLivesInsrdQtyT>
					<MirLivesInsrdQtyT></MirLivesInsrdQtyT>
					<MirLivesInsrdQtyT></MirLivesInsrdQtyT>
					<MirLivesInsrdQtyT></MirLivesInsrdQtyT>
					<MirLivesInsrdQtyT></MirLivesInsrdQtyT>
					<MirLivesInsrdQtyT></MirLivesInsrdQtyT>
					<MirLivesInsrdQtyT></MirLivesInsrdQtyT>
					<MirLivesInsrdQtyT></MirLivesInsrdQtyT>
					<MirLivesInsrdQtyT></MirLivesInsrdQtyT>
					<MirLivesInsrdQtyT></MirLivesInsrdQtyT>
					<MirLivesInsrdQtyT></MirLivesInsrdQtyT>
					<MirLivesInsrdQtyT></MirLivesInsrdQtyT>
					<MirLivesInsrdQtyT></MirLivesInsrdQtyT>
					<MirLivesInsrdQtyT></MirLivesInsrdQtyT>
					<MirLivesInsrdQtyT></MirLivesInsrdQtyT>
					<MirLivesInsrdQtyT></MirLivesInsrdQtyT>
					<MirLivesInsrdQtyT></MirLivesInsrdQtyT>
					<MirLivesInsrdQtyT></MirLivesInsrdQtyT>
				</MirLivesInsrdQtyG>
				<MirCvgLtaSelctIndG>
					<MirCvgLtaSelctIndT></MirCvgLtaSelctIndT>
					<MirCvgLtaSelctIndT></MirCvgLtaSelctIndT>
					<MirCvgLtaSelctIndT></MirCvgLtaSelctIndT>
					<MirCvgLtaSelctIndT></MirCvgLtaSelctIndT>
					<MirCvgLtaSelctIndT></MirCvgLtaSelctIndT>
					<MirCvgLtaSelctIndT></MirCvgLtaSelctIndT>
					<MirCvgLtaSelctIndT></MirCvgLtaSelctIndT>
					<MirCvgLtaSelctIndT></MirCvgLtaSelctIndT>
					<MirCvgLtaSelctIndT></MirCvgLtaSelctIndT>
					<MirCvgLtaSelctIndT></MirCvgLtaSelctIndT>
					<MirCvgLtaSelctIndT></MirCvgLtaSelctIndT>
					<MirCvgLtaSelctIndT></MirCvgLtaSelctIndT>
					<MirCvgLtaSelctIndT></MirCvgLtaSelctIndT>
					<MirCvgLtaSelctIndT></MirCvgLtaSelctIndT>
					<MirCvgLtaSelctIndT></MirCvgLtaSelctIndT>
					<MirCvgLtaSelctIndT></MirCvgLtaSelctIndT>
					<MirCvgLtaSelctIndT></MirCvgLtaSelctIndT>
					<MirCvgLtaSelctIndT></MirCvgLtaSelctIndT>
					<MirCvgLtaSelctIndT></MirCvgLtaSelctIndT>
					<MirCvgLtaSelctIndT></MirCvgLtaSelctIndT>
				</MirCvgLtaSelctIndG>
				<MirCvgLtbSelctIndG>
					<MirCvgLtbSelctIndT></MirCvgLtbSelctIndT>
					<MirCvgLtbSelctIndT></MirCvgLtbSelctIndT>
					<MirCvgLtbSelctIndT></MirCvgLtbSelctIndT>
					<MirCvgLtbSelctIndT></MirCvgLtbSelctIndT>
					<MirCvgLtbSelctIndT></MirCvgLtbSelctIndT>
					<MirCvgLtbSelctIndT></MirCvgLtbSelctIndT>
					<MirCvgLtbSelctIndT></MirCvgLtbSelctIndT>
					<MirCvgLtbSelctIndT></MirCvgLtbSelctIndT>
					<MirCvgLtbSelctIndT></MirCvgLtbSelctIndT>
					<MirCvgLtbSelctIndT></MirCvgLtbSelctIndT>
					<MirCvgLtbSelctIndT></MirCvgLtbSelctIndT>
					<MirCvgLtbSelctIndT></MirCvgLtbSelctIndT>
					<MirCvgLtbSelctIndT></MirCvgLtbSelctIndT>
					<MirCvgLtbSelctIndT></MirCvgLtbSelctIndT>
					<MirCvgLtbSelctIndT></MirCvgLtbSelctIndT>
					<MirCvgLtbSelctIndT></MirCvgLtbSelctIndT>
					<MirCvgLtbSelctIndT></MirCvgLtbSelctIndT>
					<MirCvgLtbSelctIndT></MirCvgLtbSelctIndT>
					<MirCvgLtbSelctIndT></MirCvgLtbSelctIndT>
					<MirCvgLtbSelctIndT></MirCvgLtbSelctIndT>
				</MirCvgLtbSelctIndG>
				<MirCvgMeRatCdG>
					<MirCvgMeRatCdT></MirCvgMeRatCdT>
					<MirCvgMeRatCdT></MirCvgMeRatCdT>
					<MirCvgMeRatCdT></MirCvgMeRatCdT>
					<MirCvgMeRatCdT></MirCvgMeRatCdT>
					<MirCvgMeRatCdT></MirCvgMeRatCdT>
					<MirCvgMeRatCdT></MirCvgMeRatCdT>
					<MirCvgMeRatCdT></MirCvgMeRatCdT>
					<MirCvgMeRatCdT></MirCvgMeRatCdT>
					<MirCvgMeRatCdT></MirCvgMeRatCdT>
					<MirCvgMeRatCdT></MirCvgMeRatCdT>
					<MirCvgMeRatCdT></MirCvgMeRatCdT>
					<MirCvgMeRatCdT></MirCvgMeRatCdT>
					<MirCvgMeRatCdT></MirCvgMeRatCdT>
					<MirCvgMeRatCdT></MirCvgMeRatCdT>
					<MirCvgMeRatCdT></MirCvgMeRatCdT>
					<MirCvgMeRatCdT></MirCvgMeRatCdT>
					<MirCvgMeRatCdT></MirCvgMeRatCdT>
					<MirCvgMeRatCdT></MirCvgMeRatCdT>
					<MirCvgMeRatCdT></MirCvgMeRatCdT>
					<MirCvgMeRatCdT></MirCvgMeRatCdT>
				</MirCvgMeRatCdG>
				<MirCvgMeDurG>
					<MirCvgMeDurT></MirCvgMeDurT>
					<MirCvgMeDurT></MirCvgMeDurT>
					<MirCvgMeDurT></MirCvgMeDurT>
					<MirCvgMeDurT></MirCvgMeDurT>
					<MirCvgMeDurT></MirCvgMeDurT>
					<MirCvgMeDurT></MirCvgMeDurT>
					<MirCvgMeDurT></MirCvgMeDurT>
					<MirCvgMeDurT></MirCvgMeDurT>
					<MirCvgMeDurT></MirCvgMeDurT>
					<MirCvgMeDurT></MirCvgMeDurT>
					<MirCvgMeDurT></MirCvgMeDurT>
					<MirCvgMeDurT></MirCvgMeDurT>
					<MirCvgMeDurT></MirCvgMeDurT>
					<MirCvgMeDurT></MirCvgMeDurT>
					<MirCvgMeDurT></MirCvgMeDurT>
					<MirCvgMeDurT></MirCvgMeDurT>
					<MirCvgMeDurT></MirCvgMeDurT>
					<MirCvgMeDurT></MirCvgMeDurT>
					<MirCvgMeDurT></MirCvgMeDurT>
					<MirCvgMeDurT></MirCvgMeDurT>
				</MirCvgMeDurG>
				<MirOwnOccpSelctIndG>
					<MirOwnOccpSelctIndT></MirOwnOccpSelctIndT>
					<MirOwnOccpSelctIndT></MirOwnOccpSelctIndT>
					<MirOwnOccpSelctIndT></MirOwnOccpSelctIndT>
					<MirOwnOccpSelctIndT></MirOwnOccpSelctIndT>
					<MirOwnOccpSelctIndT></MirOwnOccpSelctIndT>
					<MirOwnOccpSelctIndT></MirOwnOccpSelctIndT>
					<MirOwnOccpSelctIndT></MirOwnOccpSelctIndT>
					<MirOwnOccpSelctIndT></MirOwnOccpSelctIndT>
					<MirOwnOccpSelctIndT></MirOwnOccpSelctIndT>
					<MirOwnOccpSelctIndT></MirOwnOccpSelctIndT>
					<MirOwnOccpSelctIndT></MirOwnOccpSelctIndT>
					<MirOwnOccpSelctIndT></MirOwnOccpSelctIndT>
					<MirOwnOccpSelctIndT></MirOwnOccpSelctIndT>
					<MirOwnOccpSelctIndT></MirOwnOccpSelctIndT>
					<MirOwnOccpSelctIndT></MirOwnOccpSelctIndT>
					<MirOwnOccpSelctIndT></MirOwnOccpSelctIndT>
					<MirOwnOccpSelctIndT></MirOwnOccpSelctIndT>
					<MirOwnOccpSelctIndT></MirOwnOccpSelctIndT>
					<MirOwnOccpSelctIndT></MirOwnOccpSelctIndT>
					<MirOwnOccpSelctIndT></MirOwnOccpSelctIndT>
				</MirOwnOccpSelctIndG>
				<MirCvgPrevFaceAmtG>
					<MirCvgPrevFaceAmtT></MirCvgPrevFaceAmtT>
					<MirCvgPrevFaceAmtT></MirCvgPrevFaceAmtT>
					<MirCvgPrevFaceAmtT></MirCvgPrevFaceAmtT>
					<MirCvgPrevFaceAmtT></MirCvgPrevFaceAmtT>
					<MirCvgPrevFaceAmtT></MirCvgPrevFaceAmtT>
					<MirCvgPrevFaceAmtT></MirCvgPrevFaceAmtT>
					<MirCvgPrevFaceAmtT></MirCvgPrevFaceAmtT>
					<MirCvgPrevFaceAmtT></MirCvgPrevFaceAmtT>
					<MirCvgPrevFaceAmtT></MirCvgPrevFaceAmtT>
					<MirCvgPrevFaceAmtT></MirCvgPrevFaceAmtT>
					<MirCvgPrevFaceAmtT></MirCvgPrevFaceAmtT>
					<MirCvgPrevFaceAmtT></MirCvgPrevFaceAmtT>
					<MirCvgPrevFaceAmtT></MirCvgPrevFaceAmtT>
					<MirCvgPrevFaceAmtT></MirCvgPrevFaceAmtT>
					<MirCvgPrevFaceAmtT></MirCvgPrevFaceAmtT>
					<MirCvgPrevFaceAmtT></MirCvgPrevFaceAmtT>
					<MirCvgPrevFaceAmtT></MirCvgPrevFaceAmtT>
					<MirCvgPrevFaceAmtT></MirCvgPrevFaceAmtT>
					<MirCvgPrevFaceAmtT></MirCvgPrevFaceAmtT>
					<MirCvgPrevFaceAmtT></MirCvgPrevFaceAmtT>
				</MirCvgPrevFaceAmtG>
				<MirPdisabSelctIndG>
					<MirPdisabSelctIndT></MirPdisabSelctIndT>
					<MirPdisabSelctIndT></MirPdisabSelctIndT>
					<MirPdisabSelctIndT></MirPdisabSelctIndT>
					<MirPdisabSelctIndT></MirPdisabSelctIndT>
					<MirPdisabSelctIndT></MirPdisabSelctIndT>
					<MirPdisabSelctIndT></MirPdisabSelctIndT>
					<MirPdisabSelctIndT></MirPdisabSelctIndT>
					<MirPdisabSelctIndT></MirPdisabSelctIndT>
					<MirPdisabSelctIndT></MirPdisabSelctIndT>
					<MirPdisabSelctIndT></MirPdisabSelctIndT>
					<MirPdisabSelctIndT></MirPdisabSelctIndT>
					<MirPdisabSelctIndT></MirPdisabSelctIndT>
					<MirPdisabSelctIndT></MirPdisabSelctIndT>
					<MirPdisabSelctIndT></MirPdisabSelctIndT>
					<MirPdisabSelctIndT></MirPdisabSelctIndT>
					<MirPdisabSelctIndT></MirPdisabSelctIndT>
					<MirPdisabSelctIndT></MirPdisabSelctIndT>
					<MirPdisabSelctIndT></MirPdisabSelctIndT>
					<MirPdisabSelctIndT></MirPdisabSelctIndT>
					<MirPdisabSelctIndT></MirPdisabSelctIndT>
				</MirPdisabSelctIndG>
				<MirLinkPolIssIndG>
					<MirLinkPolIssIndT></MirLinkPolIssIndT>
					<MirLinkPolIssIndT></MirLinkPolIssIndT>
					<MirLinkPolIssIndT></MirLinkPolIssIndT>
					<MirLinkPolIssIndT></MirLinkPolIssIndT>
					<MirLinkPolIssIndT></MirLinkPolIssIndT>
					<MirLinkPolIssIndT></MirLinkPolIssIndT>
					<MirLinkPolIssIndT></MirLinkPolIssIndT>
					<MirLinkPolIssIndT></MirLinkPolIssIndT>
					<MirLinkPolIssIndT></MirLinkPolIssIndT>
					<MirLinkPolIssIndT></MirLinkPolIssIndT>
					<MirLinkPolIssIndT></MirLinkPolIssIndT>
					<MirLinkPolIssIndT></MirLinkPolIssIndT>
					<MirLinkPolIssIndT></MirLinkPolIssIndT>
					<MirLinkPolIssIndT></MirLinkPolIssIndT>
					<MirLinkPolIssIndT></MirLinkPolIssIndT>
					<MirLinkPolIssIndT></MirLinkPolIssIndT>
					<MirLinkPolIssIndT></MirLinkPolIssIndT>
					<MirLinkPolIssIndT></MirLinkPolIssIndT>
					<MirLinkPolIssIndT></MirLinkPolIssIndT>
					<MirLinkPolIssIndT></MirLinkPolIssIndT>
				</MirLinkPolIssIndG>
				<MirPolOptlCdG>
					<MirPolOptlCdT></MirPolOptlCdT>
					<MirPolOptlCdT></MirPolOptlCdT>
					<MirPolOptlCdT></MirPolOptlCdT>
					<MirPolOptlCdT></MirPolOptlCdT>
					<MirPolOptlCdT></MirPolOptlCdT>
					<MirPolOptlCdT></MirPolOptlCdT>
					<MirPolOptlCdT></MirPolOptlCdT>
					<MirPolOptlCdT></MirPolOptlCdT>
					<MirPolOptlCdT></MirPolOptlCdT>
					<MirPolOptlCdT></MirPolOptlCdT>
					<MirPolOptlCdT></MirPolOptlCdT>
					<MirPolOptlCdT></MirPolOptlCdT>
					<MirPolOptlCdT></MirPolOptlCdT>
					<MirPolOptlCdT></MirPolOptlCdT>
					<MirPolOptlCdT></MirPolOptlCdT>
					<MirPolOptlCdT></MirPolOptlCdT>
					<MirPolOptlCdT></MirPolOptlCdT>
					<MirPolOptlCdT></MirPolOptlCdT>
					<MirPolOptlCdT></MirPolOptlCdT>
					<MirPolOptlCdT></MirPolOptlCdT>
				</MirPolOptlCdG>
				<MirCvgRtAgeG>
					<MirCvgRtAgeT></MirCvgRtAgeT>
					<MirCvgRtAgeT></MirCvgRtAgeT>
					<MirCvgRtAgeT></MirCvgRtAgeT>
					<MirCvgRtAgeT></MirCvgRtAgeT>
					<MirCvgRtAgeT></MirCvgRtAgeT>
					<MirCvgRtAgeT></MirCvgRtAgeT>
					<MirCvgRtAgeT></MirCvgRtAgeT>
					<MirCvgRtAgeT></MirCvgRtAgeT>
					<MirCvgRtAgeT></MirCvgRtAgeT>
					<MirCvgRtAgeT></MirCvgRtAgeT>
					<MirCvgRtAgeT></MirCvgRtAgeT>
					<MirCvgRtAgeT></MirCvgRtAgeT>
					<MirCvgRtAgeT></MirCvgRtAgeT>
					<MirCvgRtAgeT></MirCvgRtAgeT>
					<MirCvgRtAgeT></MirCvgRtAgeT>
					<MirCvgRtAgeT></MirCvgRtAgeT>
					<MirCvgRtAgeT></MirCvgRtAgeT>
					<MirCvgRtAgeT></MirCvgRtAgeT>
					<MirCvgRtAgeT></MirCvgRtAgeT>
					<MirCvgRtAgeT></MirCvgRtAgeT>
				</MirCvgRtAgeG>
				<MirAgeRatReasnCdG>
					<MirAgeRatReasnCdT></MirAgeRatReasnCdT>
					<MirAgeRatReasnCdT></MirAgeRatReasnCdT>
					<MirAgeRatReasnCdT></MirAgeRatReasnCdT>
					<MirAgeRatReasnCdT></MirAgeRatReasnCdT>
					<MirAgeRatReasnCdT></MirAgeRatReasnCdT>
					<MirAgeRatReasnCdT></MirAgeRatReasnCdT>
					<MirAgeRatReasnCdT></MirAgeRatReasnCdT>
					<MirAgeRatReasnCdT></MirAgeRatReasnCdT>
					<MirAgeRatReasnCdT></MirAgeRatReasnCdT>
					<MirAgeRatReasnCdT></MirAgeRatReasnCdT>
					<MirAgeRatReasnCdT></MirAgeRatReasnCdT>
					<MirAgeRatReasnCdT></MirAgeRatReasnCdT>
					<MirAgeRatReasnCdT></MirAgeRatReasnCdT>
					<MirAgeRatReasnCdT></MirAgeRatReasnCdT>
					<MirAgeRatReasnCdT></MirAgeRatReasnCdT>
					<MirAgeRatReasnCdT></MirAgeRatReasnCdT>
					<MirAgeRatReasnCdT></MirAgeRatReasnCdT>
					<MirAgeRatReasnCdT></MirAgeRatReasnCdT>
					<MirAgeRatReasnCdT></MirAgeRatReasnCdT>
					<MirAgeRatReasnCdT></MirAgeRatReasnCdT>
				</MirAgeRatReasnCdG>
				<MirCvgMeReasnCdG>
					<MirCvgMeReasnCdT></MirCvgMeReasnCdT>
					<MirCvgMeReasnCdT></MirCvgMeReasnCdT>
					<MirCvgMeReasnCdT></MirCvgMeReasnCdT>
					<MirCvgMeReasnCdT></MirCvgMeReasnCdT>
					<MirCvgMeReasnCdT></MirCvgMeReasnCdT>
					<MirCvgMeReasnCdT></MirCvgMeReasnCdT>
					<MirCvgMeReasnCdT></MirCvgMeReasnCdT>
					<MirCvgMeReasnCdT></MirCvgMeReasnCdT>
					<MirCvgMeReasnCdT></MirCvgMeReasnCdT>
					<MirCvgMeReasnCdT></MirCvgMeReasnCdT>
					<MirCvgMeReasnCdT></MirCvgMeReasnCdT>
					<MirCvgMeReasnCdT></MirCvgMeReasnCdT>
					<MirCvgMeReasnCdT></MirCvgMeReasnCdT>
					<MirCvgMeReasnCdT></MirCvgMeReasnCdT>
					<MirCvgMeReasnCdT></MirCvgMeReasnCdT>
					<MirCvgMeReasnCdT></MirCvgMeReasnCdT>
					<MirCvgMeReasnCdT></MirCvgMeReasnCdT>
					<MirCvgMeReasnCdT></MirCvgMeReasnCdT>
					<MirCvgMeReasnCdT></MirCvgMeReasnCdT>
					<MirCvgMeReasnCdT></MirCvgMeReasnCdT>
				</MirCvgMeReasnCdG>
				<MirCvgSpndCstatCdG>
					<MirCvgSpndCstatCdT></MirCvgSpndCstatCdT>
					<MirCvgSpndCstatCdT></MirCvgSpndCstatCdT>
					<MirCvgSpndCstatCdT></MirCvgSpndCstatCdT>
					<MirCvgSpndCstatCdT></MirCvgSpndCstatCdT>
					<MirCvgSpndCstatCdT></MirCvgSpndCstatCdT>
					<MirCvgSpndCstatCdT></MirCvgSpndCstatCdT>
					<MirCvgSpndCstatCdT></MirCvgSpndCstatCdT>
					<MirCvgSpndCstatCdT></MirCvgSpndCstatCdT>
					<MirCvgSpndCstatCdT></MirCvgSpndCstatCdT>
					<MirCvgSpndCstatCdT></MirCvgSpndCstatCdT>
					<MirCvgSpndCstatCdT></MirCvgSpndCstatCdT>
					<MirCvgSpndCstatCdT></MirCvgSpndCstatCdT>
					<MirCvgSpndCstatCdT></MirCvgSpndCstatCdT>
					<MirCvgSpndCstatCdT></MirCvgSpndCstatCdT>
					<MirCvgSpndCstatCdT></MirCvgSpndCstatCdT>
					<MirCvgSpndCstatCdT></MirCvgSpndCstatCdT>
					<MirCvgSpndCstatCdT></MirCvgSpndCstatCdT>
					<MirCvgSpndCstatCdT></MirCvgSpndCstatCdT>
					<MirCvgSpndCstatCdT></MirCvgSpndCstatCdT>
					<MirCvgSpndCstatCdT></MirCvgSpndCstatCdT>
				</MirCvgSpndCstatCdG>
				<MirCvgSexCdG>
					<MirCvgSexCdT></MirCvgSexCdT>
					<MirCvgSexCdT></MirCvgSexCdT>
					<MirCvgSexCdT></MirCvgSexCdT>
					<MirCvgSexCdT></MirCvgSexCdT>
					<MirCvgSexCdT></MirCvgSexCdT>
					<MirCvgSexCdT></MirCvgSexCdT>
					<MirCvgSexCdT></MirCvgSexCdT>
					<MirCvgSexCdT></MirCvgSexCdT>
					<MirCvgSexCdT></MirCvgSexCdT>
					<MirCvgSexCdT></MirCvgSexCdT>
					<MirCvgSexCdT></MirCvgSexCdT>
					<MirCvgSexCdT></MirCvgSexCdT>
					<MirCvgSexCdT></MirCvgSexCdT>
					<MirCvgSexCdT></MirCvgSexCdT>
					<MirCvgSexCdT></MirCvgSexCdT>
					<MirCvgSexCdT></MirCvgSexCdT>
					<MirCvgSexCdT></MirCvgSexCdT>
					<MirCvgSexCdT></MirCvgSexCdT>
					<MirCvgSexCdT></MirCvgSexCdT>
					<MirCvgSexCdT></MirCvgSexCdT>
				</MirCvgSexCdG>
				<MirCvgSmkrCdG>
					<MirCvgSmkrCdT></MirCvgSmkrCdT>
					<MirCvgSmkrCdT></MirCvgSmkrCdT>
					<MirCvgSmkrCdT></MirCvgSmkrCdT>
					<MirCvgSmkrCdT></MirCvgSmkrCdT>
					<MirCvgSmkrCdT></MirCvgSmkrCdT>
					<MirCvgSmkrCdT></MirCvgSmkrCdT>
					<MirCvgSmkrCdT></MirCvgSmkrCdT>
					<MirCvgSmkrCdT></MirCvgSmkrCdT>
					<MirCvgSmkrCdT></MirCvgSmkrCdT>
					<MirCvgSmkrCdT></MirCvgSmkrCdT>
					<MirCvgSmkrCdT></MirCvgSmkrCdT>
					<MirCvgSmkrCdT></MirCvgSmkrCdT>
					<MirCvgSmkrCdT></MirCvgSmkrCdT>
					<MirCvgSmkrCdT></MirCvgSmkrCdT>
					<MirCvgSmkrCdT></MirCvgSmkrCdT>
					<MirCvgSmkrCdT></MirCvgSmkrCdT>
					<MirCvgSmkrCdT></MirCvgSmkrCdT>
					<MirCvgSmkrCdT></MirCvgSmkrCdT>
					<MirCvgSmkrCdT></MirCvgSmkrCdT>
					<MirCvgSmkrCdT></MirCvgSmkrCdT>
				</MirCvgSmkrCdG>
				<MirCvgSuppBnftCdG>
					<MirCvgSuppBnftCdT></MirCvgSuppBnftCdT>
					<MirCvgSuppBnftCdT></MirCvgSuppBnftCdT>
					<MirCvgSuppBnftCdT></MirCvgSuppBnftCdT>
					<MirCvgSuppBnftCdT></MirCvgSuppBnftCdT>
					<MirCvgSuppBnftCdT></MirCvgSuppBnftCdT>
					<MirCvgSuppBnftCdT></MirCvgSuppBnftCdT>
					<MirCvgSuppBnftCdT></MirCvgSuppBnftCdT>
					<MirCvgSuppBnftCdT></MirCvgSuppBnftCdT>
					<MirCvgSuppBnftCdT></MirCvgSuppBnftCdT>
					<MirCvgSuppBnftCdT></MirCvgSuppBnftCdT>
					<MirCvgSuppBnftCdT></MirCvgSuppBnftCdT>
					<MirCvgSuppBnftCdT></MirCvgSuppBnftCdT>
					<MirCvgSuppBnftCdT></MirCvgSuppBnftCdT>
					<MirCvgSuppBnftCdT></MirCvgSuppBnftCdT>
					<MirCvgSuppBnftCdT></MirCvgSuppBnftCdT>
					<MirCvgSuppBnftCdT></MirCvgSuppBnftCdT>
					<MirCvgSuppBnftCdT></MirCvgSuppBnftCdT>
					<MirCvgSuppBnftCdT></MirCvgSuppBnftCdT>
					<MirCvgSuppBnftCdT></MirCvgSuppBnftCdT>
					<MirCvgSuppBnftCdT></MirCvgSuppBnftCdT>
				</MirCvgSuppBnftCdG>
				<MirCvgStbl1CdG>
					<MirCvgStbl1CdT></MirCvgStbl1CdT>
					<MirCvgStbl1CdT></MirCvgStbl1CdT>
					<MirCvgStbl1CdT></MirCvgStbl1CdT>
					<MirCvgStbl1CdT></MirCvgStbl1CdT>
					<MirCvgStbl1CdT></MirCvgStbl1CdT>
					<MirCvgStbl1CdT></MirCvgStbl1CdT>
					<MirCvgStbl1CdT></MirCvgStbl1CdT>
					<MirCvgStbl1CdT></MirCvgStbl1CdT>
					<MirCvgStbl1CdT></MirCvgStbl1CdT>
					<MirCvgStbl1CdT></MirCvgStbl1CdT>
					<MirCvgStbl1CdT></MirCvgStbl1CdT>
					<MirCvgStbl1CdT></MirCvgStbl1CdT>
					<MirCvgStbl1CdT></MirCvgStbl1CdT>
					<MirCvgStbl1CdT></MirCvgStbl1CdT>
					<MirCvgStbl1CdT></MirCvgStbl1CdT>
					<MirCvgStbl1CdT></MirCvgStbl1CdT>
					<MirCvgStbl1CdT></MirCvgStbl1CdT>
					<MirCvgStbl1CdT></MirCvgStbl1CdT>
					<MirCvgStbl1CdT></MirCvgStbl1CdT>
					<MirCvgStbl1CdT></MirCvgStbl1CdT>
				</MirCvgStbl1CdG>
				<MirCvgStbl2CdG>
					<MirCvgStbl2CdT></MirCvgStbl2CdT>
					<MirCvgStbl2CdT></MirCvgStbl2CdT>
					<MirCvgStbl2CdT></MirCvgStbl2CdT>
					<MirCvgStbl2CdT></MirCvgStbl2CdT>
					<MirCvgStbl2CdT></MirCvgStbl2CdT>
					<MirCvgStbl2CdT></MirCvgStbl2CdT>
					<MirCvgStbl2CdT></MirCvgStbl2CdT>
					<MirCvgStbl2CdT></MirCvgStbl2CdT>
					<MirCvgStbl2CdT></MirCvgStbl2CdT>
					<MirCvgStbl2CdT></MirCvgStbl2CdT>
					<MirCvgStbl2CdT></MirCvgStbl2CdT>
					<MirCvgStbl2CdT></MirCvgStbl2CdT>
					<MirCvgStbl2CdT></MirCvgStbl2CdT>
					<MirCvgStbl2CdT></MirCvgStbl2CdT>
					<MirCvgStbl2CdT></MirCvgStbl2CdT>
					<MirCvgStbl2CdT></MirCvgStbl2CdT>
					<MirCvgStbl2CdT></MirCvgStbl2CdT>
					<MirCvgStbl2CdT></MirCvgStbl2CdT>
					<MirCvgStbl2CdT></MirCvgStbl2CdT>
					<MirCvgStbl2CdT></MirCvgStbl2CdT>
				</MirCvgStbl2CdG>
				<MirCvgStbl3CdG>
					<MirCvgStbl3CdT></MirCvgStbl3CdT>
					<MirCvgStbl3CdT></MirCvgStbl3CdT>
					<MirCvgStbl3CdT></MirCvgStbl3CdT>
					<MirCvgStbl3CdT></MirCvgStbl3CdT>
					<MirCvgStbl3CdT></MirCvgStbl3CdT>
					<MirCvgStbl3CdT></MirCvgStbl3CdT>
					<MirCvgStbl3CdT></MirCvgStbl3CdT>
					<MirCvgStbl3CdT></MirCvgStbl3CdT>
					<MirCvgStbl3CdT></MirCvgStbl3CdT>
					<MirCvgStbl3CdT></MirCvgStbl3CdT>
					<MirCvgStbl3CdT></MirCvgStbl3CdT>
					<MirCvgStbl3CdT></MirCvgStbl3CdT>
					<MirCvgStbl3CdT></MirCvgStbl3CdT>
					<MirCvgStbl3CdT></MirCvgStbl3CdT>
					<MirCvgStbl3CdT></MirCvgStbl3CdT>
					<MirCvgStbl3CdT></MirCvgStbl3CdT>
					<MirCvgStbl3CdT></MirCvgStbl3CdT>
					<MirCvgStbl3CdT></MirCvgStbl3CdT>
					<MirCvgStbl3CdT></MirCvgStbl3CdT>
					<MirCvgStbl3CdT></MirCvgStbl3CdT>
				</MirCvgStbl3CdG>
				<MirCvgStbl4CdG>
					<MirCvgStbl4CdT></MirCvgStbl4CdT>
					<MirCvgStbl4CdT></MirCvgStbl4CdT>
					<MirCvgStbl4CdT></MirCvgStbl4CdT>
					<MirCvgStbl4CdT></MirCvgStbl4CdT>
					<MirCvgStbl4CdT></MirCvgStbl4CdT>
					<MirCvgStbl4CdT></MirCvgStbl4CdT>
					<MirCvgStbl4CdT></MirCvgStbl4CdT>
					<MirCvgStbl4CdT></MirCvgStbl4CdT>
					<MirCvgStbl4CdT></MirCvgStbl4CdT>
					<MirCvgStbl4CdT></MirCvgStbl4CdT>
					<MirCvgStbl4CdT></MirCvgStbl4CdT>
					<MirCvgStbl4CdT></MirCvgStbl4CdT>
					<MirCvgStbl4CdT></MirCvgStbl4CdT>
					<MirCvgStbl4CdT></MirCvgStbl4CdT>
					<MirCvgStbl4CdT></MirCvgStbl4CdT>
					<MirCvgStbl4CdT></MirCvgStbl4CdT>
					<MirCvgStbl4CdT></MirCvgStbl4CdT>
					<MirCvgStbl4CdT></MirCvgStbl4CdT>
					<MirCvgStbl4CdT></MirCvgStbl4CdT>
					<MirCvgStbl4CdT></MirCvgStbl4CdT>
				</MirCvgStbl4CdG>
				<MirCvgUwgdecnCdG>
					<MirCvgUwgdecnCdT></MirCvgUwgdecnCdT>
					<MirCvgUwgdecnCdT></MirCvgUwgdecnCdT>
					<MirCvgUwgdecnCdT></MirCvgUwgdecnCdT>
					<MirCvgUwgdecnCdT></MirCvgUwgdecnCdT>
					<MirCvgUwgdecnCdT></MirCvgUwgdecnCdT>
					<MirCvgUwgdecnCdT></MirCvgUwgdecnCdT>
					<MirCvgUwgdecnCdT></MirCvgUwgdecnCdT>
					<MirCvgUwgdecnCdT></MirCvgUwgdecnCdT>
					<MirCvgUwgdecnCdT></MirCvgUwgdecnCdT>
					<MirCvgUwgdecnCdT></MirCvgUwgdecnCdT>
					<MirCvgUwgdecnCdT></MirCvgUwgdecnCdT>
					<MirCvgUwgdecnCdT></MirCvgUwgdecnCdT>
					<MirCvgUwgdecnCdT></MirCvgUwgdecnCdT>
					<MirCvgUwgdecnCdT></MirCvgUwgdecnCdT>
					<MirCvgUwgdecnCdT></MirCvgUwgdecnCdT>
					<MirCvgUwgdecnCdT></MirCvgUwgdecnCdT>
					<MirCvgUwgdecnCdT></MirCvgUwgdecnCdT>
					<MirCvgUwgdecnCdT></MirCvgUwgdecnCdT>
					<MirCvgUwgdecnCdT></MirCvgUwgdecnCdT>
					<MirCvgUwgdecnCdT></MirCvgUwgdecnCdT>
				</MirCvgUwgdecnCdG>
				<MirCvgUwgdecnSubCdG>
					<MirCvgUwgdecnSubCdT></MirCvgUwgdecnSubCdT>
					<MirCvgUwgdecnSubCdT></MirCvgUwgdecnSubCdT>
					<MirCvgUwgdecnSubCdT></MirCvgUwgdecnSubCdT>
					<MirCvgUwgdecnSubCdT></MirCvgUwgdecnSubCdT>
					<MirCvgUwgdecnSubCdT></MirCvgUwgdecnSubCdT>
					<MirCvgUwgdecnSubCdT></MirCvgUwgdecnSubCdT>
					<MirCvgUwgdecnSubCdT></MirCvgUwgdecnSubCdT>
					<MirCvgUwgdecnSubCdT></MirCvgUwgdecnSubCdT>
					<MirCvgUwgdecnSubCdT></MirCvgUwgdecnSubCdT>
					<MirCvgUwgdecnSubCdT></MirCvgUwgdecnSubCdT>
					<MirCvgUwgdecnSubCdT></MirCvgUwgdecnSubCdT>
					<MirCvgUwgdecnSubCdT></MirCvgUwgdecnSubCdT>
					<MirCvgUwgdecnSubCdT></MirCvgUwgdecnSubCdT>
					<MirCvgUwgdecnSubCdT></MirCvgUwgdecnSubCdT>
					<MirCvgUwgdecnSubCdT></MirCvgUwgdecnSubCdT>
					<MirCvgUwgdecnSubCdT></MirCvgUwgdecnSubCdT>
					<MirCvgUwgdecnSubCdT></MirCvgUwgdecnSubCdT>
					<MirCvgUwgdecnSubCdT></MirCvgUwgdecnSubCdT>
					<MirCvgUwgdecnSubCdT></MirCvgUwgdecnSubCdT>
					<MirCvgUwgdecnSubCdT></MirCvgUwgdecnSubCdT>
				</MirCvgUwgdecnSubCdG>
				<MirCvgMeFctG>
					<MirCvgMeFctT></MirCvgMeFctT>
					<MirCvgMeFctT></MirCvgMeFctT>
					<MirCvgMeFctT></MirCvgMeFctT>
					<MirCvgMeFctT></MirCvgMeFctT>
					<MirCvgMeFctT></MirCvgMeFctT>
					<MirCvgMeFctT></MirCvgMeFctT>
					<MirCvgMeFctT></MirCvgMeFctT>
					<MirCvgMeFctT></MirCvgMeFctT>
					<MirCvgMeFctT></MirCvgMeFctT>
					<MirCvgMeFctT></MirCvgMeFctT>
					<MirCvgMeFctT></MirCvgMeFctT>
					<MirCvgMeFctT></MirCvgMeFctT>
					<MirCvgMeFctT></MirCvgMeFctT>
					<MirCvgMeFctT></MirCvgMeFctT>
					<MirCvgMeFctT></MirCvgMeFctT>
					<MirCvgMeFctT></MirCvgMeFctT>
					<MirCvgMeFctT></MirCvgMeFctT>
					<MirCvgMeFctT></MirCvgMeFctT>
					<MirCvgMeFctT></MirCvgMeFctT>
					<MirCvgMeFctT></MirCvgMeFctT>
				</MirCvgMeFctG>
				<MirUwgAmtReasnCdG>
					<MirUwgAmtReasnCdT></MirUwgAmtReasnCdT>
					<MirUwgAmtReasnCdT></MirUwgAmtReasnCdT>
					<MirUwgAmtReasnCdT></MirUwgAmtReasnCdT>
					<MirUwgAmtReasnCdT></MirUwgAmtReasnCdT>
					<MirUwgAmtReasnCdT></MirUwgAmtReasnCdT>
					<MirUwgAmtReasnCdT></MirUwgAmtReasnCdT>
					<MirUwgAmtReasnCdT></MirUwgAmtReasnCdT>
					<MirUwgAmtReasnCdT></MirUwgAmtReasnCdT>
					<MirUwgAmtReasnCdT></MirUwgAmtReasnCdT>
					<MirUwgAmtReasnCdT></MirUwgAmtReasnCdT>
					<MirUwgAmtReasnCdT></MirUwgAmtReasnCdT>
					<MirUwgAmtReasnCdT></MirUwgAmtReasnCdT>
					<MirUwgAmtReasnCdT></MirUwgAmtReasnCdT>
					<MirUwgAmtReasnCdT></MirUwgAmtReasnCdT>
					<MirUwgAmtReasnCdT></MirUwgAmtReasnCdT>
					<MirUwgAmtReasnCdT></MirUwgAmtReasnCdT>
					<MirUwgAmtReasnCdT></MirUwgAmtReasnCdT>
					<MirUwgAmtReasnCdT></MirUwgAmtReasnCdT>
					<MirUwgAmtReasnCdT></MirUwgAmtReasnCdT>
					<MirUwgAmtReasnCdT></MirUwgAmtReasnCdT>
				</MirUwgAmtReasnCdG>
				<MirCvgWpMultFctG>
					<MirCvgWpMultFctT></MirCvgWpMultFctT>
					<MirCvgWpMultFctT></MirCvgWpMultFctT>
					<MirCvgWpMultFctT></MirCvgWpMultFctT>
					<MirCvgWpMultFctT></MirCvgWpMultFctT>
					<MirCvgWpMultFctT></MirCvgWpMultFctT>
					<MirCvgWpMultFctT></MirCvgWpMultFctT>
					<MirCvgWpMultFctT></MirCvgWpMultFctT>
					<MirCvgWpMultFctT></MirCvgWpMultFctT>
					<MirCvgWpMultFctT></MirCvgWpMultFctT>
					<MirCvgWpMultFctT></MirCvgWpMultFctT>
					<MirCvgWpMultFctT></MirCvgWpMultFctT>
					<MirCvgWpMultFctT></MirCvgWpMultFctT>
					<MirCvgWpMultFctT></MirCvgWpMultFctT>
					<MirCvgWpMultFctT></MirCvgWpMultFctT>
					<MirCvgWpMultFctT></MirCvgWpMultFctT>
					<MirCvgWpMultFctT></MirCvgWpMultFctT>
					<MirCvgWpMultFctT></MirCvgWpMultFctT>
					<MirCvgWpMultFctT></MirCvgWpMultFctT>
					<MirCvgWpMultFctT></MirCvgWpMultFctT>
					<MirCvgWpMultFctT></MirCvgWpMultFctT>
				</MirCvgWpMultFctG>
				<MirCvgFePermUpremAmtG>
					<MirCvgFePermUpremAmtT></MirCvgFePermUpremAmtT>
					<MirCvgFePermUpremAmtT></MirCvgFePermUpremAmtT>
					<MirCvgFePermUpremAmtT></MirCvgFePermUpremAmtT>
					<MirCvgFePermUpremAmtT></MirCvgFePermUpremAmtT>
					<MirCvgFePermUpremAmtT></MirCvgFePermUpremAmtT>
					<MirCvgFePermUpremAmtT></MirCvgFePermUpremAmtT>
					<MirCvgFePermUpremAmtT></MirCvgFePermUpremAmtT>
					<MirCvgFePermUpremAmtT></MirCvgFePermUpremAmtT>
					<MirCvgFePermUpremAmtT></MirCvgFePermUpremAmtT>
					<MirCvgFePermUpremAmtT></MirCvgFePermUpremAmtT>
					<MirCvgFePermUpremAmtT></MirCvgFePermUpremAmtT>
					<MirCvgFePermUpremAmtT></MirCvgFePermUpremAmtT>
					<MirCvgFePermUpremAmtT></MirCvgFePermUpremAmtT>
					<MirCvgFePermUpremAmtT></MirCvgFePermUpremAmtT>
					<MirCvgFePermUpremAmtT></MirCvgFePermUpremAmtT>
					<MirCvgFePermUpremAmtT></MirCvgFePermUpremAmtT>
					<MirCvgFePermUpremAmtT></MirCvgFePermUpremAmtT>
					<MirCvgFePermUpremAmtT></MirCvgFePermUpremAmtT>
					<MirCvgFePermUpremAmtT></MirCvgFePermUpremAmtT>
					<MirCvgFePermUpremAmtT></MirCvgFePermUpremAmtT>
				</MirCvgFePermUpremAmtG>
				<MirCvgMePctG>
					<MirCvgMePctT></MirCvgMePctT>
					<MirCvgMePctT></MirCvgMePctT>
					<MirCvgMePctT></MirCvgMePctT>
					<MirCvgMePctT></MirCvgMePctT>
					<MirCvgMePctT></MirCvgMePctT>
					<MirCvgMePctT></MirCvgMePctT>
					<MirCvgMePctT></MirCvgMePctT>
					<MirCvgMePctT></MirCvgMePctT>
					<MirCvgMePctT></MirCvgMePctT>
					<MirCvgMePctT></MirCvgMePctT>
					<MirCvgMePctT></MirCvgMePctT>
					<MirCvgMePctT></MirCvgMePctT>
					<MirCvgMePctT></MirCvgMePctT>
					<MirCvgMePctT></MirCvgMePctT>
					<MirCvgMePctT></MirCvgMePctT>
					<MirCvgMePctT></MirCvgMePctT>
					<MirCvgMePctT></MirCvgMePctT>
					<MirCvgMePctT></MirCvgMePctT>
					<MirCvgMePctT></MirCvgMePctT>
					<MirCvgMePctT></MirCvgMePctT>
				</MirCvgMePctG>
				<MirPayoMthdCd></MirPayoMthdCd>
				<MirDisbReqInd></MirDisbReqInd>
				<MirDisbTypCd></MirDisbTypCd>
				<MirDelivCd></MirDelivCd>
				<MirDvPrcesStateCd></MirDvPrcesStateCd>
				<MirPolPolIdG>
					<MirPolPolIdT></MirPolPolIdT>
					<MirPolPolIdT></MirPolPolIdT>
					<MirPolPolIdT></MirPolPolIdT>
					<MirPolPolIdT></MirPolPolIdT>
					<MirPolPolIdT></MirPolPolIdT>
					<MirPolPolIdT></MirPolPolIdT>
					<MirPolPolIdT></MirPolPolIdT>
					<MirPolPolIdT></MirPolPolIdT>
					<MirPolPolIdT></MirPolPolIdT>
					<MirPolPolIdT></MirPolPolIdT>
					<MirPolPolIdT></MirPolPolIdT>
					<MirPolPolIdT></MirPolPolIdT>
					<MirPolPolIdT></MirPolPolIdT>
					<MirPolPolIdT></MirPolPolIdT>
					<MirPolPolIdT></MirPolPolIdT>
					<MirPolPolIdT></MirPolPolIdT>
					<MirPolPolIdT></MirPolPolIdT>
					<MirPolPolIdT></MirPolPolIdT>
					<MirPolPolIdT></MirPolPolIdT>
					<MirPolPolIdT></MirPolPolIdT>
				</MirPolPolIdG>
				<MirPolSupresIssIndG>
					<MirPolSupresIssIndT></MirPolSupresIssIndT>
					<MirPolSupresIssIndT></MirPolSupresIssIndT>
					<MirPolSupresIssIndT></MirPolSupresIssIndT>
					<MirPolSupresIssIndT></MirPolSupresIssIndT>
					<MirPolSupresIssIndT></MirPolSupresIssIndT>
					<MirPolSupresIssIndT></MirPolSupresIssIndT>
					<MirPolSupresIssIndT></MirPolSupresIssIndT>
					<MirPolSupresIssIndT></MirPolSupresIssIndT>
					<MirPolSupresIssIndT></MirPolSupresIssIndT>
					<MirPolSupresIssIndT></MirPolSupresIssIndT>
					<MirPolSupresIssIndT></MirPolSupresIssIndT>
					<MirPolSupresIssIndT></MirPolSupresIssIndT>
					<MirPolSupresIssIndT></MirPolSupresIssIndT>
					<MirPolSupresIssIndT></MirPolSupresIssIndT>
					<MirPolSupresIssIndT></MirPolSupresIssIndT>
					<MirPolSupresIssIndT></MirPolSupresIssIndT>
					<MirPolSupresIssIndT></MirPolSupresIssIndT>
					<MirPolSupresIssIndT></MirPolSupresIssIndT>
					<MirPolSupresIssIndT></MirPolSupresIssIndT>
					<MirPolSupresIssIndT></MirPolSupresIssIndT>
				</MirPolSupresIssIndG>
			</MirCommonFields>
		</UnderwriterDecisionInquiryData>
        </OLifE>
        </TXLifeRequest>
</TXLife>
