<?xml version="1.0" encoding="UTF-8"?>
<TXLife
    xmlns="http://ACORD.org/Standards/Life/2"
    xmlns:xsd="http://www.w3.org/2001/XMLSchema"
    xmlns:xsi="http://www.w3.org/2001/XMLSchema-instance" xsi:schemaLocation="http://ACORD.org/Standards/Life/2 ../xsd/TXLife2.9.00.xsd">
    <UserAuthResponse>
        <TransResult>
            <ResultCode tc="1">Success</ResultCode>
        </TransResult>
        <SvrDate>2020-01-24</SvrDate>
        <SvrTime>09:35:17+08:00</SvrTime>
    </UserAuthResponse>
    <TXLifeResponse>
        <TransType tc="ProtectedPolicyUpdate"/>
        <TransResult>
            <ResultCode tc="1"/>
            <ResultInfo>
                <ResultInfoDesc/>
            </ResultInfo>
        </TransResult>
        <OLifE>
            <ReturnCds>
                <LsirReturnCd>00</LsirReturnCd>
                <MirRetrnCd>00</MirRetrnCd>
                <LsirMoreDataInd>0</LsirMoreDataInd>
            </ReturnCds>
            <ProtectedPolicyUpdateData>
                <MirPolIssDtTypCd>C</MirPolIssDtTypCd>
            </ProtectedPolicyUpdateData>
        </OLifE>
    </TXLifeResponse>
</TXLife>
