<?xml version="1.0" encoding="UTF-8"?>
<TXLife xmlns="http://ACORD.org/Standards/Life/2" xmlns:xsi="http://www.w3.org/2001/XMLSchema-instance" xmlns:xsd="http://www.w3.org/2001/XMLSchema" xsi:schemaLocation="http://ACORD.org/Standards/Life/2 ../xsd/TXLife2.9.00.xsd">
   <UserAuthRequest>
      <UserLoginName></UserLoginName>
      <UserPswd>
         <CryptType>NONE</CryptType>
         <Pswd></Pswd>
      </UserPswd>
   </UserAuthRequest>
   <TXLifeRequest>
      <TransRefGUID/>
      <TransType tc="OccupationTableInquiry">OccupationTableInquiry</TransType>
      <TransExeDate>2019-11-20</TransExeDate>
      <TransExeTime>14:32:53</TransExeTime>
      <OLifE>
          <OccupationTableData>
              <MirCommonFields>
                  <MirOccpId>ANALYST</MirOccpId>
                  <MirOccpPlanId>FL1P0A</MirOccpPlanId>
                  <MirAdbWpCd></MirAdbWpCd>
               </MirCommonFields>
           </OccupationTableData>
       </OLifE>
    </TXLifeRequest>
</TXLife>
