<?xml version="1.0" encoding="UTF-8"?>
<TXLife
	xmlns="http://ACORD.org/Standards/Life/2"
	xmlns:xsd="http://www.w3.org/2001/XMLSchema"
	xmlns:xsi="http://www.w3.org/2001/XMLSchema-instance" xsi:schemaLocation="http://ACORD.org/Standards/Life/2 ../xsd/TXLife2.9.00.xsd">
	<UserAuthResponse>
		<TransResult>
			<ResultCode tc="1">Success</ResultCode>
		</TransResult>
		<SvrDate>2020-01-28</SvrDate>
		<SvrTime>09:14:10+08:00</SvrTime>
	</UserAuthResponse>
	<TXLifeResponse>
		<TransType tc="ClearCaseMessages"/>
		<TransResult>
			<ResultCode tc="1"/>
			<ResultInfo>
				<ResultInfoDesc/>
			</ResultInfo>
		</TransResult>
		<OLifE>
			<ReturnCds>
				<LsirReturnCd>00</LsirReturnCd>
				<MirRetrnCd>00</MirRetrnCd>
				<LsirMoreDataInd>1</LsirMoreDataInd>
			</ReturnCds>
			<MirCliId>3005150671</MirCliId>
			<MirDvPrevUpdtDt>2019-03-07</MirDvPrevUpdtDt>
			<MirMissInfoIndG>
				<MirMissInfoIndT>N</MirMissInfoIndT>
				<MirMissInfoIndT>N</MirMissInfoIndT>
				<MirMissInfoIndT>N</MirMissInfoIndT>
				<MirMissInfoIndT>N</MirMissInfoIndT>
				<MirMissInfoIndT>N</MirMissInfoIndT>
				<MirMissInfoIndT>N</MirMissInfoIndT>
				<MirMissInfoIndT>N</MirMissInfoIndT>
				<MirMissInfoIndT>N</MirMissInfoIndT>
				<MirMissInfoIndT>N</MirMissInfoIndT>
				<MirMissInfoIndT>N</MirMissInfoIndT>
				<MirMissInfoIndT>N</MirMissInfoIndT>
				<MirMissInfoIndT>N</MirMissInfoIndT>
				<MirMissInfoIndT>N</MirMissInfoIndT>
				<MirMissInfoIndT>N</MirMissInfoIndT>
				<MirMissInfoIndT>N</MirMissInfoIndT>
				<MirMissInfoIndT>N</MirMissInfoIndT>
				<MirMissInfoIndT>N</MirMissInfoIndT>
				<MirMissInfoIndT>N</MirMissInfoIndT>
				<MirMissInfoIndT>N</MirMissInfoIndT>
				<MirMissInfoIndT>N</MirMissInfoIndT>
				<MirMissInfoIndT>N</MirMissInfoIndT>
				<MirMissInfoIndT>N</MirMissInfoIndT>
				<MirMissInfoIndT>N</MirMissInfoIndT>
				<MirMissInfoIndT>N</MirMissInfoIndT>
			</MirMissInfoIndG>
			<MirCcasMsgRespTxtG/>
			<MirCcasMsgSeqNumG>
				<MirCcasMsgSeqNumT>001</MirCcasMsgSeqNumT>
				<MirCcasMsgSeqNumT>002</MirCcasMsgSeqNumT>
				<MirCcasMsgSeqNumT>003</MirCcasMsgSeqNumT>
				<MirCcasMsgSeqNumT>004</MirCcasMsgSeqNumT>
				<MirCcasMsgSeqNumT>005</MirCcasMsgSeqNumT>
				<MirCcasMsgSeqNumT>006</MirCcasMsgSeqNumT>
				<MirCcasMsgSeqNumT>007</MirCcasMsgSeqNumT>
				<MirCcasMsgSeqNumT>008</MirCcasMsgSeqNumT>
				<MirCcasMsgSeqNumT>009</MirCcasMsgSeqNumT>
				<MirCcasMsgSeqNumT>010</MirCcasMsgSeqNumT>
				<MirCcasMsgSeqNumT>011</MirCcasMsgSeqNumT>
				<MirCcasMsgSeqNumT>012</MirCcasMsgSeqNumT>
				<MirCcasMsgSeqNumT>013</MirCcasMsgSeqNumT>
				<MirCcasMsgSeqNumT>014</MirCcasMsgSeqNumT>
				<MirCcasMsgSeqNumT>015</MirCcasMsgSeqNumT>
				<MirCcasMsgSeqNumT>016</MirCcasMsgSeqNumT>
				<MirCcasMsgSeqNumT>017</MirCcasMsgSeqNumT>
				<MirCcasMsgSeqNumT>018</MirCcasMsgSeqNumT>
				<MirCcasMsgSeqNumT>019</MirCcasMsgSeqNumT>
				<MirCcasMsgSeqNumT>020</MirCcasMsgSeqNumT>
				<MirCcasMsgSeqNumT>021</MirCcasMsgSeqNumT>
				<MirCcasMsgSeqNumT>022</MirCcasMsgSeqNumT>
				<MirCcasMsgSeqNumT>023</MirCcasMsgSeqNumT>
				<MirCcasMsgSeqNumT>024</MirCcasMsgSeqNumT>
				<MirCcasMsgSeqNumT>025</MirCcasMsgSeqNumT>
				<MirCcasMsgSeqNumT>026</MirCcasMsgSeqNumT>
				<MirCcasMsgSeqNumT>027</MirCcasMsgSeqNumT>
				<MirCcasMsgSeqNumT>028</MirCcasMsgSeqNumT>
				<MirCcasMsgSeqNumT>029</MirCcasMsgSeqNumT>
				<MirCcasMsgSeqNumT>030</MirCcasMsgSeqNumT>
				<MirCcasMsgSeqNumT>031</MirCcasMsgSeqNumT>
				<MirCcasMsgSeqNumT>032</MirCcasMsgSeqNumT>
				<MirCcasMsgSeqNumT>033</MirCcasMsgSeqNumT>
				<MirCcasMsgSeqNumT>034</MirCcasMsgSeqNumT>
				<MirCcasMsgSeqNumT>035</MirCcasMsgSeqNumT>
				<MirCcasMsgSeqNumT>036</MirCcasMsgSeqNumT>
				<MirCcasMsgSeqNumT>037</MirCcasMsgSeqNumT>
				<MirCcasMsgSeqNumT>038</MirCcasMsgSeqNumT>
				<MirCcasMsgSeqNumT>039</MirCcasMsgSeqNumT>
				<MirCcasMsgSeqNumT>040</MirCcasMsgSeqNumT>
				<MirCcasMsgSeqNumT>041</MirCcasMsgSeqNumT>
				<MirCcasMsgSeqNumT>042</MirCcasMsgSeqNumT>
				<MirCcasMsgSeqNumT>043</MirCcasMsgSeqNumT>
				<MirCcasMsgSeqNumT>044</MirCcasMsgSeqNumT>
				<MirCcasMsgSeqNumT>045</MirCcasMsgSeqNumT>
				<MirCcasMsgSeqNumT>046</MirCcasMsgSeqNumT>
				<MirCcasMsgSeqNumT>047</MirCcasMsgSeqNumT>
				<MirCcasMsgSeqNumT>048</MirCcasMsgSeqNumT>
				<MirCcasMsgSeqNumT>049</MirCcasMsgSeqNumT>
				<MirCcasMsgSeqNumT>050</MirCcasMsgSeqNumT>
			</MirCcasMsgSeqNumG>
			<MirMsgTxtG>
				<MirMsgTxtT>POLICY FAILED LUMP SUM CI BENEFIT CATEGORY TEST</MirMsgTxtT>
				<MirMsgTxtT>SIMULTANEOUS APPLICATION OF THIS MEDICAL CASE IDENTIFIED</MirMsgTxtT>
				<MirMsgTxtT>SIMULTANEOUS APPLICATION OF THIS MEDICAL CASE IDENTIFIED</MirMsgTxtT>
				<MirMsgTxtT>SIMULTANEOUS APPLICATION OF THIS MEDICAL CASE IDENTIFIED</MirMsgTxtT>
				<MirMsgTxtT>SIMULTANEOUS APPLICATION OF THIS MEDICAL CASE IDENTIFIED</MirMsgTxtT>
				<MirMsgTxtT>SIMULTANEOUS APPLICATION OF THIS MEDICAL CASE IDENTIFIED</MirMsgTxtT>
				<MirMsgTxtT>SIMULTANEOUS APPLICATION OF THIS MEDICAL CASE IDENTIFIED</MirMsgTxtT>
				<MirMsgTxtT>SIMULTANEOUS APPLICATION OF THIS MEDICAL CASE IDENTIFIED</MirMsgTxtT>
				<MirMsgTxtT>SIMULTANEOUS APPLICATION OF THIS MEDICAL CASE IDENTIFIED</MirMsgTxtT>
				<MirMsgTxtT>SIMULTANEOUS APPLICATION OF THIS MEDICAL CASE IDENTIFIED</MirMsgTxtT>
				<MirMsgTxtT>SIMULTANEOUS APPLICATION OF THIS MEDICAL CASE IDENTIFIED</MirMsgTxtT>
				<MirMsgTxtT>SIMULTANEOUS APPLICATION OF THIS MEDICAL CASE IDENTIFIED</MirMsgTxtT>
				<MirMsgTxtT>SIMULTANEOUS APPLICATION OF THIS MEDICAL CASE IDENTIFIED</MirMsgTxtT>
				<MirMsgTxtT>SIMULTANEOUS APPLICATION OF THIS MEDICAL CASE IDENTIFIED</MirMsgTxtT>
				<MirMsgTxtT>SIMULTANEOUS APPLICATION OF THIS MEDICAL CASE IDENTIFIED</MirMsgTxtT>
				<MirMsgTxtT>SIMULTANEOUS APPLICATION OF THIS MEDICAL CASE IDENTIFIED</MirMsgTxtT>
				<MirMsgTxtT>SIMULTANEOUS APPLICATION OF THIS MEDICAL CASE IDENTIFIED</MirMsgTxtT>
				<MirMsgTxtT>SIMULTANEOUS APPLICATION OF THIS MEDICAL CASE IDENTIFIED</MirMsgTxtT>
				<MirMsgTxtT>EVIDENCE EVALUATION TYPE IS MEDICAL</MirMsgTxtT>
				<MirMsgTxtT>BUILD OUTSIDE THE TABLE RANGE FOR THE APPLICANT</MirMsgTxtT>
				<MirMsgTxtT>AUTO APPRAISAL ISSUE LIMIT EXCEEDED.</MirMsgTxtT>
				<MirMsgTxtT>URINALYSIS REQUIRED (CI)</MirMsgTxtT>
				<MirMsgTxtT>COTININE REQUIRED VIEW ROUTINE (CI)</MirMsgTxtT>
				<MirMsgTxtT>SL12 REQUIRED (CI)</MirMsgTxtT>
				<MirMsgTxtT>CASE IS NON-SPEEDY</MirMsgTxtT>
				<MirMsgTxtT>PREMIUM SOURCE OMITTED</MirMsgTxtT>
				<MirMsgTxtT>NO CONTACT RECORD</MirMsgTxtT>
				<MirMsgTxtT>OMITTED ANSWERS TO FATCA QUESTIONS</MirMsgTxtT>
				<MirMsgTxtT>FAILED ID - NO ID SUBMITTED</MirMsgTxtT>
				<MirMsgTxtT>NO APPV RECORD FOUND</MirMsgTxtT>
				<MirMsgTxtT>QUESTION OMITTED - PLACE OF SIGNING</MirMsgTxtT>
				<MirMsgTxtT>FAILED TEST - PURP OF INS / BENEF REL</MirMsgTxtT>
				<MirMsgTxtT>PRIMARY BENEFICIARY INFO OMITTED</MirMsgTxtT>
				<MirMsgTxtT>CURRENT PENDING APPLICATIONS IDENTIFIED</MirMsgTxtT>
				<MirMsgTxtT>CURRENT PENDING APPLICATIONS IDENTIFIED</MirMsgTxtT>
				<MirMsgTxtT>CURRENT PENDING APPLICATIONS IDENTIFIED</MirMsgTxtT>
				<MirMsgTxtT>CURRENT PENDING APPLICATIONS IDENTIFIED</MirMsgTxtT>
				<MirMsgTxtT>CURRENT PENDING APPLICATIONS IDENTIFIED</MirMsgTxtT>
				<MirMsgTxtT>CURRENT PENDING APPLICATIONS IDENTIFIED</MirMsgTxtT>
				<MirMsgTxtT>CURRENT PENDING APPLICATIONS IDENTIFIED</MirMsgTxtT>
				<MirMsgTxtT>CURRENT PENDING APPLICATIONS IDENTIFIED</MirMsgTxtT>
				<MirMsgTxtT>CURRENT PENDING APPLICATIONS IDENTIFIED</MirMsgTxtT>
				<MirMsgTxtT>CURRENT PENDING APPLICATIONS IDENTIFIED</MirMsgTxtT>
				<MirMsgTxtT>CURRENT PENDING APPLICATIONS IDENTIFIED</MirMsgTxtT>
				<MirMsgTxtT>CURRENT PENDING APPLICATIONS IDENTIFIED</MirMsgTxtT>
				<MirMsgTxtT>CURRENT PENDING APPLICATIONS IDENTIFIED</MirMsgTxtT>
				<MirMsgTxtT>CURRENT PENDING APPLICATIONS IDENTIFIED</MirMsgTxtT>
				<MirMsgTxtT>CURRENT PENDING APPLICATIONS IDENTIFIED</MirMsgTxtT>
				<MirMsgTxtT>CURRENT PENDING APPLICATIONS IDENTIFIED</MirMsgTxtT>
				<MirMsgTxtT>CURRENT PENDING APPLICATIONS IDENTIFIED</MirMsgTxtT>
			</MirMsgTxtG>
			<MirInsrdCliIdG>
				<MirInsrdCliIdT>3005150672</MirInsrdCliIdT>
				<MirInsrdCliIdT>3005150672</MirInsrdCliIdT>
				<MirInsrdCliIdT>3005150672</MirInsrdCliIdT>
				<MirInsrdCliIdT>3005150672</MirInsrdCliIdT>
				<MirInsrdCliIdT>3005150672</MirInsrdCliIdT>
				<MirInsrdCliIdT>3005150672</MirInsrdCliIdT>
				<MirInsrdCliIdT>3005150672</MirInsrdCliIdT>
				<MirInsrdCliIdT>3005150672</MirInsrdCliIdT>
				<MirInsrdCliIdT>3005150672</MirInsrdCliIdT>
				<MirInsrdCliIdT>3005150672</MirInsrdCliIdT>
				<MirInsrdCliIdT>3005150672</MirInsrdCliIdT>
				<MirInsrdCliIdT>3005150672</MirInsrdCliIdT>
				<MirInsrdCliIdT>3005150672</MirInsrdCliIdT>
				<MirInsrdCliIdT>3005150672</MirInsrdCliIdT>
				<MirInsrdCliIdT>3005150671</MirInsrdCliIdT>
				<MirInsrdCliIdT>3005150671</MirInsrdCliIdT>
				<MirInsrdCliIdT>3005150671</MirInsrdCliIdT>
				<MirInsrdCliIdT>3005150671</MirInsrdCliIdT>
				<MirInsrdCliIdT>*</MirInsrdCliIdT>
				<MirInsrdCliIdT>3005150671</MirInsrdCliIdT>
				<MirInsrdCliIdT>*</MirInsrdCliIdT>
				<MirInsrdCliIdT>3005150672</MirInsrdCliIdT>
				<MirInsrdCliIdT>3005150672</MirInsrdCliIdT>
				<MirInsrdCliIdT>3005150672</MirInsrdCliIdT>
				<MirInsrdCliIdT>3005150672</MirInsrdCliIdT>
				<MirInsrdCliIdT>*</MirInsrdCliIdT>
				<MirInsrdCliIdT>*</MirInsrdCliIdT>
				<MirInsrdCliIdT>*</MirInsrdCliIdT>
				<MirInsrdCliIdT>*</MirInsrdCliIdT>
				<MirInsrdCliIdT>3005150672</MirInsrdCliIdT>
				<MirInsrdCliIdT>*</MirInsrdCliIdT>
				<MirInsrdCliIdT>*</MirInsrdCliIdT>
				<MirInsrdCliIdT>*</MirInsrdCliIdT>
				<MirInsrdCliIdT>3005150672</MirInsrdCliIdT>
				<MirInsrdCliIdT>3005150672</MirInsrdCliIdT>
				<MirInsrdCliIdT>3005150672</MirInsrdCliIdT>
				<MirInsrdCliIdT>3005150672</MirInsrdCliIdT>
				<MirInsrdCliIdT>3005150672</MirInsrdCliIdT>
				<MirInsrdCliIdT>3005150672</MirInsrdCliIdT>
				<MirInsrdCliIdT>3005150672</MirInsrdCliIdT>
				<MirInsrdCliIdT>3005150672</MirInsrdCliIdT>
				<MirInsrdCliIdT>3005150672</MirInsrdCliIdT>
				<MirInsrdCliIdT>3005150672</MirInsrdCliIdT>
				<MirInsrdCliIdT>3005150672</MirInsrdCliIdT>
				<MirInsrdCliIdT>3005150672</MirInsrdCliIdT>
				<MirInsrdCliIdT>3005150672</MirInsrdCliIdT>
				<MirInsrdCliIdT>3005150671</MirInsrdCliIdT>
				<MirInsrdCliIdT>3005150671</MirInsrdCliIdT>
				<MirInsrdCliIdT>3005150671</MirInsrdCliIdT>
				<MirInsrdCliIdT>3005150671</MirInsrdCliIdT>
			</MirInsrdCliIdG>
			<MirRelCvgNumG/>
			<MirCcasMsgSeqNum>051</MirCcasMsgSeqNum>
			<MirCliIndvSurNm>OWNER</MirCliIndvSurNm>
			<MirPolId>
				<MirPolIdBase>050207723</MirPolIdBase>
				<MirPolIdSfx>9</MirPolIdSfx>
			</MirPolId>
			<MirReqirIdG>
				<MirReqirIdT>FNRPQ</MirReqirIdT>
				<MirReqirIdT>AGCIA</MirReqirIdT>
			</MirReqirIdG>
			<MirCpreqStatCdG>
				<MirCpreqStatCdT>NTO</MirCpreqStatCdT>
				<MirCpreqStatCdT>NTO</MirCpreqStatCdT>
			</MirCpreqStatCdG>
			<MirUserMsgTxtG>
				<MirUserMsgTxtT>** TO VIEW MORE DATA - SELECT MORE**</MirUserMsgTxtT>
			</MirUserMsgTxtG>
			<MirUserMsgSevrtyG>
				<MirUserMsgSevrtyT>1</MirUserMsgSevrtyT>
			</MirUserMsgSevrtyG>
		</OLifE>
	</TXLifeResponse>
</TXLife>
